run_id,captured_date,name,website,youtube_count,youtube_raw,youtube_precision,youtube_status,youtube_source,x_count,x_raw,x_precision,x_status,x_source,linkedin_count,linkedin_raw,linkedin_precision,linkedin_status,linkedin_source,instagram_count,instagram_raw,instagram_precision,instagram_status,instagram_source,facebook_count,facebook_raw,facebook_precision,facebook_status,facebook_source,last_captured_at
2026-09-16_09-00-36-892,2026-09-16,ACET (African Center for Economic Transformation),https://acetforafrica.org,,,,,,18912,18912,exact_public,collected,https://x.com/acetforafrica,,,,,,,,,,,,,,,,2026-09-16T09:00:36.899Z
2026-09-16_09-25-17-709,2026-09-16,ACET (African Center for Economic Transformation),https://acetforafrica.org,615,615,exact_public,collected,https://www.youtube.com/user/acetforafrica,18912,18912,exact_public,collected,https://x.com/acetforafrica,31731,"31,731",exact_public,collected,https://www.linkedin.com/company/acetforafrica,1789,1789,exact_public,collected,https://www.instagram.com/acetforafrica,29801,"29,801",exact_public,collected,https://www.facebook.com/acetforafrica,2026-09-16T09:26:03.757Z
2026-09-16_11-23-18-360,2026-09-16,ACET (African Center for Economic Transformation),https://acetforafrica.org,,,,,,18912,18912,exact_public,collected,https://x.com/acetforafrica,,,,,,,,,,,,,,,,2026-09-16T11:23:18.366Z
2026-09-16_09-00-36-892,2026-09-16,Al Jazeera Centre for Studies,https://studies.aljazeera.net/en,,,,,,207359,207359,exact_public,collected,https://x.com/AJStudies,,,,,,,,,,,,,,,,2026-09-16T09:00:41.190Z
2026-09-16_09-25-17-709,2026-09-16,Al Jazeera Centre for Studies,https://studies.aljazeera.net/en,44300,44.3K,rounded_public,collected,https://www.youtube.com/user/aljazeerasc,207359,207359,exact_public,collected,https://x.com/AJStudies,,,,,,36666,36666,exact_public,collected,https://www.instagram.com/ajstudies,172971,"172,971",exact_public,collected,https://www.facebook.com/ajstudies,2026-09-16T09:26:48.151Z
2026-09-16_11-23-18-360,2026-09-16,Al Jazeera Centre for Studies,https://studies.aljazeera.net/en,,,,,,207360,207360,exact_public,collected,https://x.com/AJStudies,,,,,,,,,,,,,,,,2026-09-16T11:23:22.784Z
2026-09-16_09-25-17-709,2026-09-16,Al Jazeera Media Network,https://network.aljazeera.net/,,,,,,,,,,,297990,"297,990",exact_public,collected,https://www.linkedin.com/company/aljazeera,,,,,,,,,,,2026-09-16T09:26:34.099Z
2026-09-16_09-25-17-709,2026-09-16,American Enterprise Institute,https://www.aei.org,223000,223K,rounded_public,collected,https://www.youtube.com/channel/UCt8lRYpzb-sSrKFb4DT2ECw,,,,,,56255,"56,255",exact_public,collected,https://www.linkedin.com/company/american-enterprise-institute,,,,,,,,,,,2026-09-16T09:27:12.041Z
2026-09-16_09-00-36-892,2026-09-16,ASPI (Australian Strategic Policy Institute),https://www.aspi.org.au,,,,,,56515,56515,exact_public,collected,https://x.com/ASPI_org,,,,,,,,,,,,,,,,2026-09-16T09:00:42.951Z
2026-09-16_09-25-17-709,2026-09-16,ASPI (Australian Strategic Policy Institute),https://www.aspi.org.au,9150,9.15K,rounded_public,collected,https://www.youtube.com/user/ASPICanberra,56515,56515,exact_public,collected,https://x.com/ASPI_org,64222,"64,222",exact_public,collected,https://www.linkedin.com/company/australian-strategic-policy-institute,1080,1080,exact_public,collected,https://www.instagram.com/aspi_org,28223,"28,223",exact_public,collected,https://www.facebook.com/ASPI.org,2026-09-16T09:27:43.667Z
2026-09-16_11-23-18-360,2026-09-16,ASPI (Australian Strategic Policy Institute),https://www.aspi.org.au,,,,,,56519,56519,exact_public,collected,https://x.com/ASPI_org,,,,,,,,,,,,,,,,2026-09-16T11:23:24.758Z
2026-09-16_09-00-36-892,2026-09-16,Association for Democratic Reforms,https://adrindia.org,,,,,,27269,27269,exact_public,collected,https://x.com/adrspeaks,,,,,,,,,,,,,,,,2026-09-16T09:00:45.366Z
2026-09-16_09-25-17-709,2026-09-16,Association for Democratic Reforms,https://adrindia.org,9100,9.1K,rounded_public,collected,https://www.youtube.com/user/adrspeaks,27269,27269,exact_public,collected,https://x.com/adrspeaks,3777,"3,777",exact_public,collected,https://www.linkedin.com/company/association-for-democratic-reforms,2691,2691,exact_public,collected,https://www.instagram.com/adrspeaks,64703,"64,703",exact_public,collected,https://www.facebook.com/adr.new,2026-09-16T09:28:24.672Z
2026-09-16_11-23-18-360,2026-09-16,Association for Democratic Reforms,https://adrindia.org,,,,,,27270,27270,exact_public,collected,https://x.com/adrspeaks,,,,,,,,,,,,,,,,2026-09-16T11:23:26.965Z
2026-09-16_09-00-36-892,2026-09-16,Atlantic Council,https://www.atlanticcouncil.org,,,,,,225457,225457,exact_public,collected,https://x.com/atlanticcouncil,,,,,,,,,,,,,,,,2026-09-16T09:00:47.544Z
2026-09-16_09-25-17-709,2026-09-16,Atlantic Council,https://www.atlanticcouncil.org,126000,126K,rounded_public,collected,https://www.youtube.com/atlanticcouncil,225459,225459,exact_public,collected,https://x.com/atlanticcouncil,179962,"179,962",exact_public,collected,https://www.linkedin.com/company/atlantic-council,47701,47701,exact_public,collected,https://www.instagram.com/atlanticcouncil,66156,"66,156",exact_public,collected,https://www.facebook.com/AtlanticCouncil/,2026-09-16T09:29:05.517Z
2026-09-16_11-23-18-360,2026-09-16,Atlantic Council,https://www.atlanticcouncil.org,,,,,,225459,225459,exact_public,collected,https://x.com/atlanticcouncil,,,,,,,,,,,,,,,,2026-09-16T11:23:29.073Z
2026-09-16_09-00-36-892,2026-09-16,Atlantic Council Africa Center,https://www.atlanticcouncil.org/programs/africa-center/,,,,,,10734,10734,exact_public,collected,https://x.com/acafricacenter,,,,,,,,,,,,,,,,2026-09-16T09:00:38.998Z
2026-09-16_09-25-17-709,2026-09-16,Atlantic Council Africa Center,https://www.atlanticcouncil.org/programs/africa-center/,,,,,,10734,10734,exact_public,collected,https://x.com/acafricacenter,2672,"2,672",exact_public,collected,https://www.linkedin.com/showcase/atlantic-council-africa-center,,,,,,,,,,,2026-09-16T09:26:18.933Z
2026-09-16_11-23-18-360,2026-09-16,Atlantic Council Africa Center,https://www.atlanticcouncil.org/programs/africa-center/,,,,,,10734,10734,exact_public,collected,https://x.com/acafricacenter,,,,,,,,,,,,,,,,2026-09-16T11:23:20.592Z
2026-09-16_09-25-17-709,2026-09-16,Belfer Center,https://www.belfercenter.org,37100,37.1K,rounded_public,collected,https://www.youtube.com/user/BelferCenter,,,,,,37931,"37,931",exact_public,collected,https://www.linkedin.com/company/belfercenter,6770,6770,exact_public,collected,https://www.instagram.com/belfercenter,,,,count_not_found,https://www.facebook.com/belfercenter,2026-09-16T09:29:43.360Z
2026-09-16_09-00-36-892,2026-09-16,Bipartisan Policy Center,https://bipartisanpolicy.org,,,,,,34377,34377,exact_public,collected,https://x.com/BPC_Bipartisan,,,,,,,,,,,,,,,,2026-09-16T09:00:49.583Z
2026-09-16_09-25-17-709,2026-09-16,Bipartisan Policy Center,https://bipartisanpolicy.org,5810,5.81K,rounded_public,collected,https://www.youtube.com/channel/UCr1L-KDu5MZMPpmV-gr48fQ,34377,34377,exact_public,collected,https://x.com/BPC_Bipartisan,31130,"31,130",exact_public,collected,https://www.linkedin.com/company/bipartisan-policy-center,5670,5670,exact_public,collected,https://www.instagram.com/bpc_bipartisan,17816,"17,816",exact_public,collected,https://www.facebook.com/BipartisanPolicyCenter,2026-09-16T09:30:23.466Z
2026-09-16_11-23-18-360,2026-09-16,Bipartisan Policy Center,https://bipartisanpolicy.org,,,,,,34377,34377,exact_public,collected,https://x.com/BPC_Bipartisan,,,,,,,,,,,,,,,,2026-09-16T11:23:31.166Z
2026-09-16_09-00-36-892,2026-09-16,Brookings,https://www.brookings.edu,,,,,,449418,449418,exact_public,collected,https://x.com/BrookingsInst,,,,,,,,,,,,,,,,2026-09-16T09:00:51.854Z
2026-09-16_09-25-17-709,2026-09-16,Brookings,https://www.brookings.edu,172000,172K,rounded_public,collected,https://www.youtube.com/user/BrookingsInstitution,449420,449420,exact_public,collected,https://x.com/BrookingsInst,282348,"282,348",exact_public,collected,https://www.linkedin.com/company/the-brookings-institution,78417,78417,exact_public,collected,https://www.instagram.com/brookingsinst,404823,"404,823",exact_public,collected,https://www.facebook.com/brookings,2026-09-16T09:31:04.983Z
2026-09-16_11-23-18-360,2026-09-16,Brookings,https://www.brookings.edu,,,,,,449385,449385,exact_public,collected,https://x.com/BrookingsInst,,,,,,,,,,,,,,,,2026-09-16T11:23:33.337Z
2026-09-16_09-25-17-709,2026-09-16,Bruegel,https://www.bruegel.org,5880,5.88K,rounded_public,collected,https://www.youtube.com/user/BruegelTV,,,,,,49663,"49,663",exact_public,collected,https://www.linkedin.com/company/bruegel,2313,2313,exact_public,collected,https://www.instagram.com/bruegel_thinktank,,,,,,2026-09-16T09:31:30.605Z
2026-09-16_09-00-36-892,2026-09-16,Carnegie Endowment for International Peace,https://carnegieendowment.org,,,,,,263988,263988,exact_public,collected,https://x.com/CarnegieEndow,,,,,,,,,,,,,,,,2026-09-16T09:00:54.013Z
2026-09-16_09-25-17-709,2026-09-16,Carnegie Endowment for International Peace,https://carnegieendowment.org,85900,85.9K,rounded_public,collected,https://www.youtube.com/CarnegieEndowment,263988,263988,exact_public,collected,https://x.com/CarnegieEndow,105725,"105,725",exact_public,collected,https://www.linkedin.com/company/carnegieendowment,32780,32780,exact_public,collected,https://www.instagram.com/carnegieendow,224953,"224,953",exact_public,collected,https://www.facebook.com/carnegieendowment,2026-09-16T09:32:10.234Z
2026-09-16_11-23-18-360,2026-09-16,Carnegie Endowment for International Peace,https://carnegieendowment.org,,,,,,263990,263990,exact_public,collected,https://x.com/CarnegieEndow,,,,,,,,,,,,,,,,2026-09-16T11:23:35.330Z
2026-09-16_09-25-17-709,2026-09-16,Cato Institute,https://www.cato.org,107000,107K,rounded_public,collected,https://www.youtube.com/channel/UCyl7zwI6giPG6zC3uC8GGVg,,,,,,68282,"68,282",exact_public,collected,https://www.linkedin.com/company/cato-institute,,,,,,,,,,,2026-09-16T09:32:33.927Z
2026-09-16_09-00-36-892,2026-09-16,Center for a New American Security,https://www.cnas.org,,,,,,64441,64441,exact_public,collected,https://x.com/cnasdc,,,,,,,,,,,,,,,,2026-09-16T09:00:56.002Z
2026-09-16_09-25-17-709,2026-09-16,Center for a New American Security,https://www.cnas.org,12300,12.3K,rounded_public,collected,https://www.youtube.com/user/CNASdc,64441,64441,exact_public,collected,https://x.com/cnasdc,34979,"34,979",exact_public,collected,https://www.linkedin.com/company/center-for-a-new-american-security,2189,2189,exact_public,collected,https://www.instagram.com/cnasdc,14352,"14,352",exact_public,collected,https://www.facebook.com/CNASdc,2026-09-16T09:33:29.529Z
2026-09-16_11-23-18-360,2026-09-16,Center for a New American Security,https://www.cnas.org,,,,,,64442,64442,exact_public,collected,https://x.com/cnasdc,,,,,,,,,,,,,,,,2026-09-16T11:23:37.163Z
2026-09-16_09-00-36-892,2026-09-16,Centre for Air Power Studies,https://capsindia.org,,,,,,9187,9187,exact_public,collected,https://x.com/caps_india,,,,,,,,,,,,,,,,2026-09-16T09:00:58.838Z
2026-09-16_09-25-17-709,2026-09-16,Centre for Air Power Studies,https://capsindia.org,,,,,,9187,9187,exact_public,collected,https://x.com/caps_india,,,,count_not_found,https://www.linkedin.com/authwall?trk=gf&trkInfo=AQEXHgzpwlOU5AAAAaCpkLRgIUs0vE005RXe3A083ofLL_GXpeB9oZ3lozhEn03mWocmgb2w1gmw3FbzihcRmw_4i9c-khxokrPcKxE2IQTy0aLphu6ddgN5vWzUoo8GTjLyPXI=&original_referer=&sessionRedirect=https%3A%2F%2Fwww.linkedin.com%2Fin%2Fcentre-for-air-power-studies-caps-4216ab82,,,,,,,,,,,2026-09-16T09:33:44.092Z
2026-09-16_11-23-18-360,2026-09-16,Centre for Air Power Studies,https://capsindia.org,,,,,,9187,9187,exact_public,collected,https://x.com/caps_india,,,,,,,,,,,,,,,,2026-09-16T11:23:39.183Z
2026-09-16_09-00-36-892,2026-09-16,Centre for Budget and Governance Accountability,https://www.cbgaindia.org,,,,,,1735,1735,exact_public,collected,https://x.com/CBGAIndia,,,,,,,,,,,,,,,,2026-09-16T09:01:00.741Z
2026-09-16_09-25-17-709,2026-09-16,Centre for Budget and Governance Accountability,https://www.cbgaindia.org,369,369,exact_public,collected,https://www.youtube.com/channel/UCIve0XhNPeY5on7UPjQeRtg,1735,1735,exact_public,collected,https://x.com/CBGAIndia,3071,"3,071",exact_public,collected,https://www.linkedin.com/company/cbgaindia,,,,,,2035,"2,035",exact_public,collected,https://www.facebook.com/CBGAIndia,2026-09-16T09:34:06.733Z
2026-09-16_11-23-18-360,2026-09-16,Centre for Budget and Governance Accountability,https://www.cbgaindia.org,,,,,,1735,1735,exact_public,collected,https://x.com/CBGAIndia,,,,,,,,,,,,,,,,2026-09-16T11:23:41.263Z
2026-09-16_09-00-36-892,2026-09-16,Centre for Budget and Policy Studies,https://cbps.in,,,,,,533,533,exact_public,collected,https://x.com/CbpsBlr,,,,,,,,,,,,,,,,2026-09-16T09:01:03.040Z
2026-09-16_09-25-17-709,2026-09-16,Centre for Budget and Policy Studies,https://cbps.in,240,240,exact_public,collected,https://www.youtube.com/user/CBPSMedia,533,533,exact_public,collected,https://x.com/CbpsBlr,7834,"7,834",exact_public,collected,https://www.linkedin.com/company/cbpsblr,392,392,exact_public,collected,https://www.instagram.com/cbpsblr,2724,"2,724",exact_public,collected,https://www.facebook.com/cbpsblr,2026-09-16T09:34:46.891Z
2026-09-16_11-23-18-360,2026-09-16,Centre for Budget and Policy Studies,https://cbps.in,,,,,,534,534,exact_public,collected,https://x.com/CbpsBlr,,,,,,,,,,,,,,,,2026-09-16T11:23:43.328Z
2026-09-16_09-00-36-892,2026-09-16,Centre for Civil Society,https://ccs.in,,,,,,10205,10205,exact_public,collected,https://x.com/ccsindia,,,,,,,,,,,,,,,,2026-09-16T09:01:04.967Z
2026-09-16_09-25-17-709,2026-09-16,Centre for Civil Society,https://ccs.in,8600,8.6K,rounded_public,collected,https://www.youtube.com/c/ccsindiatv,10205,10205,exact_public,collected,https://x.com/ccsindia,69954,"69,954",exact_public,collected,https://www.linkedin.com/company/ccsindia,10970,10970,exact_public,collected,https://www.instagram.com/ccsindia,146160,"146,160",exact_public,collected,https://www.facebook.com/ccsindia,2026-09-16T09:35:27.894Z
2026-09-16_11-23-18-360,2026-09-16,Centre for Civil Society,https://ccs.in,,,,,,10205,10205,exact_public,collected,https://x.com/ccsindia,,,,,,,,,,,,,,,,2026-09-16T11:23:45.089Z
2026-09-16_09-00-36-892,2026-09-16,Centre for Development Studies,https://cds.edu,,,,,,837,837,exact_public,collected,https://x.com/CdsTrivandrum,,,,,,,,,,,,,,,,2026-09-16T09:01:06.850Z
2026-09-16_09-25-17-709,2026-09-16,Centre for Development Studies,https://cds.edu,1200,1.2K,rounded_public,collected,https://www.youtube.com/cdskeral,837,837,exact_public,collected,https://x.com/CdsTrivandrum,,,,count_not_found,https://www.linkedin.com/authwall?trk=gf&trkInfo=AQF5e8lSmL1bwgAAAaCpkrQYnC2NyfjSkFYsPEnijGSaT-Pw6Eb5mH-AEVMERLmURAIdslmv-6a401LSPmVS5RjDZxRWb5XNXS-IsHzQcLs5rc7nmJjfZBWPadzW7qz2apdcDOQ=&original_referer=&sessionRedirect=https%3A%2F%2Fwww.linkedin.com%2Fin%2Fcds-centre-for-development-studies-a69046323,,,,,,,,,count_not_found,https://www.facebook.com/groups/161461153897391,2026-09-16T09:36:17.816Z
2026-09-16_11-23-18-360,2026-09-16,Centre for Development Studies,https://cds.edu,,,,,,837,837,exact_public,collected,https://x.com/CdsTrivandrum,,,,,,,,,,,,,,,,2026-09-16T11:23:46.865Z
2026-09-16_09-00-36-892,2026-09-16,Centre for Gender and Politics,https://www.cgaps.org,,,,,,786,786,exact_public,collected,https://x.com/cgap_sa,,,,,,,,,,,,,,,,2026-09-16T09:01:08.789Z
2026-09-16_09-25-17-709,2026-09-16,Centre for Gender and Politics,https://www.cgaps.org,64,64,exact_public,collected,https://www.youtube.com/@cgapsouthasia,786,786,exact_public,collected,https://x.com/cgap_sa,10944,"10,944",exact_public,collected,https://www.linkedin.com/company/cgap,837,837,exact_public,collected,https://www.instagram.com/cgapsouthasia,,,,,,2026-09-16T09:36:50.731Z
2026-09-16_11-23-18-360,2026-09-16,Centre for Gender and Politics,https://www.cgaps.org,,,,,,786,786,exact_public,collected,https://x.com/cgap_sa,,,,,,,,,,,,,,,,2026-09-16T11:23:48.993Z
2026-09-16_09-25-17-709,2026-09-16,Centre for Land Warfare Studies (CLAWS),https://www.claws.in,14400,14.4K,rounded_public,collected,https://www.youtube.com/channel/UCi8jLGp-l1_SIS7Oc1z4yRA,,,,,,15557,"15,557",exact_public,collected,https://www.linkedin.com/company/centre-for-land-warfare-studies-claws,,,,,,,,,,,2026-09-16T09:37:14.967Z
2026-09-16_09-00-36-892,2026-09-16,Centre for Policy Research,https://cprindia.org,,,,,,64389,64389,exact_public,collected,https://x.com/CPR_India,,,,,,,,,,,,,,,,2026-09-16T09:01:10.748Z
2026-09-16_09-25-17-709,2026-09-16,Centre for Policy Research,https://cprindia.org,23200,23.2K,rounded_public,collected,https://www.youtube.com/channel/UCT0LvSYjYr2gmUDhx7Z3wtw,64389,64389,exact_public,collected,https://x.com/CPR_India,137599,"137,599",exact_public,collected,https://www.linkedin.com/company/centre-for-policy-research,20697,20697,exact_public,collected,https://www.instagram.com/cpr_india,17688,"17,688",exact_public,collected,https://www.facebook.com/CentreforPolicyResearch,2026-09-16T09:38:00.076Z
2026-09-16_11-23-18-360,2026-09-16,Centre for Policy Research,https://cprindia.org,,,,,,64392,64392,exact_public,collected,https://x.com/CPR_India,,,,,,,,,,,,,,,,2026-09-16T11:23:50.763Z
2026-09-16_09-25-17-709,2026-09-16,Centre for Public Policy,https://www.iimb.ac.in/centres-of-excellence/cpp,,,,,,,,,,,1716,"1,716",exact_public,collected,https://www.linkedin.com/company/cpp-iimb,,,,,,,,,,,2026-09-16T09:38:13.904Z
2026-09-16_09-00-36-892,2026-09-16,Centre for Public Policy Research,https://www.cppr.in,,,,,,2775,2775,exact_public,collected,https://x.com/CPPRIndia,,,,,,,,,,,,,,,,2026-09-16T09:01:12.901Z
2026-09-16_09-25-17-709,2026-09-16,Centre for Public Policy Research,https://www.cppr.in,2580,2.58K,rounded_public,collected,https://www.youtube.com/user/CPPRIndia,2774,2774,exact_public,collected,https://x.com/CPPRIndia,118990,"118,990",exact_public,collected,https://www.linkedin.com/company/cpprindia,2605,2605,exact_public,collected,https://www.instagram.com/cpprindia,11719,"11,719",exact_public,collected,https://www.facebook.com/cpprindia,2026-09-16T09:38:42.554Z
2026-09-16_11-23-18-360,2026-09-16,Centre for Public Policy Research,https://www.cppr.in,,,,,,2774,2774,exact_public,collected,https://x.com/CPPRIndia,,,,,,,,,,,,,,,,2026-09-16T11:23:52.862Z
2026-09-16_09-00-36-892,2026-09-16,Centre for Social and Economic Progress,https://csep.org,,,,,,44157,44157,exact_public,collected,https://x.com/CSEP_Org,,,,,,,,,,,,,,,,2026-09-16T09:01:15.261Z
2026-09-16_09-25-17-709,2026-09-16,Centre for Social and Economic Progress,https://csep.org,10200,10.2K,rounded_public,collected,https://www.youtube.com/channel/UCB-HDsHu8v-7e_UvAJBW5OQ,44157,44157,exact_public,collected,https://x.com/CSEP_Org,87658,"87,658",exact_public,collected,https://www.linkedin.com/company/csep-org,,,,,,8253,"8,253",exact_public,collected,https://www.facebook.com/csepresearch,2026-09-16T09:39:10.533Z
2026-09-16_11-23-18-360,2026-09-16,Centre for Social and Economic Progress,https://csep.org,,,,,,44157,44157,exact_public,collected,https://x.com/CSEP_Org,,,,,,,,,,,,,,,,2026-09-16T11:23:54.786Z
2026-09-16_09-00-36-892,2026-09-16,"Centre for Study of Science, Technology and Policy",https://cstep.in,,,,,,4470,4470,exact_public,collected,https://x.com/CSTEP_India,,,,,,,,,,,,,,,,2026-09-16T09:01:17.481Z
2026-09-16_09-25-17-709,2026-09-16,"Centre for Study of Science, Technology and Policy",https://cstep.in,962,962,exact_public,collected,https://www.youtube.com/channel/UCROj7dD9PqkZj4My5En829A,4470,4470,exact_public,collected,https://x.com/CSTEP_India,27243,"27,243",exact_public,collected,https://www.linkedin.com/company/cstep,1186,1186,exact_public,collected,https://www.instagram.com/cstep_ind,,,,,,2026-09-16T09:39:39.000Z
2026-09-16_11-23-18-360,2026-09-16,"Centre for Study of Science, Technology and Policy",https://cstep.in,,,,,,4470,4470,exact_public,collected,https://x.com/CSTEP_India,,,,,,,,,,,,,,,,2026-09-16T11:23:56.947Z
2026-09-16_09-00-36-892,2026-09-16,Centre for the Study of Developing Societies,https://www.csds.in,,,,,,11595,11595,exact_public,collected,https://x.com/csdsdelhi,,,,,,,,,,,,,,,,2026-09-16T09:01:19.628Z
2026-09-16_09-25-17-709,2026-09-16,Centre for the Study of Developing Societies,https://www.csds.in,6760,6.76K,rounded_public,collected,https://www.youtube.com/csdsdelhi,11595,11595,exact_public,collected,https://x.com/csdsdelhi,,,,count_not_found,https://www.linkedin.com/in/csds-delhi-450319214,,,,,,12879,"12,879",exact_public,collected,https://www.facebook.com/csdsdelhi,2026-09-16T09:40:12.614Z
2026-09-16_11-23-18-360,2026-09-16,Centre for the Study of Developing Societies,https://www.csds.in,,,,,,11594,11594,exact_public,collected,https://x.com/csdsdelhi,,,,,,,,,,,,,,,,2026-09-16T11:23:58.874Z
2026-09-16_09-00-36-892,2026-09-16,CEPA (Center for European Policy Analysis),https://cepa.org,,,,,,66773,66773,exact_public,collected,https://x.com/cepa,,,,,,,,,,,,,,,,2026-09-16T09:01:21.633Z
2026-09-16_09-25-17-709,2026-09-16,CEPA (Center for European Policy Analysis),https://cepa.org,4330,4.33K,rounded_public,collected,https://www.youtube.com/channel/UCiYaHwnU8S_pXYFDLM6RXGw,66774,66774,exact_public,collected,https://x.com/cepa,92721,"92,721",exact_public,collected,https://www.linkedin.com/company/center-for-european-policy-analysis,4207,4207,exact_public,collected,https://www.instagram.com/cepaorg,16027,"16,027",exact_public,collected,https://www.facebook.com/CenterforEuropeanPolicyAnalysis,2026-09-16T09:41:00.666Z
2026-09-16_11-23-18-360,2026-09-16,CEPA (Center for European Policy Analysis),https://cepa.org,,,,,,66773,66773,exact_public,collected,https://x.com/cepa,,,,,,,,,,,,,,,,2026-09-16T11:24:02.037Z
2026-09-16_09-00-36-892,2026-09-16,CEPR (Center for Economic and Policy Research),https://cepr.net,,,,,,48359,48359,exact_public,collected,https://x.com/ceprdc,,,,,,,,,,,,,,,,2026-09-16T09:01:23.979Z
2026-09-16_09-25-17-709,2026-09-16,CEPR (Center for Economic and Policy Research),https://cepr.net,5910,5.91K,rounded_public,collected,https://www.youtube.com/channel/UCQ5-7CUfHe7mZGR7alIOsxA,48359,48359,exact_public,collected,https://x.com/ceprdc,27645,"27,645",exact_public,collected,https://www.linkedin.com/company/center-for-economic-and-policy-research,1600,1600,exact_public,collected,https://www.instagram.com/ceprdc/,62771,"62,771",exact_public,collected,https://www.facebook.com/CEPRDC/,2026-09-16T09:41:39.252Z
2026-09-16_11-23-18-360,2026-09-16,CEPR (Center for Economic and Policy Research),https://cepr.net,,,,,,48359,48359,exact_public,collected,https://x.com/ceprdc,,,,,,,,,,,,,,,,2026-09-16T11:24:04.163Z
2026-09-16_09-00-36-892,2026-09-16,CEPS (Centre for European Policy Studies),https://www.ceps.eu,,,,,,59069,59069,exact_public,collected,https://x.com/CEPS_thinktank,,,,,,,,,,,,,,,,2026-09-16T09:01:26.203Z
2026-09-16_09-25-17-709,2026-09-16,CEPS (Centre for European Policy Studies),https://www.ceps.eu,3000,3K,rounded_public,collected,https://www.youtube.com/channel/UCBX-oXE3mC8LGnrRIhCRI7A,59070,59070,exact_public,collected,https://x.com/CEPS_thinktank,95368,"95,368",exact_public,collected,https://www.linkedin.com/company/ceps,,,,,,,,,,,2026-09-16T09:42:06.805Z
2026-09-16_11-23-18-360,2026-09-16,CEPS (Centre for European Policy Studies),https://www.ceps.eu,,,,,,59070,59070,exact_public,collected,https://x.com/CEPS_thinktank,,,,,,,,,,,,,,,,2026-09-16T11:24:05.953Z
2026-09-16_09-00-36-892,2026-09-16,CFR (Council on Foreign Relations),https://www.cfr.org,,,,,,578388,578388,exact_public,collected,https://x.com/CFR_org,,,,,,,,,,,,,,,,2026-09-16T09:01:28.406Z
2026-09-16_09-25-17-709,2026-09-16,CFR (Council on Foreign Relations),https://www.cfr.org,342000,342K,rounded_public,collected,https://www.youtube.com/cfr,578390,578390,exact_public,collected,https://x.com/CFR_org,432402,"432,402",exact_public,collected,https://www.linkedin.com/company/council-on-foreign-relations,168265,168265,exact_public,collected,https://www.instagram.com/cfr_org,499794,"499,794",exact_public,collected,https://www.facebook.com/councilonforeignrelations,2026-09-16T09:42:36.553Z
2026-09-16_11-23-18-360,2026-09-16,CFR (Council on Foreign Relations),https://www.cfr.org,,,,,,578363,578363,exact_public,collected,https://x.com/CFR_org,,,,,,,,,,,,,,,,2026-09-16T11:24:07.754Z
2026-09-16_09-00-36-892,2026-09-16,Chatham House,https://www.chathamhouse.org,,,,,,313560,313560,exact_public,collected,https://x.com/ChathamHouse,,,,,,,,,,,,,,,,2026-09-16T09:01:30.333Z
2026-09-16_09-25-17-709,2026-09-16,Chatham House,https://www.chathamhouse.org,101000,101K,rounded_public,collected,https://www.youtube.com/user/ChathamHouse10,313560,313560,exact_public,collected,https://x.com/ChathamHouse,,,,count_not_found,https://www.linkedin.com/login/?session_redirect=%2Fcompany%2F473772,137227,137227,exact_public,collected,https://www.instagram.com/chathamhouse_org,166541,"166,541",exact_public,collected,https://www.facebook.com/ChathamHouse,2026-09-16T09:43:27.892Z
2026-09-16_11-23-18-360,2026-09-16,Chatham House,https://www.chathamhouse.org,,,,,,313564,313564,exact_public,collected,https://x.com/ChathamHouse,,,,,,,,,,,,,,,,2026-09-16T11:24:09.815Z
2026-09-16_09-00-36-892,2026-09-16,Chennai Centre for China Studies,https://www.c3sindia.org,,,,,,,,,count_not_found,https://x.com/c3schennai,,,,,,,,,,,,,,,,2026-09-16T09:01:32.550Z
2026-09-16_09-25-17-709,2026-09-16,Chennai Centre for China Studies,https://www.c3sindia.org,668,668,exact_public,collected,https://www.youtube.com/channel/UCGD84-2OKUfrbkOHqssBstw,,,,count_not_found,https://x.com/c3schennai,,,,count_not_found,https://www.linkedin.com/authwall?trk=gf&trkInfo=AQGfdrADLCT-AwAAAaCpmkmAn56Ezpju52mLGhZdZhg5BLqlgo8bFAYtxortAwOq1muHpza5HbF4H7pZeIjtoPY0RvL6SwLRpXjScQyZrcez9MnSxNZIdOp9kQE2d2xfk4sSyJ0=&original_referer=&sessionRedirect=https%3A%2F%2Fwww.linkedin.com%2Fin%2Fc3s-chennai-centre-for-china-studies-9aa224171,,,,count_not_found,https://www.instagram.com/c3s.10,1384,"1,384",exact_public,collected,https://www.facebook.com/c3sindia,2026-09-16T09:44:48.036Z
2026-09-16_11-23-18-360,2026-09-16,Chennai Centre for China Studies,https://www.c3sindia.org,,,,,,,,,count_not_found,https://x.com/c3schennai,,,,,,,,,,,,,,,,2026-09-16T11:24:12.086Z
2026-09-16_09-00-36-892,2026-09-16,Climate Policy Initiative,https://www.climatepolicyinitiative.org,,,,,,13804,13804,exact_public,collected,https://x.com/climatepolicy,,,,,,,,,,,,,,,,2026-09-16T09:01:42.356Z
2026-09-16_09-25-17-709,2026-09-16,Climate Policy Initiative,https://www.climatepolicyinitiative.org,1870,1.87K,rounded_public,collected,https://www.youtube.com/channel/UCE8V0iDgBU8mreZdBegVCcA,13804,13804,exact_public,collected,https://x.com/climatepolicy,,,,count_not_found,https://www.linkedin.com/authwall?trk=bf&trkInfo=AQH5kzJESmYVKAAAAaCpm0OA9yzUOLAjUgdYcnf0XSYRcIyz76SN7Za2hcrTeOapzswI2eYGd5hewQcQDwJfvIdj_g179Yd6AUNWNIDoKPjDf9mIFlFgva6Zc9X-KlSFK4y4Bsc=&original_referer=&sessionRedirect=https%3A%2F%2Fwww.linkedin.com%2Fcompany%2F1647140,2279,2279,exact_public,collected,https://www.instagram.com/climate.policy/,,,,,,2026-09-16T09:45:39.024Z
2026-09-16_11-23-18-360,2026-09-16,Climate Policy Initiative,https://www.climatepolicyinitiative.org,,,,,,13805,13805,exact_public,collected,https://x.com/climatepolicy,,,,,,,,,,,,,,,,2026-09-16T11:24:24.838Z
2026-09-16_09-00-36-892,2026-09-16,"Council on Energy, Environment and Water",https://www.ceew.in,,,,,,18140,18140,exact_public,collected,https://x.com/CEEWIndia,,,,,,,,,,,,,,,,2026-09-16T09:01:45.028Z
2026-09-16_09-25-17-709,2026-09-16,"Council on Energy, Environment and Water",https://www.ceew.in,3700,3.7K,rounded_public,collected,https://www.youtube.com/channel/UCNF-vGnm1jdA_jhrIpk84Tg,18140,18140,exact_public,collected,https://x.com/CEEWIndia,156386,"156,386",exact_public,collected,https://www.linkedin.com/company/council-on-energy-environment-and-water,9349,9349,exact_public,collected,https://www.instagram.com/ceewindia/,4364,"4,364",exact_public,collected,https://www.facebook.com/CEEWIndia/,2026-09-16T09:46:18.495Z
2026-09-16_11-23-18-360,2026-09-16,"Council on Energy, Environment and Water",https://www.ceew.in,,,,,,18142,18142,exact_public,collected,https://x.com/CEEWIndia,,,,,,,,,,,,,,,,2026-09-16T11:24:26.893Z
2026-09-16_09-00-36-892,2026-09-16,CSIS (Center for Strategic and International Studies),https://www.csis.org,,,,,,437889,437889,exact_public,collected,https://x.com/csis,,,,,,,,,,,,,,,,2026-09-16T09:01:47.477Z
2026-09-16_09-25-17-709,2026-09-16,CSIS (Center for Strategic and International Studies),https://www.csis.org,405000,405K,rounded_public,collected,https://www.youtube.com/user/csisdc,437889,437889,exact_public,collected,https://x.com/csis,394528,"394,528",exact_public,collected,https://www.linkedin.com/company/csis,147728,147728,exact_public,collected,https://www.instagram.com/csis,551827,"551,827",exact_public,collected,https://www.facebook.com/CSIS.org,2026-09-16T09:46:59.382Z
2026-09-16_11-23-18-360,2026-09-16,CSIS (Center for Strategic and International Studies),https://www.csis.org,,,,,,437891,437891,exact_public,collected,https://x.com/csis,,,,,,,,,,,,,,,,2026-09-16T11:24:28.629Z
2026-09-16_09-00-36-892,2026-09-16,CUTS International,https://cuts-international.org,,,,,,154,154,exact_public,collected,https://x.com/CUTS_Inter,,,,,,,,,,,,,,,,2026-09-16T09:01:49.509Z
2026-09-16_09-25-17-709,2026-09-16,CUTS International,https://cuts-international.org,1110,1.11K,rounded_public,collected,https://www.youtube.com/channel/UCMAhUM4KWSlLdT45TnuXSXg,154,154,exact_public,collected,https://x.com/CUTS_Inter,7445,"7,445",exact_public,collected,https://www.linkedin.com/company/cuts-international,167,167,exact_public,collected,https://www.instagram.com/cutsint,1427,"1,427",exact_public,collected,https://www.facebook.com/cutsjaipur,2026-09-16T09:47:38.510Z
2026-09-16_11-23-18-360,2026-09-16,CUTS International,https://cuts-international.org,,,,,,154,154,exact_public,collected,https://x.com/CUTS_Inter,,,,,,,,,,,,,,,,2026-09-16T11:24:30.481Z
2026-09-16_09-00-36-892,2026-09-16,Delhi Policy Group,https://www.delhipolicygroup.org,,,,,,5312,5312,exact_public,collected,https://x.com/DPG_ORG,,,,,,,,,,,,,,,,2026-09-16T09:01:51.355Z
2026-09-16_09-25-17-709,2026-09-16,Delhi Policy Group,https://www.delhipolicygroup.org,211,211,exact_public,collected,https://www.youtube.com/@dpg_org,5312,5312,exact_public,collected,https://x.com/DPG_ORG,3390,"3,390",exact_public,collected,https://www.linkedin.com/company/delhi-policy-group,851,851,exact_public,collected,https://www.instagram.com/dpg_org,5790,"5,790",exact_public,collected,https://www.facebook.com/DelhiPolicyGroup,2026-09-16T09:48:46.111Z
2026-09-16_11-23-18-360,2026-09-16,Delhi Policy Group,https://www.delhipolicygroup.org,,,,,,5312,5312,exact_public,collected,https://x.com/DPG_ORG,,,,,,,,,,,,,,,,2026-09-16T11:24:32.179Z
2026-09-16_09-00-36-892,2026-09-16,Development Alternatives,https://www.devalt.org,,,,,,1477,1477,exact_public,collected,https://x.com/DAperspectives,,,,,,,,,,,,,,,,2026-09-16T09:01:53.328Z
2026-09-16_09-25-17-709,2026-09-16,Development Alternatives,https://www.devalt.org,10400,10.4K,rounded_public,collected,https://www.youtube.com/user/DevaltDelhi,1477,1477,exact_public,collected,https://x.com/DAperspectives,33073,"33,073",exact_public,collected,https://www.linkedin.com/company/development-alternatives,2591,2591,exact_public,collected,https://www.instagram.com/developmentalternatives,11350,"11,350",exact_public,collected,https://www.facebook.com/DevaltOfficial,2026-09-16T09:49:27.606Z
2026-09-16_11-23-18-360,2026-09-16,Development Alternatives,https://www.devalt.org,,,,,,1477,1477,exact_public,collected,https://x.com/DAperspectives,,,,,,,,,,,,,,,,2026-09-16T11:24:34.133Z
2026-09-16_09-25-17-709,2026-09-16,DIIS (Danish Institute for International Studies),https://www.diis.dk/en,1920,1.92K,rounded_public,collected,https://www.youtube.com/@DIISpublish,,,,,,24089,"24,089",exact_public,collected,https://www.linkedin.com/company/danish-institute-for-international-studies,,,,,,,,,,,2026-09-16T09:49:51.995Z
2026-09-16_09-25-17-709,2026-09-16,East Asia Institute,https://www.eai.or.kr/main/english/,,,,,,,,,,,1538,"1,538",exact_public,collected,https://www.linkedin.com/company/east-asia-institute,,,,,,,,,,,2026-09-16T09:49:53.382Z
2026-09-16_09-00-36-892,2026-09-16,ECFR,https://ecfr.eu,,,,,,107110,107110,exact_public,collected,https://x.com/ecfr,,,,,,,,,,,,,,,,2026-09-16T09:01:55.399Z
2026-09-16_09-25-17-709,2026-09-16,ECFR,https://ecfr.eu,5180,5.18K,rounded_public,collected,https://www.youtube.com/c/ECFRTV,107111,107111,exact_public,collected,https://x.com/ecfr,168709,"168,709",exact_public,collected,https://www.linkedin.com/company/european-council-on-foreign-relations,4234,4234,exact_public,collected,https://www.instagram.com/ecfr.eu,,,,,,2026-09-16T09:50:09.175Z
2026-09-16_11-23-18-360,2026-09-16,ECFR,https://ecfr.eu,,,,,,107112,107112,exact_public,collected,https://x.com/ecfr,,,,,,,,,,,,,,,,2026-09-16T11:24:36.138Z
2026-09-16_09-00-36-892,2026-09-16,Foreign Policy Research Institute,https://www.fpri.org,,,,,,33969,33969,exact_public,collected,https://x.com/fpri,,,,,,,,,,,,,,,,2026-09-16T09:01:57.265Z
2026-09-16_09-25-17-709,2026-09-16,Foreign Policy Research Institute,https://www.fpri.org,46500,46.5K,rounded_public,collected,https://www.youtube.com/channel/UCYB1ercr0h50goIy2yEMvIA,33969,33969,exact_public,collected,https://x.com/fpri,61795,"61,795",exact_public,collected,https://www.linkedin.com/company/foreign-policy-research-institute,,,,,,225501,"225,501",exact_public,collected,https://www.facebook.com/FPRInews/,2026-09-16T09:50:37.268Z
2026-09-16_11-23-18-360,2026-09-16,Foreign Policy Research Institute,https://www.fpri.org,,,,,,33970,33970,exact_public,collected,https://x.com/fpri,,,,,,,,,,,,,,,,2026-09-16T11:24:38.130Z
2026-09-16_09-00-36-892,2026-09-16,Foundation for Defense of Democracies,https://www.fdd.org,,,,,,95197,95197,exact_public,collected,https://x.com/fdd,,,,,,,,,,,,,,,,2026-09-16T09:01:59.567Z
2026-09-16_09-25-17-709,2026-09-16,Foundation for Defense of Democracies,https://www.fdd.org,51900,51.9K,rounded_public,collected,https://www.youtube.com/c/FoundationforDefenseofDemocracies-FDD,95199,95199,exact_public,collected,https://x.com/fdd,18402,"18,402",exact_public,collected,https://www.linkedin.com/company/foundation-for-defense-of-democracies,11174,11174,exact_public,collected,https://www.instagram.com/fdd_org,21674,"21,674",exact_public,collected,https://www.facebook.com/followFDD,2026-09-16T09:51:18.468Z
2026-09-16_11-23-18-360,2026-09-16,Foundation for Defense of Democracies,https://www.fdd.org,,,,,,95198,95198,exact_public,collected,https://x.com/fdd,,,,,,,,,,,,,,,,2026-09-16T11:24:40.663Z
2026-09-16_09-00-36-892,2026-09-16,Gateway House: Indian Council on Global Relations,https://www.gatewayhouse.in,,,,,,10221,10221,exact_public,collected,https://x.com/gatewayhouseind,,,,,,,,,,,,,,,,2026-09-16T09:02:01.913Z
2026-09-16_09-25-17-709,2026-09-16,Gateway House: Indian Council on Global Relations,https://www.gatewayhouse.in,5130,5.13K,rounded_public,collected,https://www.youtube.com/channel/UCRIjNjS_T48odMrxTylxIxg,10222,10222,exact_public,collected,https://x.com/gatewayhouseind,16768,"16,768",exact_public,collected,https://www.linkedin.com/company/gateway-house-indian-council-of-global-relations,1423,1423,exact_public,collected,https://www.instagram.com/gatewayhouse.in/,,,,,,2026-09-16T09:51:47.529Z
2026-09-16_11-23-18-360,2026-09-16,Gateway House: Indian Council on Global Relations,https://www.gatewayhouse.in,,,,,,10223,10223,exact_public,collected,https://x.com/gatewayhouseind,,,,,,,,,,,,,,,,2026-09-16T11:24:42.900Z
2026-09-16_08-14-02-215,2026-09-16,Google,https://www.google.com,,,,,,31896054,31896054,,collected,https://x.com/Google,,,,,,,,,,,,,,,,2026-09-16T08:14:04.236Z
2026-09-16_08-14-11-966,2026-09-16,Google,https://www.google.com,14600000,14.6M,,collected,https://www.youtube.com/@Google,31896055,31896055,,collected,https://x.com/Google,42375961,"42,375,961",,collected,https://www.linkedin.com/company/google,16000000,16M,,collected,https://www.instagram.com/google,36030713,"36,030,713",,collected,https://www.facebook.com/Google,2026-09-16T08:15:26.838Z
2026-09-16_08-25-12-206,2026-09-16,Google,https://www.google.com,14600000,14.6M,rounded_public,collected,https://www.youtube.com/@Google,,,,,,,,,,,,,,,,,,,,,2026-09-16T08:25:27.096Z
2026-09-16_08-25-44-650,2026-09-16,Google,https://www.google.com,,,,,,,,,,,,,,,,15743995,15743995,exact_public,collected,https://www.instagram.com/google,,,,,,2026-09-16T08:25:57.803Z
2026-09-16_08-33-18-167,2026-09-16,Google,https://www.google.com,,,,,,31896078,31896078,exact_public,collected,https://x.com/Google,,,,,,,,,,,,,,,,2026-09-16T08:33:20.556Z
2026-09-16_09-00-36-892,2026-09-16,Heritage Foundation,https://www.heritage.org,,,,,,769373,769373,exact_public,collected,https://x.com/heritage,,,,,,,,,,,,,,,,2026-09-16T09:02:04.106Z
2026-09-16_09-25-17-709,2026-09-16,Heritage Foundation,https://www.heritage.org,461000,461K,rounded_public,collected,https://www.youtube.com/user/HeritageFoundation,769378,769378,exact_public,collected,https://x.com/heritage,114697,"114,697",exact_public,collected,https://www.linkedin.com/company/the-heritage-foundation,345382,345382,exact_public,collected,https://www.instagram.com/heritagefoundation,2063919,"2,063,919",exact_public,collected,https://www.facebook.com/heritagefoundation,2026-09-16T09:52:27.419Z
2026-09-16_11-23-18-360,2026-09-16,Heritage Foundation,https://www.heritage.org,,,,,,769353,769353,exact_public,collected,https://x.com/heritage,,,,,,,,,,,,,,,,2026-09-16T11:24:45.123Z
2026-09-16_09-00-36-892,2026-09-16,Hoover Institution,https://www.hoover.org,,,,,,198274,198274,exact_public,collected,https://x.com/HooverInst,,,,,,,,,,,,,,,,2026-09-16T09:02:07.460Z
2026-09-16_09-25-17-709,2026-09-16,Hoover Institution,https://www.hoover.org,1210000,1.21M,rounded_public,collected,https://www.youtube.com/user/HooverInstitution,,,,failed,https://x.com/HooverInst,51572,"51,572",exact_public,collected,https://www.linkedin.com/company/hoover-institution-at-stanford-university,104069,104069,exact_public,collected,https://www.instagram.com/hooverinstitution,549038,"549,038",exact_public,collected,https://www.facebook.com/HooverInstStanford,2026-09-16T09:53:43.754Z
2026-09-16_11-23-18-360,2026-09-16,Hoover Institution,https://www.hoover.org,,,,,,198241,198241,exact_public,collected,https://x.com/HooverInst,,,,,,,,,,,,,,,,2026-09-16T11:24:46.949Z
2026-09-16_09-00-36-892,2026-09-16,Hudson Institute,https://www.hudson.org,,,,,,127123,127123,exact_public,collected,https://x.com/hudsoninstitute,,,,,,,,,,,,,,,,2026-09-16T09:02:09.479Z
2026-09-16_09-25-17-709,2026-09-16,Hudson Institute,https://www.hudson.org,136000,136K,rounded_public,collected,https://www.youtube.com/user/hudsoninstitute,127126,127126,exact_public,collected,https://x.com/hudsoninstitute,31195,"31,195",exact_public,collected,https://www.linkedin.com/company/hudson-institute,13933,13933,exact_public,collected,https://www.instagram.com/hudsoninstitute,22300,"22,300",exact_public,collected,https://www.facebook.com/HudsonInstitute,2026-09-16T09:54:25.059Z
2026-09-16_11-23-18-360,2026-09-16,Hudson Institute,https://www.hudson.org,,,,,,127133,127133,exact_public,collected,https://x.com/hudsoninstitute,,,,,,,,,,,,,,,,2026-09-16T11:24:48.921Z
2026-09-16_09-00-36-892,2026-09-16,IAI (Istituto Affari Internazionali),https://www.iai.it/en,,,,,,30135,30135,exact_public,collected,https://x.com/IAIonline,,,,,,,,,,,,,,,,2026-09-16T09:02:11.641Z
2026-09-16_09-25-17-709,2026-09-16,IAI (Istituto Affari Internazionali),https://www.iai.it/en,2490,2.49K,rounded_public,collected,https://www.youtube.com/user/IAIChannel,30135,30135,exact_public,collected,https://x.com/IAIonline,73851,"73,851",exact_public,collected,https://www.linkedin.com/company/istituto-affari-internazionali,21994,21994,exact_public,collected,https://www.instagram.com/iai.insta,25407,"25,407",exact_public,collected,https://www.facebook.com/IAIonline,2026-09-16T09:55:04.799Z
2026-09-16_11-23-18-360,2026-09-16,IAI (Istituto Affari Internazionali),https://www.iai.it/en,,,,,,30135,30135,exact_public,collected,https://x.com/IAIonline,,,,,,,,,,,,,,,,2026-09-16T11:24:51.125Z
2026-09-16_09-00-36-892,2026-09-16,Ifri (Institut français des relations internationales),https://www.ifri.org/en,,,,,,48230,48230,exact_public,collected,https://x.com/ifri_,,,,,,,,,,,,,,,,2026-09-16T09:02:13.902Z
2026-09-16_09-25-17-709,2026-09-16,Ifri (Institut français des relations internationales),https://www.ifri.org/en,22000,22K,rounded_public,collected,https://www.youtube.com/channel/UCpfLNjG97sWjGSKYiveWz3w,48230,48230,exact_public,collected,https://x.com/ifri_,106561,"106,561",exact_public,collected,https://www.linkedin.com/company/ifri,8070,8070,exact_public,collected,https://www.instagram.com/ifri_paris,108353,"108,353",exact_public,collected,https://www.facebook.com/IfriParis,2026-09-16T09:55:45.298Z
2026-09-16_11-23-18-360,2026-09-16,Ifri (Institut français des relations internationales),https://www.ifri.org/en,,,,,,48230,48230,exact_public,collected,https://x.com/ifri_,,,,,,,,,,,,,,,,2026-09-16T11:24:53.152Z
2026-09-16_09-00-36-892,2026-09-16,IISD (International Institute for Sustainable Development),https://www.iisd.org,,,,,,23873,23873,exact_public,collected,https://x.com/iisd_news,,,,,,,,,,,,,,,,2026-09-16T09:02:16.123Z
2026-09-16_09-25-17-709,2026-09-16,IISD (International Institute for Sustainable Development),https://www.iisd.org,6500,6.5K,rounded_public,collected,https://www.youtube.com/user/iisdvideo,23873,23873,exact_public,collected,https://x.com/iisd_news,271921,"271,921",exact_public,collected,https://www.linkedin.com/company/international-institute-for-sustainable-development,,,,,,,,,,,2026-09-16T09:56:12.215Z
2026-09-16_11-23-18-360,2026-09-16,IISD (International Institute for Sustainable Development),https://www.iisd.org,,,,,,23873,23873,exact_public,collected,https://x.com/iisd_news,,,,,,,,,,,,,,,,2026-09-16T11:24:55.432Z
2026-09-16_09-25-17-709,2026-09-16,IISS (International Institute for Strategic Studies),https://www.iiss.org,46300,46.3K,rounded_public,collected,https://www.youtube.com/channel/UCYygxNuTTlq2neh6Fu6rP4Q,,,,,,282607,"282,607",exact_public,collected,https://www.linkedin.com/company/international-institute-for-strategic-studies,,,,,,,,,,,2026-09-16T09:56:37.731Z
2026-09-16_09-00-36-892,2026-09-16,India Foundation,https://indiafoundation.in,,,,,,57248,57248,exact_public,collected,https://x.com/indfoundation,,,,,,,,,,,,,,,,2026-09-16T09:02:18.348Z
2026-09-16_09-25-17-709,2026-09-16,India Foundation,https://indiafoundation.in,32500,32.5K,rounded_public,collected,https://www.youtube.com/channel/UCoa562Q8QrgTAAyqNsx36oA,57247,57247,exact_public,collected,https://x.com/indfoundation,29341,"29,341",exact_public,collected,https://www.linkedin.com/company/india-foundation-delhi,59655,59655,exact_public,collected,https://www.instagram.com/indiafoundation,24004,"24,004",exact_public,collected,https://www.facebook.com/IndiaFoundation,2026-09-16T09:57:06.324Z
2026-09-16_11-23-18-360,2026-09-16,India Foundation,https://indiafoundation.in,,,,,,57246,57246,exact_public,collected,https://x.com/indfoundation,,,,,,,,,,,,,,,,2026-09-16T11:24:57.221Z
2026-09-16_09-00-36-892,2026-09-16,India Think Council,https://www.indiathink.org,,,,,,1334,1334,exact_public,collected,https://x.com/IndiathinkOrg,,,,,,,,,,,,,,,,2026-09-16T09:02:21.150Z
2026-09-16_09-25-17-709,2026-09-16,India Think Council,https://www.indiathink.org,1800,1.8K,rounded_public,collected,https://www.youtube.com/channel/UCA17X1xjY8MVFHwVyoNqYdg,1334,1334,exact_public,collected,https://x.com/IndiathinkOrg,811,811,exact_public,collected,https://www.linkedin.com/company/india-think-council,,,,,,3180,"3,180",exact_public,collected,https://www.facebook.com/IndiaThink,2026-09-16T09:57:35.525Z
2026-09-16_11-23-18-360,2026-09-16,India Think Council,https://www.indiathink.org,,,,,,1334,1334,exact_public,collected,https://x.com/IndiathinkOrg,,,,,,,,,,,,,,,,2026-09-16T11:24:59.023Z
2026-09-16_09-00-36-892,2026-09-16,Indian Council for Research on International Economic Relations,https://icrier.org,,,,,,6267,6267,exact_public,collected,https://x.com/icrier,,,,,,,,,,,,,,,,2026-09-16T09:02:23.789Z
2026-09-16_09-25-17-709,2026-09-16,Indian Council for Research on International Economic Relations,https://icrier.org,2940,2.94K,rounded_public,collected,https://www.youtube.com/channel/UCgiOH9iQULzxSsyIBnEjWrw,6267,6267,exact_public,collected,https://x.com/icrier,43448,"43,448",exact_public,collected,https://www.linkedin.com/company/icrier,4518,4518,exact_public,collected,https://www.instagram.com/icrier.res.in/,2511,"2,511",exact_public,collected,https://www.facebook.com/ICRIER/,2026-09-16T09:58:15.468Z
2026-09-16_11-23-18-360,2026-09-16,Indian Council for Research on International Economic Relations,https://icrier.org,,,,,,6268,6268,exact_public,collected,https://x.com/icrier,,,,,,,,,,,,,,,,2026-09-16T11:25:01.058Z
2026-09-16_09-00-36-892,2026-09-16,Indian Council of World Affairs,https://www.icwa.in,,,,,,20456,20456,exact_public,collected,https://x.com/ICWA_NewDelhi,,,,,,,,,,,,,,,,2026-09-16T09:02:26.131Z
2026-09-16_09-25-17-709,2026-09-16,Indian Council of World Affairs,https://www.icwa.in,4350,4.35K,rounded_public,collected,https://www.youtube.com/channel/UC0D1OMKLR5eVNIGJ01qKmXg,20456,20456,exact_public,collected,https://x.com/ICWA_NewDelhi,29484,"29,484",exact_public,collected,https://www.linkedin.com/company/indian-council-of-world-affairs1,,,,,,7165,"7,165",exact_public,collected,https://www.facebook.com/Sapru.House,2026-09-16T09:58:45.631Z
2026-09-16_11-23-18-360,2026-09-16,Indian Council of World Affairs,https://www.icwa.in,,,,,,20459,20459,exact_public,collected,https://x.com/ICWA_NewDelhi,,,,,,,,,,,,,,,,2026-09-16T11:25:03.066Z
2026-09-16_09-00-36-892,2026-09-16,Indira Gandhi Institute of Development Research,https://www.igidr.ac.in,,,,,,4437,4437,exact_public,collected,https://x.com/Igidr_Mumbai,,,,,,,,,,,,,,,,2026-09-16T09:02:28.725Z
2026-09-16_09-25-17-709,2026-09-16,Indira Gandhi Institute of Development Research,https://www.igidr.ac.in,1560,1.56K,rounded_public,collected,https://www.youtube.com/user/igidrhelpdesk,4438,4438,exact_public,collected,https://x.com/Igidr_Mumbai,,,,count_not_found,https://www.linkedin.com/authwall?trk=gf&trkInfo=AQFxw4fzTBcV3wAAAaCpqAUgOOLGq0Vua93jAGoyeg_DvowYGKBZQVC6SZ2NGreNnhQfqCyT2MEPhWyoyT2g5QVh-dMxcdEsRif8s1md7Z4F2hSURnzocVP8eaN1Pdt2CQVm1FE=&original_referer=&sessionRedirect=https%3A%2F%2Fwww.linkedin.com%2Fschool%2F15095099,101,101,exact_public,collected,https://www.instagram.com/igidr_official,1894,"1,894",exact_public,collected,https://www.facebook.com/IGIDROfficial/,2026-09-16T09:59:47.567Z
2026-09-16_11-23-18-360,2026-09-16,Indira Gandhi Institute of Development Research,https://www.igidr.ac.in,,,,,,4438,4438,exact_public,collected,https://x.com/Igidr_Mumbai,,,,,,,,,,,,,,,,2026-09-16T11:25:04.852Z
2026-09-16_09-00-36-892,2026-09-16,Institute for the Study of War,https://www.understandingwar.org,,,,,,1422149,1422149,exact_public,collected,https://x.com/thestudyofwar,,,,,,,,,,,,,,,,2026-09-16T09:02:31.555Z
2026-09-16_09-25-17-709,2026-09-16,Institute for the Study of War,https://www.understandingwar.org,38700,38.7K,rounded_public,collected,https://www.youtube.com/channel/UCwRudqD0bS_hrA0DfU4BwOw,1422108,1422108,exact_public,collected,https://x.com/thestudyofwar,166416,"166,416",exact_public,collected,https://www.linkedin.com/company/institute-for-the-study-of-war,71648,71648,exact_public,collected,https://www.instagram.com/thestudyofwar/?hl=en,123009,"123,009",exact_public,collected,https://www.facebook.com/InstitutefortheStudyofWar,2026-09-16T10:00:28.292Z
2026-09-16_11-23-18-360,2026-09-16,Institute for the Study of War,https://www.understandingwar.org,,,,,,1422169,1422169,exact_public,collected,https://x.com/thestudyofwar,,,,,,,,,,,,,,,,2026-09-16T11:25:06.406Z
2026-09-16_09-00-36-892,2026-09-16,Institute of Economic Growth,https://www.iegindia.org,,,,,,1691,1691,exact_public,collected,https://x.com/iegresearch,,,,,,,,,,,,,,,,2026-09-16T09:02:33.718Z
2026-09-16_09-25-17-709,2026-09-16,Institute of Economic Growth,https://www.iegindia.org,608,608,exact_public,collected,https://www.youtube.com/channel/UChNRvZHTuw6mLXOXYBAAbfQ,1691,1691,exact_public,collected,https://x.com/iegresearch,14996,"14,996",exact_public,collected,https://www.linkedin.com/company/institute-of-economics-growth,,,,,,1036,"1,036",exact_public,collected,https://www.facebook.com/InstituteofEconomicGrowth,2026-09-16T10:00:55.797Z
2026-09-16_11-23-18-360,2026-09-16,Institute of Economic Growth,https://www.iegindia.org,,,,,,1691,1691,exact_public,collected,https://x.com/iegresearch,,,,,,,,,,,,,,,,2026-09-16T11:25:08.647Z
2026-09-16_09-00-36-892,2026-09-16,Institute of Peace and Conflict Studies,https://www.ipcs.org,,,,,,12665,12665,exact_public,collected,https://x.com/IPCSNewDelhi,,,,,,,,,,,,,,,,2026-09-16T09:02:35.977Z
2026-09-16_09-25-17-709,2026-09-16,Institute of Peace and Conflict Studies,https://www.ipcs.org,,,,,,12665,12665,exact_public,collected,https://x.com/IPCSNewDelhi,,,,count_not_found,https://www.linkedin.com/authwall?trk=gf&trkInfo=AQFoX9E0ppS6TgAAAaCpqdng95nNxnnl2rViqNIKH5BfBitlGKS68agfTj-7nCOBsZU3CJNTuFEOH0bnRgjRcusEtzuCPeBdl6vR8p3tzLhlPCZ7TUl1T8QIOfo0Rj22RuG_AYA=&original_referer=&sessionRedirect=https%3A%2F%2Fwww.linkedin.com%2Fschool%2Finstitute-of-peace-and-conflict-studies%2F,,,,,,15717,"15,717",exact_public,collected,https://www.facebook.com/ipcsnewdelhi,2026-09-16T10:01:34.697Z
2026-09-16_11-23-18-360,2026-09-16,Institute of Peace and Conflict Studies,https://www.ipcs.org,,,,,,12667,12667,exact_public,collected,https://x.com/IPCSNewDelhi,,,,,,,,,,,,,,,,2026-09-16T11:25:10.633Z
2026-09-16_09-00-36-892,2026-09-16,Integrated Research and Action for Development,https://irade.org,,,,,,361,361,exact_public,collected,https://x.com/IRADe_Delhi,,,,,,,,,,,,,,,,2026-09-16T09:02:37.998Z
2026-09-16_09-25-17-709,2026-09-16,Integrated Research and Action for Development,https://irade.org,,,,,,361,361,exact_public,collected,https://x.com/IRADe_Delhi,4669,"4,669",exact_public,collected,https://in.linkedin.com/company/integrated-research-for-action-development-irade,,,,,,735,735,exact_public,collected,https://www.facebook.com/IRADeNewDelhi,2026-09-16T10:01:51.205Z
2026-09-16_11-23-18-360,2026-09-16,Integrated Research and Action for Development,https://irade.org,,,,,,361,361,exact_public,collected,https://x.com/IRADe_Delhi,,,,,,,,,,,,,,,,2026-09-16T11:25:13.002Z
2026-09-16_09-00-36-892,2026-09-16,International Crisis Group,https://www.crisisgroup.org,,,,,,238475,238475,exact_public,collected,https://x.com/CrisisGroup,,,,,,,,,,,,,,,,2026-09-16T09:02:39.981Z
2026-09-16_09-25-17-709,2026-09-16,International Crisis Group,https://www.crisisgroup.org,23000,23K,rounded_public,collected,https://www.youtube.com/user/crisisgroup,238479,238479,exact_public,collected,https://x.com/CrisisGroup,,,,count_not_found,https://www.linkedin.com/authwall?trk=bf&trkInfo=AQGlqV-2GI-9EQAAAaCpqu84tzI4EeOLRLP5Iq0rXoRYiGvEIReaPtnc4pJBuwpAa_3aIvQMkhDWpltX2NB5plI5o2lJ1Op4Qxsq7TzfWWlPLj15k5438GMui1TwTmFK8Ll-iiE=&original_referer=&sessionRedirect=https%3A%2F%2Fwww.linkedin.com%2Fcompany%2Fcrisis-group,14814,14814,exact_public,collected,https://www.instagram.com/crisisgroup,181872,"181,872",exact_public,collected,https://www.facebook.com/crisisgroup,2026-09-16T10:02:58.375Z
2026-09-16_11-23-18-360,2026-09-16,International Crisis Group,https://www.crisisgroup.org,,,,,,238481,238481,exact_public,collected,https://x.com/CrisisGroup,,,,,,,,,,,,,,,,2026-09-16T11:25:14.824Z
2026-09-16_09-00-36-892,2026-09-16,International Republican Institute,https://www.iri.org,,,,,,50137,50137,exact_public,collected,https://x.com/IRIglobal,,,,,,,,,,,,,,,,2026-09-16T09:02:42.031Z
2026-09-16_09-25-17-709,2026-09-16,International Republican Institute,https://www.iri.org,2490,2.49K,rounded_public,collected,https://www.youtube.com/user/iritv,50137,50137,exact_public,collected,https://x.com/IRIglobal,43321,"43,321",exact_public,collected,https://www.linkedin.com/company/international-republican-institute,9305,9305,exact_public,collected,https://www.instagram.com/IRIglobal,49936,"49,936",exact_public,collected,https://www.facebook.com/InternationalRepublicanInstitute,2026-09-16T10:03:37.959Z
2026-09-16_11-23-18-360,2026-09-16,International Republican Institute,https://www.iri.org,,,,,,50137,50137,exact_public,collected,https://x.com/IRIglobal,,,,,,,,,,,,,,,,2026-09-16T11:25:16.903Z
2026-09-16_09-00-36-892,2026-09-16,ISPI (Italian Institute for International Political Studies),https://www.ispionline.it/en,,,,,,78777,78777,exact_public,collected,https://x.com/ispionline,,,,,,,,,,,,,,,,2026-09-16T09:02:44.723Z
2026-09-16_09-25-17-709,2026-09-16,ISPI (Italian Institute for International Political Studies),https://www.ispionline.it/en,4190,4.19K,rounded_public,collected,https://www.youtube.com/channel/UCAFKK8R_81qUvhPdjF-52nA,78777,78777,exact_public,collected,https://x.com/ispionline,132404,"132,404",exact_public,collected,https://www.linkedin.com/company/ispi,204651,204651,exact_public,collected,https://www.instagram.com/ispigram/,164704,"164,704",exact_public,collected,https://www.facebook.com/ISPIonline,2026-09-16T10:04:17.753Z
2026-09-16_11-23-18-360,2026-09-16,ISPI (Italian Institute for International Political Studies),https://www.ispionline.it/en,,,,,,78777,78777,exact_public,collected,https://x.com/ispionline,,,,,,,,,,,,,,,,2026-09-16T11:25:19.183Z
2026-09-16_09-00-36-892,2026-09-16,ISS Africa (Institute for Security Studies),https://issafrica.org,,,,,,50034,50034,exact_public,collected,https://x.com/issafrica,,,,,,,,,,,,,,,,2026-09-16T09:02:46.648Z
2026-09-16_09-25-17-709,2026-09-16,ISS Africa (Institute for Security Studies),https://issafrica.org,17300,17.3K,rounded_public,collected,https://www.youtube.com/ISSAfricaTV,50034,50034,exact_public,collected,https://x.com/issafrica,96767,"96,767",exact_public,collected,https://www.linkedin.com/company/institute-for-security-studies,,,,,,53054,"53,054",exact_public,collected,https://www.facebook.com/issafrica,2026-09-16T10:04:45.781Z
2026-09-16_11-23-18-360,2026-09-16,ISS Africa (Institute for Security Studies),https://issafrica.org,,,,,,50037,50037,exact_public,collected,https://x.com/issafrica,,,,,,,,,,,,,,,,2026-09-16T11:25:21.030Z
2026-09-16_09-00-36-892,2026-09-16,ITIF (Information Technology and Innovation Foundation),https://itif.org,,,,,,24492,24492,exact_public,collected,https://x.com/ITIFdc,,,,,,,,,,,,,,,,2026-09-16T09:02:48.554Z
2026-09-16_09-25-17-709,2026-09-16,ITIF (Information Technology and Innovation Foundation),https://itif.org,3640,3.64K,rounded_public,collected,https://www.youtube.com/@itif,24492,24492,exact_public,collected,https://x.com/ITIFdc,9487,"9,487",exact_public,collected,https://www.linkedin.com/company/information-technology-and-innovation-foundation,411,411,exact_public,collected,https://www.instagram.com/itifdc,4405,"4,405",exact_public,collected,https://www.facebook.com/innovationpolicy,2026-09-16T10:05:25.699Z
2026-09-16_11-23-18-360,2026-09-16,ITIF (Information Technology and Innovation Foundation),https://itif.org,,,,,,24492,24492,exact_public,collected,https://x.com/ITIFdc,,,,,,,,,,,,,,,,2026-09-16T11:25:23.161Z
2026-09-16_09-00-36-892,2026-09-16,Japan Institute of International Affairs (JIIA),https://www.jiia.or.jp/en/,,,,,,10751,10751,exact_public,collected,https://x.com/JIIA_jpn,,,,,,,,,,,,,,,,2026-09-16T09:02:50.340Z
2026-09-16_09-25-17-709,2026-09-16,Japan Institute of International Affairs (JIIA),https://www.jiia.or.jp/en/,3650,3.65K,rounded_public,collected,https://www.youtube.com/channel/UC0_Tol0rF9jExOfGHR7tCPA,10751,10751,exact_public,collected,https://x.com/JIIA_jpn,1140,"1,140",exact_public,collected,https://www.linkedin.com/company/jiia%E3%80%80center-for-global-outreach-cgo,,,,,,1304,"1,304",exact_public,collected,https://www.facebook.com/JIIAj,2026-09-16T10:05:53.643Z
2026-09-16_11-23-18-360,2026-09-16,Japan Institute of International Affairs (JIIA),https://www.jiia.or.jp/en/,,,,,,10751,10751,exact_public,collected,https://x.com/JIIA_jpn,,,,,,,,,,,,,,,,2026-09-16T11:25:25.283Z
2026-09-16_09-00-36-892,2026-09-16,Konrad Adenauer Foundation,https://www.kas.de/en,,,,,,27891,27891,exact_public,collected,https://x.com/KASonline,,,,,,,,,,,,,,,,2026-09-16T09:02:52.294Z
2026-09-16_09-25-17-709,2026-09-16,Konrad Adenauer Foundation,https://www.kas.de/en,7320,7.32K,rounded_public,collected,https://www.youtube.com/channel/UCxmhfC04y01RmpL1cr1ouxA,27891,27891,exact_public,collected,https://x.com/KASonline,77042,"77,042",exact_public,collected,https://www.linkedin.com/company/konrad-adenauer-stiftung,39612,39612,exact_public,collected,https://www.instagram.com/onlinekas/,83725,"83,725",exact_public,collected,https://www.facebook.com/kasfb,2026-09-16T10:06:33.866Z
2026-09-16_11-23-18-360,2026-09-16,Konrad Adenauer Foundation,https://www.kas.de/en,,,,,,27892,27892,exact_public,collected,https://x.com/KASonline,,,,,,,,,,,,,,,,2026-09-16T11:25:27.322Z
2026-09-16_09-00-36-892,2026-09-16,Lowy Institute,https://www.lowyinstitute.org,,,,,,75730,75730,exact_public,collected,https://x.com/LowyInstitute,,,,,,,,,,,,,,,,2026-09-16T09:02:54.070Z
2026-09-16_09-25-17-709,2026-09-16,Lowy Institute,https://www.lowyinstitute.org,18900,18.9K,rounded_public,collected,https://www.youtube.com/user/LowyInstitute,75730,75730,exact_public,collected,https://x.com/LowyInstitute,39476,"39,476",exact_public,collected,https://www.linkedin.com/company/the-lowy-institute-for-international-policy,3315,3315,exact_public,collected,https://www.instagram.com/lowyinstitute,,,,,,2026-09-16T10:07:01.954Z
2026-09-16_11-23-18-360,2026-09-16,Lowy Institute,https://www.lowyinstitute.org,,,,,,75730,75730,exact_public,collected,https://x.com/LowyInstitute,,,,,,,,,,,,,,,,2026-09-16T11:25:29.218Z
2026-09-16_09-00-36-892,2026-09-16,Manohar Parrikar Institute for Defence Studies and Analyses,https://www.idsa.in,,,,,,48862,48862,exact_public,collected,https://x.com/IDSAIndia,,,,,,,,,,,,,,,,2026-09-16T09:02:55.971Z
2026-09-16_09-25-17-709,2026-09-16,Manohar Parrikar Institute for Defence Studies and Analyses,https://www.idsa.in,34000,34K,rounded_public,collected,https://www.youtube.com/idsaindia,48862,48862,exact_public,collected,https://x.com/IDSAIndia,14830,"14,830",exact_public,collected,https://www.linkedin.com/company/manohar-parrikar-institute-for-defence-studies-and-analyses,227,227,exact_public,collected,https://www.instagram.com/mpidsa_india,21493,"21,493",exact_public,collected,https://www.facebook.com/InstituteforDefenceStudiesAnalyses,2026-09-16T10:07:40.792Z
2026-09-16_11-23-18-360,2026-09-16,Manohar Parrikar Institute for Defence Studies and Analyses,https://www.idsa.in,,,,,,48862,48862,exact_public,collected,https://x.com/IDSAIndia,,,,,,,,,,,,,,,,2026-09-16T11:25:31.193Z
2026-09-16_09-25-17-709,2026-09-16,Middle East Institute,https://www.mei.edu,20900,20.9K,rounded_public,collected,https://www.youtube.com/channel/UCclgK8IW7xKzd6z9DLk8slg,,,,,,44631,"44,631",exact_public,collected,https://www.linkedin.com/company/middle-east-institute,,,,,,,,,,,2026-09-16T10:08:04.923Z
2026-09-16_09-00-36-892,2026-09-16,Migration Policy Institute,https://www.migrationpolicy.org,,,,,,46665,46665,exact_public,collected,https://x.com/MigrationPolicy?lang=en,,,,,,,,,,,,,,,,2026-09-16T09:02:58.313Z
2026-09-16_09-25-17-709,2026-09-16,Migration Policy Institute,https://www.migrationpolicy.org,1560,1.56K,rounded_public,collected,https://www.youtube.com/channel/UCdtJ56R55sCQFGfZ7Q7mQJg,46628,46628,exact_public,collected,https://x.com/MigrationPolicy?lang=en,59086,"59,086",exact_public,collected,https://www.linkedin.com/company/migration-policy-institute,3628,3628,exact_public,collected,https://www.instagram.com/migrationpolicyinstitute/,21884,"21,884",exact_public,collected,https://www.facebook.com/MigrationPolicyInstitute/,2026-09-16T10:08:35.334Z
2026-09-16_11-23-18-360,2026-09-16,Migration Policy Institute,https://www.migrationpolicy.org,,,,,,46568,46568,exact_public,collected,https://x.com/MigrationPolicy?lang=en,,,,,,,,,,,,,,,,2026-09-16T11:25:33.048Z
2026-09-16_09-00-36-892,2026-09-16,National Bureau of Asian Research,https://www.nbr.org,,,,,,14315,14315,exact_public,collected,https://x.com/nbrnews,,,,,,,,,,,,,,,,2026-09-16T09:03:00.123Z
2026-09-16_09-25-17-709,2026-09-16,National Bureau of Asian Research,https://www.nbr.org,1380,1.38K,rounded_public,collected,https://www.youtube.com/user/NBRonline,14315,14315,exact_public,collected,https://x.com/nbrnews,16801,"16,801",exact_public,collected,https://www.linkedin.com/company/nbrnews,,,,,,7805,"7,805",exact_public,collected,https://www.facebook.com/NBRnews,2026-09-16T10:09:03.034Z
2026-09-16_11-23-18-360,2026-09-16,National Bureau of Asian Research,https://www.nbr.org,,,,,,14315,14315,exact_public,collected,https://x.com/nbrnews,,,,,,,,,,,,,,,,2026-09-16T11:25:34.992Z
2026-09-16_09-00-36-892,2026-09-16,National Council of Applied Economic Research,https://www.ncaer.org,,,,,,9035,9035,exact_public,collected,https://x.com/NCAER,,,,,,,,,,,,,,,,2026-09-16T09:03:02.298Z
2026-09-16_09-25-17-709,2026-09-16,National Council of Applied Economic Research,https://www.ncaer.org,2340,2.34K,rounded_public,collected,https://www.youtube.com/user/NCAER,9035,9035,exact_public,collected,https://x.com/NCAER,26167,"26,167",exact_public,collected,https://www.linkedin.com/company/ncaer,,,,,,,,,,,2026-09-16T10:09:28.990Z
2026-09-16_11-23-18-360,2026-09-16,National Council of Applied Economic Research,https://www.ncaer.org,,,,,,9035,9035,exact_public,collected,https://x.com/NCAER,,,,,,,,,,,,,,,,2026-09-16T11:25:37.035Z
2026-09-16_09-25-17-709,2026-09-16,National Institute of Advanced Studies,https://www.nias.res.in,7140,7.14K,rounded_public,collected,https://www.youtube.com/@nationalinstituteofadvance778,,,,,,,,,count_not_found,https://www.linkedin.com/authwall?trk=gf&trkInfo=AQEi-_Ir84SNMQAAAaCpsaX4ind593Rarugj-7UZr1ZquNLHONW46VxMI_gjCNzaGRR_2LOUvNiervb7Kr6htcZVpp-6W23v_KH7OSoZtbjkFjOV0DpC1QGK-ERY6ohkbGW2mZM=&original_referer=&sessionRedirect=https%3A%2F%2Fwww.linkedin.com%2Fschool%2Fnational-institute-of-advanced-studies%2F,,,,,,,,,,,2026-09-16T10:09:41.976Z
2026-09-16_09-00-36-892,2026-09-16,New America,https://www.newamerica.org,,,,,,51509,51509,exact_public,collected,https://x.com/NewAmerica,,,,,,,,,,,,,,,,2026-09-16T09:03:04.320Z
2026-09-16_09-25-17-709,2026-09-16,New America,https://www.newamerica.org,29300,29.3K,rounded_public,collected,https://www.youtube.com/@NewamericaOrgideas,51509,51509,exact_public,collected,https://x.com/NewAmerica,31472,"31,472",exact_public,collected,https://www.linkedin.com/company/new-america,2577,2577,exact_public,collected,https://www.instagram.com/newamericaorg,25825,"25,825",exact_public,collected,https://www.facebook.com/NewAmerica,2026-09-16T10:10:18.683Z
2026-09-16_11-23-18-360,2026-09-16,New America,https://www.newamerica.org,,,,,,51509,51509,exact_public,collected,https://x.com/NewAmerica,,,,,,,,,,,,,,,,2026-09-16T11:25:38.974Z
2026-09-16_09-00-36-892,2026-09-16,NUPI (Norwegian Institute of International Affairs),https://www.nupi.no/en,,,,,,16134,16134,exact_public,collected,https://x.com/nupinytt,,,,,,,,,,,,,,,,2026-09-16T09:03:07.902Z
2026-09-16_09-25-17-709,2026-09-16,NUPI (Norwegian Institute of International Affairs),https://www.nupi.no/en,6120,6.12K,rounded_public,collected,https://www.youtube.com/user/nupinytt,16134,16134,exact_public,collected,https://x.com/nupinytt,27847,"27,847",exact_public,collected,https://www.linkedin.com/company/norwegian-institute-of-international-affairs,2758,2758,exact_public,collected,https://www.instagram.com/nupinytt,,,,,,2026-09-16T10:10:46.189Z
2026-09-16_11-23-18-360,2026-09-16,NUPI (Norwegian Institute of International Affairs),https://www.nupi.no/en,,,,,,16134,16134,exact_public,collected,https://x.com/nupinytt,,,,,,,,,,,,,,,,2026-09-16T11:25:40.989Z
2026-09-16_09-00-36-892,2026-09-16,Observer Research Foundation,https://www.orfonline.org,,,,,,159308,159308,exact_public,collected,https://x.com/orfonline,,,,,,,,,,,,,,,,2026-09-16T09:03:11.410Z
2026-09-16_09-25-17-709,2026-09-16,Observer Research Foundation,https://www.orfonline.org,256000,256K,rounded_public,collected,https://www.youtube.com/channel/UCkcjGxTW_mLZmmEfWP2UMtQ,159308,159308,exact_public,collected,https://x.com/orfonline,128860,"128,860",exact_public,collected,https://www.linkedin.com/company/observer-research-foundation,70368,70368,exact_public,collected,https://www.instagram.com/orfonline,291169,"291,169",exact_public,collected,https://www.facebook.com/ORFOnline,2026-09-16T10:11:26.035Z
2026-09-16_11-23-18-360,2026-09-16,Observer Research Foundation,https://www.orfonline.org,,,,,,159312,159312,exact_public,collected,https://x.com/orfonline,,,,,,,,,,,,,,,,2026-09-16T11:25:43.146Z
2026-09-16_09-00-36-892,2026-09-16,OIIP (Austrian Institute for International Affairs),https://www.oiip.ac.at/en/,,,,,,2324,2324,exact_public,collected,https://x.com/InfoOiip,,,,,,,,,,,,,,,,2026-09-16T09:03:13.437Z
2026-09-16_09-25-17-709,2026-09-16,OIIP (Austrian Institute for International Affairs),https://www.oiip.ac.at/en/,247,247,exact_public,collected,https://www.youtube.com/channel/UCv1DPI5lm0tN_PXi9m578Gw,2324,2324,exact_public,collected,https://x.com/InfoOiip,,,,count_not_found,https://www.linkedin.com/authwall?trk=gf&trkInfo=AQGt5zgB9lEFEAAAAaCps6HIlpPUJsAcwB1l_dcsUbg4luO9XCwLCNyZDBzVSDmrr44zSU5sI7UJTXrVXjVlR0LWvJQe8Qjx9Ws9OLxinDLk_0khy7qBcxo7awaSA3w74wsdE4w=&original_referer=&sessionRedirect=https%3A%2F%2Fwww.linkedin.com%2Fin%2F%25C3%25B6sterreichisches-institut-f%25C3%25BCr-internationale-politik-611010216,,,,,,3333,"3,333",exact_public,collected,https://www.facebook.com/wien.oiip,2026-09-16T10:12:15.582Z
2026-09-16_11-23-18-360,2026-09-16,OIIP (Austrian Institute for International Affairs),https://www.oiip.ac.at/en/,,,,,,2324,2324,exact_public,collected,https://x.com/InfoOiip,,,,,,,,,,,,,,,,2026-09-16T11:25:44.846Z
2026-09-16_08-14-02-215,2026-09-16,OpenAI,https://openai.com,,,,,,5338562,5338562,,collected,https://x.com/OpenAI,,,,,,,,,,,,,,,,2026-09-16T08:14:02.220Z
2026-09-16_08-14-11-966,2026-09-16,OpenAI,https://openai.com,2060000,2.06M,,collected,https://www.youtube.com/@OpenAI,5338566,5338566,,collected,https://x.com/OpenAI,11711761,"11,711,761",,collected,https://www.linkedin.com/company/openai,7000000,7M,,collected,https://www.instagram.com/openai,843576,"843,576",,collected,https://www.facebook.com/openai/,2026-09-16T08:15:13.778Z
2026-09-16_08-25-12-206,2026-09-16,OpenAI,https://openai.com,2060000,2.06M,rounded_public,collected,https://www.youtube.com/@OpenAI,,,,,,,,,,,,,,,,,,,,,2026-09-16T08:25:12.212Z
2026-09-16_08-25-44-650,2026-09-16,OpenAI,https://openai.com,,,,,,,,,,,,,,,,6615663,6615663,exact_public,collected,https://www.instagram.com/openai,,,,,,2026-09-16T08:25:44.655Z
2026-09-16_08-33-18-167,2026-09-16,OpenAI,https://openai.com,,,,,,5338607,5338607,exact_public,collected,https://x.com/OpenAI,,,,,,,,,,,,,,,,2026-09-16T08:33:18.172Z
2026-09-16_09-00-36-892,2026-09-16,OSW (Centre for Eastern Studies),https://www.osw.waw.pl/en,,,,,,19445,19445,exact_public,collected,https://x.com/OSW_eng,,,,,,,,,,,,,,,,2026-09-16T09:03:15.521Z
2026-09-16_09-25-17-709,2026-09-16,OSW (Centre for Eastern Studies),https://www.osw.waw.pl/en,73100,73.1K,rounded_public,collected,https://www.youtube.com/@centreforeasternstudies,19446,19446,exact_public,collected,https://x.com/OSW_eng,6790,"6,790",exact_public,collected,https://www.linkedin.com/company/centre-for-eastern-studies-osw-,,,,,,4712,"4,712",exact_public,collected,https://www.facebook.com/CentreforEasternStudies,2026-09-16T10:12:42.936Z
2026-09-16_11-23-18-360,2026-09-16,OSW (Centre for Eastern Studies),https://www.osw.waw.pl/en,,,,,,19446,19446,exact_public,collected,https://x.com/OSW_eng,,,,,,,,,,,,,,,,2026-09-16T11:25:46.586Z
2026-09-16_09-00-36-892,2026-09-16,PCNS (Policy Center for the New South),https://www.policycenter.ma,,,,,,17385,17385,exact_public,collected,https://x.com/PolicyCenterNS,,,,,,,,,,,,,,,,2026-09-16T09:03:17.418Z
2026-09-16_09-25-17-709,2026-09-16,PCNS (Policy Center for the New South),https://www.policycenter.ma,19200,19.2K,rounded_public,collected,https://www.youtube.com/PolicyCenterfortheNewSouth,17384,17384,exact_public,collected,https://x.com/PolicyCenterNS,38590,"38,590",exact_public,collected,https://www.linkedin.com/company/policycenterns,10886,10886,exact_public,collected,https://www.instagram.com/policycenter.ns,29153,"29,153",exact_public,collected,https://www.facebook.com/PolicyCenterNS,2026-09-16T10:13:22.764Z
2026-09-16_11-23-18-360,2026-09-16,PCNS (Policy Center for the New South),https://www.policycenter.ma,,,,,,17383,17383,exact_public,collected,https://x.com/PolicyCenterNS,,,,,,,,,,,,,,,,2026-09-16T11:25:48.652Z
2026-09-16_09-25-17-709,2026-09-16,PIIE,https://www.piie.com,36200,36.2K,rounded_public,collected,https://www.youtube.com/channel/UCRnLlxwOaxeplsJ8On583Vw,,,,,,32536,"32,536",exact_public,collected,https://www.linkedin.com/company/piie,,,,,,,,,,,2026-09-16T10:13:46.572Z
2026-09-16_09-00-36-892,2026-09-16,Public Affairs Centre (PAC),https://pacindia.org,,,,,,1101,1101,exact_public,collected,https://x.com/pacindia,,,,,,,,,,,,,,,,2026-09-16T09:03:19.610Z
2026-09-16_09-25-17-709,2026-09-16,Public Affairs Centre (PAC),https://pacindia.org,1070,1.07K,rounded_public,collected,https://www.youtube.com/pacindiavideos,1101,1101,exact_public,collected,https://x.com/pacindia,6338,"6,338",exact_public,collected,https://www.linkedin.com/company/pacindia,410,410,exact_public,collected,https://www.instagram.com/pacindia,,,,,,2026-09-16T10:14:03.005Z
2026-09-16_11-23-18-360,2026-09-16,Public Affairs Centre (PAC),https://pacindia.org,,,,,,1101,1101,exact_public,collected,https://x.com/pacindia,,,,,,,,,,,,,,,,2026-09-16T11:25:50.542Z
2026-09-16_09-00-36-892,2026-09-16,RAND Corporation,https://www.rand.org,,,,,,261573,261573,exact_public,collected,https://x.com/RANDCorporation,,,,,,,,,,,,,,,,2026-09-16T09:03:21.569Z
2026-09-16_09-25-17-709,2026-09-16,RAND Corporation,https://www.rand.org,38200,38.2K,rounded_public,collected,https://www.youtube.com/channel/UCTnsIW_melVWGQC_dxQh45g,261549,261549,exact_public,collected,https://x.com/RANDCorporation,211332,"211,332",exact_public,collected,https://www.linkedin.com/company/rand-corporation,27533,27533,exact_public,collected,https://www.instagram.com/randcorporation/,69226,"69,226",exact_public,collected,https://www.facebook.com/RANDCorporation,2026-09-16T10:14:42.421Z
2026-09-16_11-23-18-360,2026-09-16,RAND Corporation,https://www.rand.org,,,,,,261511,261511,exact_public,collected,https://x.com/RANDCorporation,,,,,,,,,,,,,,,,2026-09-16T11:25:52.659Z
2026-09-16_09-00-36-892,2026-09-16,RIS,https://www.ris.org.in,,,,,,14694,14694,exact_public,collected,https://x.com/RIS_NewDelhi,,,,,,,,,,,,,,,,2026-09-16T09:03:24.674Z
2026-09-16_09-25-17-709,2026-09-16,RIS,https://www.ris.org.in,1880,1.88K,rounded_public,collected,https://www.youtube.com/user/RISNewDelhi,14693,14693,exact_public,collected,https://x.com/RIS_NewDelhi,18844,"18,844",exact_public,collected,https://www.linkedin.com/company/research-and-information-system-for-developing-countries,739,739,exact_public,collected,https://www.instagram.com/risdelhi,6161,"6,161",exact_public,collected,https://www.facebook.com/RISIndia,2026-09-16T10:15:37.603Z
2026-09-16_11-23-18-360,2026-09-16,RIS,https://www.ris.org.in,,,,,,14694,14694,exact_public,collected,https://x.com/RIS_NewDelhi,,,,,,,,,,,,,,,,2026-09-16T11:25:55.131Z
2026-09-16_09-00-36-892,2026-09-16,SAIIA (South African Institute of International Affairs),https://saiia.org.za,,,,,,16208,16208,exact_public,collected,https://x.com/SAIIA_info,,,,,,,,,,,,,,,,2026-09-16T09:03:26.927Z
2026-09-16_09-25-17-709,2026-09-16,SAIIA (South African Institute of International Affairs),https://saiia.org.za,2300,2.3K,rounded_public,collected,https://www.youtube.com/saiiaclips,16208,16208,exact_public,collected,https://x.com/SAIIA_info,,,,count_not_found,https://www.linkedin.com/login/?session_redirect=%2Fcompany%2F1121142,4469,4469,exact_public,collected,https://www.instagram.com/saiia_org,12017,"12,017",exact_public,collected,https://www.facebook.com/saiia.info/,2026-09-16T10:16:32.673Z
2026-09-16_11-23-18-360,2026-09-16,SAIIA (South African Institute of International Affairs),https://saiia.org.za,,,,,,16209,16209,exact_public,collected,https://x.com/SAIIA_info,,,,,,,,,,,,,,,,2026-09-16T11:25:57.323Z
2026-09-16_09-00-36-892,2026-09-16,SIPRI (Stockholm International Peace Research Institute),https://www.sipri.org,,,,,,104300,104300,exact_public,collected,https://x.com/SIPRIorg,,,,,,,,,,,,,,,,2026-09-16T09:03:28.867Z
2026-09-16_09-25-17-709,2026-09-16,SIPRI (Stockholm International Peace Research Institute),https://www.sipri.org,9760,9.76K,rounded_public,collected,https://www.youtube.com/user/SIPRIorg,104300,104300,exact_public,collected,https://x.com/SIPRIorg,51971,"51,971",exact_public,collected,https://www.linkedin.com/company/sipri,3849,3849,exact_public,collected,https://www.instagram.com/sipriorg,30726,"30,726",exact_public,collected,https://www.facebook.com/sipri.org,2026-09-16T10:17:14.163Z
2026-09-16_11-23-18-360,2026-09-16,SIPRI (Stockholm International Peace Research Institute),https://www.sipri.org,,,,,,104299,104299,exact_public,collected,https://x.com/SIPRIorg,,,,,,,,,,,,,,,,2026-09-16T11:25:59.046Z
2026-09-16_09-25-17-709,2026-09-16,Stimson Centre,https://www.stimson.org,9620,9.62K,rounded_public,collected,https://www.youtube.com/channel/UCMzl-NrhN_SuBYJho4UEx9Q,,,,,,35739,"35,739",exact_public,collected,https://www.linkedin.com/company/the-henry-l.-stimson-center,,,,,,,,,,,2026-09-16T10:17:38.035Z
2026-09-16_09-25-17-709,2026-09-16,SWP (German Institute for International and Security Affairs),https://www.swp-berlin.org/en,547,547,exact_public,collected,https://www.youtube.com/@SWP-Berlin,,,,,,32416,"32,416",exact_public,collected,https://www.linkedin.com/company/swp-berlin,,,,,,,,,,,2026-09-16T10:17:50.327Z
2026-09-16_09-00-36-892,2026-09-16,Tax Foundation,https://taxfoundation.org,,,,,,69688,69688,exact_public,collected,https://x.com/taxfoundation,,,,,,,,,,,,,,,,2026-09-16T09:03:30.824Z
2026-09-16_09-25-17-709,2026-09-16,Tax Foundation,https://taxfoundation.org,10500,10.5K,rounded_public,collected,https://www.youtube.com/user/TaxFoundation,69661,69661,exact_public,collected,https://x.com/taxfoundation,45181,"45,181",exact_public,collected,https://www.linkedin.com/company/tax-foundation,5236,5236,exact_public,collected,https://www.instagram.com/tax.foundation,25816,"25,816",exact_public,collected,https://www.facebook.com/taxfoundation,2026-09-16T10:18:20.440Z
2026-09-16_11-23-18-360,2026-09-16,Tax Foundation,https://taxfoundation.org,,,,,,69661,69661,exact_public,collected,https://x.com/taxfoundation,,,,,,,,,,,,,,,,2026-09-16T11:26:00.946Z
2026-09-16_09-00-36-892,2026-09-16,The Energy and Resources Institute,https://www.teriin.org,,,,,,25463,25463,exact_public,collected,https://x.com/teriin,,,,,,,,,,,,,,,,2026-09-16T09:03:32.812Z
2026-09-16_09-25-17-709,2026-09-16,The Energy and Resources Institute,https://www.teriin.org,85400,85.4K,rounded_public,collected,https://www.youtube.com/user/teri,25464,25464,exact_public,collected,https://x.com/teriin,143154,"143,154",exact_public,collected,https://www.linkedin.com/company/teriin,7885,7885,exact_public,collected,https://www.instagram.com/teriindia,39614,"39,614",exact_public,collected,https://www.facebook.com/TERIIN,2026-09-16T10:19:04.462Z
2026-09-16_11-23-18-360,2026-09-16,The Energy and Resources Institute,https://www.teriin.org,,,,,,25464,25464,exact_public,collected,https://x.com/teriin,,,,,,,,,,,,,,,,2026-09-16T11:26:02.987Z
2026-09-16_09-00-36-892,2026-09-16,The Takshashila Institution,https://takshashila.org.in,,,,,,15900,15900,exact_public,collected,https://x.com/TakshashilaInst,,,,,,,,,,,,,,,,2026-09-16T09:03:34.804Z
2026-09-16_09-25-17-709,2026-09-16,The Takshashila Institution,https://takshashila.org.in,5450,5.45K,rounded_public,collected,https://www.youtube.com/c/TakshashilaInst,15899,15899,exact_public,collected,https://x.com/TakshashilaInst,,,,count_not_found,https://www.linkedin.com/authwall?trk=gf&trkInfo=AQFHWMg_3FLyWQAAAaCpus24uZsEoVcklRjaC5J26QuZqYlc9Idn_BFsiNRrYPYIYk2H8R2c9AgS_lBqY2P-jLV8E_CwAHjYywgIVkeTRio4V6X3A4DB5tp1iG-OU4QcPelxF44=&original_referer=&sessionRedirect=https%3A%2F%2Fwww.linkedin.com%2Fschool%2Fthe-takshashila-institution,5394,5394,exact_public,collected,https://www.instagram.com/takshashilainst,,,,,,2026-09-16T10:20:05.468Z
2026-09-16_11-23-18-360,2026-09-16,The Takshashila Institution,https://takshashila.org.in,,,,,,15902,15902,exact_public,collected,https://x.com/TakshashilaInst,,,,,,,,,,,,,,,,2026-09-16T11:26:05.160Z
2026-09-16_09-25-17-709,2026-09-16,Urban Institute,https://www.urban.org,5460,5.46K,rounded_public,collected,https://www.youtube.com/channel/UCiODGs5uF-ZdoLTrRXlkv7g,,,,,,124109,"124,109",exact_public,collected,https://www.linkedin.com/company/urban-institute,,,,,,,,,,,2026-09-16T10:20:30.343Z
2026-09-16_09-00-36-892,2026-09-16,Washington Institute for Near East Policy,https://www.washingtoninstitute.org,,,,,,74023,74023,exact_public,collected,https://x.com/WashInstitute,,,,,,,,,,,,,,,,2026-09-16T09:03:36.971Z
2026-09-16_09-25-17-709,2026-09-16,Washington Institute for Near East Policy,https://www.washingtoninstitute.org,,,,failed,https://www.youtube.com/user/WashingtonInstitute,74023,74023,exact_public,collected,https://x.com/WashInstitute,27103,"27,103",exact_public,collected,https://www.linkedin.com/company/the-washington-institute-for-near-east-policy,,,,,,38761,"38,761",exact_public,collected,https://www.facebook.com/WashingtonInstitute,2026-09-16T10:21:27.271Z
2026-09-16_11-23-18-360,2026-09-16,Washington Institute for Near East Policy,https://www.washingtoninstitute.org,,,,,,74022,74022,exact_public,collected,https://x.com/WashInstitute,,,,,,,,,,,,,,,,2026-09-16T11:26:07.253Z
2026-09-17_07-08-15-378,2026-09-17,ACET (African Center for Economic Transformation),https://acetforafrica.org,613,613,exact_public,collected,https://www.youtube.com/user/acetforafrica,18913,18913,exact_public,collected,https://x.com/acetforafrica,31753,"31,753",exact_public,collected,https://www.linkedin.com/company/acetforafrica,1796,1796,exact_public,collected,https://www.instagram.com/acetforafrica,29807,"29,807",exact_public,collected,https://www.facebook.com/acetforafrica,2026-09-17T07:09:05.821Z
2026-09-17_07-10-24-501,2026-09-17,ACET (African Center for Economic Transformation),https://acetforafrica.org,613,613,exact_public,collected,https://www.youtube.com/user/acetforafrica,,,,,,,,,,,,,,,,,,,,,2026-09-17T07:10:24.505Z
2026-09-17_07-18-05-379,2026-09-17,ACET (African Center for Economic Transformation),https://acetforafrica.org,,,,,,,,,,,31753,"31,753",exact_public,collected,https://www.linkedin.com/company/acetforafrica,,,,,,,,,,,2026-09-17T07:18:05.382Z
2026-09-17_07-22-17-697,2026-09-17,ACET (African Center for Economic Transformation),https://acetforafrica.org,,,,,,,,,,,,,,,,,,,,,29807,"29,807",exact_public,collected,https://www.facebook.com/acetforafrica,2026-09-17T07:22:17.701Z
2026-09-17_07-31-47-888,2026-09-17,ACET (African Center for Economic Transformation),https://acetforafrica.org,,,,,,,,,,,,,,,,,,,count_not_found,https://www.instagram.com/accounts/login/?next=https%3A%2F%2Fwww.instagram.com%2Facetforafrica&is_from_rle,,,,,,2026-09-17T07:31:47.891Z
2026-09-17_07-08-15-378,2026-09-17,Al Jazeera Centre for Studies,https://studies.aljazeera.net/en,44300,44.3K,rounded_public,collected,https://www.youtube.com/user/aljazeerasc,207362,207362,exact_public,collected,https://x.com/AJStudies,,,,,,36661,36661,exact_public,collected,https://www.instagram.com/ajstudies,172974,"172,974",exact_public,collected,https://www.facebook.com/ajstudies,2026-09-17T07:09:51.163Z
2026-09-17_07-10-24-501,2026-09-17,Al Jazeera Centre for Studies,https://studies.aljazeera.net/en,44300,44.3K,rounded_public,collected,https://www.youtube.com/user/aljazeerasc,,,,,,,,,,,,,,,,,,,,,2026-09-17T07:10:30.353Z
2026-09-17_07-22-17-697,2026-09-17,Al Jazeera Centre for Studies,https://studies.aljazeera.net/en,,,,,,,,,,,,,,,,,,,,,172975,"172,975",exact_public,collected,https://www.facebook.com/ajstudies,2026-09-17T07:22:27.398Z
2026-09-17_07-31-47-888,2026-09-17,Al Jazeera Centre for Studies,https://studies.aljazeera.net/en,,,,,,,,,,,,,,,,,,,count_not_found,https://www.instagram.com/accounts/login/?next=https%3A%2F%2Fwww.instagram.com%2Fajstudies&is_from_rle,,,,,,2026-09-17T07:32:06.779Z
2026-09-17_07-08-15-378,2026-09-17,Al Jazeera Media Network,https://network.aljazeera.net/,,,,,,,,,,,298079,"298,079",exact_public,collected,https://www.linkedin.com/company/aljazeera,,,,,,,,,,,2026-09-17T07:09:36.709Z
2026-09-17_07-18-05-379,2026-09-17,Al Jazeera Media Network,https://network.aljazeera.net/,,,,,,,,,,,298079,"298,079",exact_public,collected,https://www.linkedin.com/company/aljazeera,,,,,,,,,,,2026-09-17T07:18:09.735Z
2026-09-17_07-08-15-378,2026-09-17,American Enterprise Institute,https://www.aei.org,223000,223K,rounded_public,collected,https://www.youtube.com/channel/UCt8lRYpzb-sSrKFb4DT2ECw,,,,,,56268,"56,268",exact_public,collected,https://www.linkedin.com/company/american-enterprise-institute,,,,,,,,,,,2026-09-17T07:10:17.460Z
2026-09-17_07-10-24-501,2026-09-17,American Enterprise Institute,https://www.aei.org,223000,223K,rounded_public,collected,https://www.youtube.com/channel/UCt8lRYpzb-sSrKFb4DT2ECw,,,,,,,,,,,,,,,,,,,,,2026-09-17T07:10:35.563Z
2026-09-17_07-18-05-379,2026-09-17,American Enterprise Institute,https://www.aei.org,,,,,,,,,,,56268,"56,268",exact_public,collected,https://www.linkedin.com/company/american-enterprise-institute,,,,,,,,,,,2026-09-17T07:18:11.872Z
2026-09-17_07-08-15-378,2026-09-17,ASPI (Australian Strategic Policy Institute),https://www.aspi.org.au,9150,9.15K,rounded_public,collected,https://www.youtube.com/user/ASPICanberra,56529,56529,exact_public,collected,https://x.com/ASPI_org,64255,"64,255",exact_public,collected,https://www.linkedin.com/company/australian-strategic-policy-institute,1083,1083,exact_public,collected,https://www.instagram.com/aspi_org,28224,"28,224",exact_public,collected,https://www.facebook.com/ASPI.org,2026-09-17T07:10:46.262Z
2026-09-17_07-10-24-501,2026-09-17,ASPI (Australian Strategic Policy Institute),https://www.aspi.org.au,9150,9.15K,rounded_public,collected,https://www.youtube.com/user/ASPICanberra,,,,,,,,,,,,,,,,,,,,,2026-09-17T07:10:40.892Z
2026-09-17_07-18-05-379,2026-09-17,ASPI (Australian Strategic Policy Institute),https://www.aspi.org.au,,,,,,,,,,,64255,"64,255",exact_public,collected,https://www.linkedin.com/company/australian-strategic-policy-institute,,,,,,,,,,,2026-09-17T07:18:14.076Z
2026-09-17_07-22-17-697,2026-09-17,ASPI (Australian Strategic Policy Institute),https://www.aspi.org.au,,,,,,,,,,,,,,,,,,,,,28224,"28,224",exact_public,collected,https://www.facebook.com/ASPI.org,2026-09-17T07:22:36.194Z
2026-09-17_07-31-47-888,2026-09-17,ASPI (Australian Strategic Policy Institute),https://www.aspi.org.au,,,,,,,,,,,,,,,,,,,count_not_found,https://www.instagram.com/accounts/login/?next=https%3A%2F%2Fwww.instagram.com%2Faspi_org&is_from_rle,,,,,,2026-09-17T07:32:25.072Z
2026-09-17_07-08-15-378,2026-09-17,Association for Democratic Reforms,https://adrindia.org,9100,9.1K,rounded_public,collected,https://www.youtube.com/user/adrspeaks,27271,27271,exact_public,collected,https://x.com/adrspeaks,3779,"3,779",exact_public,collected,https://www.linkedin.com/company/association-for-democratic-reforms,2693,2693,exact_public,collected,https://www.instagram.com/adrspeaks,64702,"64,702",exact_public,collected,https://www.facebook.com/adr.new,2026-09-17T07:11:26.975Z
2026-09-17_07-10-24-501,2026-09-17,Association for Democratic Reforms,https://adrindia.org,9100,9.1K,rounded_public,collected,https://www.youtube.com/user/adrspeaks,,,,,,,,,,,,,,,,,,,,,2026-09-17T07:10:46.329Z
2026-09-17_07-18-05-379,2026-09-17,Association for Democratic Reforms,https://adrindia.org,,,,,,,,,,,3779,"3,779",exact_public,collected,https://www.linkedin.com/company/association-for-democratic-reforms,,,,,,,,,,,2026-09-17T07:18:16.435Z
2026-09-17_07-22-17-697,2026-09-17,Association for Democratic Reforms,https://adrindia.org,,,,,,,,,,,,,,,,,,,,,64702,"64,702",exact_public,collected,https://www.facebook.com/adr.new,2026-09-17T07:22:44.524Z
2026-09-17_07-31-47-888,2026-09-17,Association for Democratic Reforms,https://adrindia.org,,,,,,,,,,,,,,,,,,,count_not_found,https://www.instagram.com/accounts/login/?next=https%3A%2F%2Fwww.instagram.com%2Fadrspeaks&is_from_rle,,,,,,2026-09-17T07:32:46.187Z
2026-09-17_07-08-15-378,2026-09-17,Atlantic Council,https://www.atlanticcouncil.org,126000,126K,rounded_public,collected,https://www.youtube.com/atlanticcouncil,225465,225465,exact_public,collected,https://x.com/atlanticcouncil,180044,"180,044",exact_public,collected,https://www.linkedin.com/company/atlantic-council,47748,47748,exact_public,collected,https://www.instagram.com/atlanticcouncil,66183,"66,183",exact_public,collected,https://www.facebook.com/AtlanticCouncil/,2026-09-17T07:12:12.639Z
2026-09-17_07-10-24-501,2026-09-17,Atlantic Council,https://www.atlanticcouncil.org,126000,126K,rounded_public,collected,https://www.youtube.com/atlanticcouncil,,,,,,,,,,,,,,,,,,,,,2026-09-17T07:10:51.667Z
2026-09-17_07-18-05-379,2026-09-17,Atlantic Council,https://www.atlanticcouncil.org,,,,,,,,,,,180045,"180,045",exact_public,collected,https://www.linkedin.com/company/atlantic-council,,,,,,,,,,,2026-09-17T07:18:18.616Z
2026-09-17_07-22-17-697,2026-09-17,Atlantic Council,https://www.atlanticcouncil.org,,,,,,,,,,,,,,,,,,,,,66182,"66,182",exact_public,collected,https://www.facebook.com/AtlanticCouncil/,2026-09-17T07:22:53.237Z
2026-09-17_07-31-47-888,2026-09-17,Atlantic Council,https://www.atlanticcouncil.org,,,,,,,,,,,,,,,,,,,count_not_found,https://www.instagram.com/accounts/login/?next=https%3A%2F%2Fwww.instagram.com%2Fatlanticcouncil&is_from_rle,,,,,,2026-09-17T07:33:07.321Z
2026-09-17_07-08-15-378,2026-09-17,Atlantic Council Africa Center,https://www.atlanticcouncil.org/programs/africa-center/,,,,,,10734,10734,exact_public,collected,https://x.com/acafricacenter,2675,"2,675",exact_public,collected,https://www.linkedin.com/showcase/atlantic-council-africa-center,,,,,,,,,,,2026-09-17T07:09:22.497Z
2026-09-17_07-18-05-379,2026-09-17,Atlantic Council Africa Center,https://www.atlanticcouncil.org/programs/africa-center/,,,,,,,,,,,2675,"2,675",exact_public,collected,https://www.linkedin.com/showcase/atlantic-council-africa-center,,,,,,,,,,,2026-09-17T07:18:07.730Z
2026-09-17_07-08-15-378,2026-09-17,Belfer Center,https://www.belfercenter.org,37100,37.1K,rounded_public,collected,https://www.youtube.com/user/BelferCenter,,,,,,37943,"37,943",exact_public,collected,https://www.linkedin.com/company/belfercenter,6834,6834,exact_public,collected,https://www.instagram.com/belfercenter,,,,count_not_found,https://www.facebook.com/belfercenter,2026-09-17T07:12:54.052Z
2026-09-17_07-10-24-501,2026-09-17,Belfer Center,https://www.belfercenter.org,37100,37.1K,rounded_public,collected,https://www.youtube.com/user/BelferCenter,,,,,,,,,,,,,,,,,,,,,2026-09-17T07:10:57.400Z
2026-09-17_07-18-05-379,2026-09-17,Belfer Center,https://www.belfercenter.org,,,,,,,,,,,37943,"37,943",exact_public,collected,https://www.linkedin.com/company/belfercenter,,,,,,,,,,,2026-09-17T07:18:20.810Z
2026-09-17_07-22-17-697,2026-09-17,Belfer Center,https://www.belfercenter.org,,,,,,,,,,,,,,,,,,,,,,,,count_not_found,https://www.facebook.com/login/?next=https%3A%2F%2Fwww.facebook.com%2Fbelfercenter,2026-09-17T07:23:01.609Z
2026-09-17_07-31-47-888,2026-09-17,Belfer Center,https://www.belfercenter.org,,,,,,,,,,,,,,,,,,,count_not_found,https://www.instagram.com/accounts/login/?next=https%3A%2F%2Fwww.instagram.com%2Fbelfercenter&is_from_rle,,,,,,2026-09-17T07:33:28.445Z
2026-09-17_07-08-15-378,2026-09-17,Bipartisan Policy Center,https://bipartisanpolicy.org,5810,5.81K,rounded_public,collected,https://www.youtube.com/channel/UCr1L-KDu5MZMPpmV-gr48fQ,34372,34372,exact_public,collected,https://x.com/BPC_Bipartisan,31144,"31,144",exact_public,collected,https://www.linkedin.com/company/bipartisan-policy-center,5671,5671,exact_public,collected,https://www.instagram.com/bpc_bipartisan,17818,"17,818",exact_public,collected,https://www.facebook.com/BipartisanPolicyCenter,2026-09-17T07:13:36.277Z
2026-09-17_07-10-24-501,2026-09-17,Bipartisan Policy Center,https://bipartisanpolicy.org,5810,5.81K,rounded_public,collected,https://www.youtube.com/channel/UCr1L-KDu5MZMPpmV-gr48fQ,,,,,,,,,,,,,,,,,,,,,2026-09-17T07:11:02.935Z
2026-09-17_07-18-05-379,2026-09-17,Bipartisan Policy Center,https://bipartisanpolicy.org,,,,,,,,,,,31144,"31,144",exact_public,collected,https://www.linkedin.com/company/bipartisan-policy-center,,,,,,,,,,,2026-09-17T07:18:22.933Z
2026-09-17_07-22-17-697,2026-09-17,Bipartisan Policy Center,https://bipartisanpolicy.org,,,,,,,,,,,,,,,,,,,,,17818,"17,818",exact_public,collected,https://www.facebook.com/BipartisanPolicyCenter,2026-09-17T07:23:09.783Z
2026-09-17_07-31-47-888,2026-09-17,Bipartisan Policy Center,https://bipartisanpolicy.org,,,,,,,,,,,,,,,,,,,count_not_found,https://www.instagram.com/accounts/login/?next=https%3A%2F%2Fwww.instagram.com%2Fbpc_bipartisan&is_from_rle,,,,,,2026-09-17T07:33:46.374Z
2026-09-17_07-08-15-378,2026-09-17,Brookings,https://www.brookings.edu,172000,172K,rounded_public,collected,https://www.youtube.com/user/BrookingsInstitution,449340,449340,exact_public,collected,https://x.com/BrookingsInst,282445,"282,445",exact_public,collected,https://www.linkedin.com/company/the-brookings-institution,78434,78434,exact_public,collected,https://www.instagram.com/brookingsinst,404838,"404,838",exact_public,collected,https://www.facebook.com/brookings,2026-09-17T07:14:21.433Z
2026-09-17_07-10-24-501,2026-09-17,Brookings,https://www.brookings.edu,172000,172K,rounded_public,collected,https://www.youtube.com/user/BrookingsInstitution,,,,,,,,,,,,,,,,,,,,,2026-09-17T07:11:08.088Z
2026-09-17_07-18-05-379,2026-09-17,Brookings,https://www.brookings.edu,,,,,,,,,,,282445,"282,445",exact_public,collected,https://www.linkedin.com/company/the-brookings-institution,,,,,,,,,,,2026-09-17T07:18:25.079Z
2026-09-17_07-22-17-697,2026-09-17,Brookings,https://www.brookings.edu,,,,,,,,,,,,,,,,,,,,,404841,"404,841",exact_public,collected,https://www.facebook.com/brookings,2026-09-17T07:23:18.903Z
2026-09-17_07-31-47-888,2026-09-17,Brookings,https://www.brookings.edu,,,,,,,,,,,,,,,,,,,count_not_found,https://www.instagram.com/accounts/login/?next=https%3A%2F%2Fwww.instagram.com%2Fbrookingsinst&is_from_rle,,,,,,2026-09-17T07:34:04.331Z
2026-09-17_07-08-15-378,2026-09-17,Bruegel,https://www.bruegel.org,5890,5.89K,rounded_public,collected,https://www.youtube.com/user/BruegelTV,,,,,,49693,"49,693",exact_public,collected,https://www.linkedin.com/company/bruegel,2313,2313,exact_public,collected,https://www.instagram.com/bruegel_thinktank,,,,,,2026-09-17T07:14:49.929Z
2026-09-17_07-10-24-501,2026-09-17,Bruegel,https://www.bruegel.org,5890,5.89K,rounded_public,collected,https://www.youtube.com/user/BruegelTV,,,,,,,,,,,,,,,,,,,,,2026-09-17T07:11:13.090Z
2026-09-17_07-18-05-379,2026-09-17,Bruegel,https://www.bruegel.org,,,,,,,,,,,49693,"49,693",exact_public,collected,https://www.linkedin.com/company/bruegel,,,,,,,,,,,2026-09-17T07:18:27.639Z
2026-09-17_07-31-47-888,2026-09-17,Bruegel,https://www.bruegel.org,,,,,,,,,,,,,,,,,,,count_not_found,https://www.instagram.com/accounts/login/?next=https%3A%2F%2Fwww.instagram.com%2Fbruegel_thinktank&is_from_rle,,,,,,2026-09-17T07:34:22.425Z
2026-09-17_07-08-15-378,2026-09-17,Carnegie Endowment for International Peace,https://carnegieendowment.org,86000,86K,rounded_public,collected,https://www.youtube.com/CarnegieEndowment,263992,263992,exact_public,collected,https://x.com/CarnegieEndow,105771,"105,771",exact_public,collected,https://www.linkedin.com/company/carnegieendowment,32825,32825,exact_public,collected,https://www.instagram.com/carnegieendow,224963,"224,963",exact_public,collected,https://www.facebook.com/carnegieendowment,2026-09-17T07:15:30.556Z
2026-09-17_07-10-24-501,2026-09-17,Carnegie Endowment for International Peace,https://carnegieendowment.org,86000,86K,rounded_public,collected,https://www.youtube.com/CarnegieEndowment,,,,,,,,,,,,,,,,,,,,,2026-09-17T07:11:18.190Z
2026-09-17_07-18-05-379,2026-09-17,Carnegie Endowment for International Peace,https://carnegieendowment.org,,,,,,,,,,,105771,"105,771",exact_public,collected,https://www.linkedin.com/company/carnegieendowment,,,,,,,,,,,2026-09-17T07:18:29.760Z
2026-09-17_07-22-17-697,2026-09-17,Carnegie Endowment for International Peace,https://carnegieendowment.org,,,,,,,,,,,,,,,,,,,,,224963,"224,963",exact_public,collected,https://www.facebook.com/carnegieendowment,2026-09-17T07:23:27.446Z
2026-09-17_07-31-47-888,2026-09-17,Carnegie Endowment for International Peace,https://carnegieendowment.org,,,,,,,,,,,,,,,,,,,count_not_found,https://www.instagram.com/accounts/login/?next=https%3A%2F%2Fwww.instagram.com%2Fcarnegieendow&is_from_rle,,,,,,2026-09-17T07:34:40.201Z
2026-09-17_07-08-15-378,2026-09-17,Cato Institute,https://www.cato.org,107000,107K,rounded_public,collected,https://www.youtube.com/channel/UCyl7zwI6giPG6zC3uC8GGVg,,,,,,68308,"68,308",exact_public,collected,https://www.linkedin.com/company/cato-institute,,,,,,,,,,,2026-09-17T07:15:56.683Z
2026-09-17_07-10-24-501,2026-09-17,Cato Institute,https://www.cato.org,107000,107K,rounded_public,collected,https://www.youtube.com/channel/UCyl7zwI6giPG6zC3uC8GGVg,,,,,,,,,,,,,,,,,,,,,2026-09-17T07:11:23.679Z
2026-09-17_07-18-05-379,2026-09-17,Cato Institute,https://www.cato.org,,,,,,,,,,,68308,"68,308",exact_public,collected,https://www.linkedin.com/company/cato-institute,,,,,,,,,,,2026-09-17T07:18:31.798Z
2026-09-17_07-08-15-378,2026-09-17,Center for a New American Security,https://www.cnas.org,12300,12.3K,rounded_public,collected,https://www.youtube.com/user/CNASdc,64446,64446,exact_public,collected,https://x.com/cnasdc,34992,"34,992",exact_public,collected,https://www.linkedin.com/company/center-for-a-new-american-security,2191,2191,exact_public,collected,https://www.instagram.com/cnasdc,14354,"14,354",exact_public,collected,https://www.facebook.com/CNASdc,2026-09-17T07:16:25.838Z
2026-09-17_07-10-24-501,2026-09-17,Center for a New American Security,https://www.cnas.org,12300,12.3K,rounded_public,collected,https://www.youtube.com/user/CNASdc,,,,,,,,,,,,,,,,,,,,,2026-09-17T07:11:29.831Z
2026-09-17_07-18-05-379,2026-09-17,Center for a New American Security,https://www.cnas.org,,,,,,,,,,,34992,"34,992",exact_public,collected,https://www.linkedin.com/company/center-for-a-new-american-security,,,,,,,,,,,2026-09-17T07:18:33.836Z
2026-09-17_07-22-17-697,2026-09-17,Center for a New American Security,https://www.cnas.org,,,,,,,,,,,,,,,,,,,,,,,,count_not_found,https://www.facebook.com/login/?next=https%3A%2F%2Fwww.facebook.com%2FCNASdc,2026-09-17T07:23:36.299Z
2026-09-17_07-31-47-888,2026-09-17,Center for a New American Security,https://www.cnas.org,,,,,,,,,,,,,,,,,,,count_not_found,https://www.instagram.com/accounts/login/?next=https%3A%2F%2Fwww.instagram.com%2Fcnasdc&is_from_rle,,,,,,2026-09-17T07:34:58.375Z
2026-09-17_07-08-15-378,2026-09-17,Centre for Air Power Studies,https://capsindia.org,,,,,,9190,9190,exact_public,collected,https://x.com/caps_india,,,,count_not_found,https://www.linkedin.com/authwall?trk=gf&trkInfo=AQHWddVMvZRYLQAAAaCuOZ8Y5w_sLYqggR-gcu7mI779A8HvXplMcuvhhdHS3I6LK-N28k-RDmY1ndYYXlc_wv1Oekb9kwX-lSBSw4plSKV_Sa8v-HMlRxLxEtv-C7AlYLFGQjA=&original_referer=&sessionRedirect=https%3A%2F%2Fwww.linkedin.com%2Fin%2Fcentre-for-air-power-studies-caps-4216ab82,,,,,,,,,,,2026-09-17T07:16:42.278Z
2026-09-17_07-18-05-379,2026-09-17,Centre for Air Power Studies,https://capsindia.org,,,,,,,,,,,,,,count_not_found,https://www.linkedin.com/authwall?trk=gf&trkInfo=AQFYJHiSq9UT5wAAAaCuO0jgnPFgtSp1xr90q7q-v7YPKSjNsKUYz2lW489tFgcuxVyRHwzncmuO5u7eaSyAbmIE__1lMHS9l2vJCjBPnP5Vcwxu019WFauTCUCRsIwLe7KSwos=&original_referer=&sessionRedirect=https%3A%2F%2Fwww.linkedin.com%2Fin%2Fcentre-for-air-power-studies-caps-4216ab82,,,,,,,,,,,2026-09-17T07:18:36.042Z
2026-09-17_07-08-15-378,2026-09-17,Centre for Budget and Governance Accountability,https://www.cbgaindia.org,369,369,exact_public,collected,https://www.youtube.com/channel/UCIve0XhNPeY5on7UPjQeRtg,1736,1736,exact_public,collected,https://x.com/CBGAIndia,3072,"3,072",exact_public,collected,https://www.linkedin.com/company/cbgaindia,,,,,,2036,"2,036",exact_public,collected,https://www.facebook.com/CBGAIndia,2026-09-17T07:17:23.370Z
2026-09-17_07-10-24-501,2026-09-17,Centre for Budget and Governance Accountability,https://www.cbgaindia.org,369,369,exact_public,collected,https://www.youtube.com/channel/UCIve0XhNPeY5on7UPjQeRtg,,,,,,,,,,,,,,,,,,,,,2026-09-17T07:11:35.186Z
2026-09-17_07-18-05-379,2026-09-17,Centre for Budget and Governance Accountability,https://www.cbgaindia.org,,,,,,,,,,,3072,"3,072",exact_public,collected,https://www.linkedin.com/company/cbgaindia,,,,,,,,,,,2026-09-17T07:18:40.951Z
2026-09-17_07-22-17-697,2026-09-17,Centre for Budget and Governance Accountability,https://www.cbgaindia.org,,,,,,,,,,,,,,,,,,,,,,,,count_not_found,https://www.facebook.com/login/?next=https%3A%2F%2Fwww.facebook.com%2FCBGAIndia,2026-09-17T07:23:44.439Z
2026-09-17_07-08-15-378,2026-09-17,Centre for Budget and Policy Studies,https://cbps.in,240,240,exact_public,collected,https://www.youtube.com/user/CBPSMedia,534,534,exact_public,collected,https://x.com/CbpsBlr,7839,"7,839",exact_public,collected,https://www.linkedin.com/company/cbpsblr,391,391,exact_public,collected,https://www.instagram.com/cbpsblr,2724,"2,724",exact_public,collected,https://www.facebook.com/cbpsblr,2026-09-17T07:18:07.695Z
2026-09-17_07-10-24-501,2026-09-17,Centre for Budget and Policy Studies,https://cbps.in,240,240,exact_public,collected,https://www.youtube.com/user/CBPSMedia,,,,,,,,,,,,,,,,,,,,,2026-09-17T07:11:40.208Z
2026-09-17_07-18-05-379,2026-09-17,Centre for Budget and Policy Studies,https://cbps.in,,,,,,,,,,,7839,"7,839",exact_public,collected,https://www.linkedin.com/company/cbpsblr,,,,,,,,,,,2026-09-17T07:18:42.880Z
2026-09-17_07-22-17-697,2026-09-17,Centre for Budget and Policy Studies,https://cbps.in,,,,,,,,,,,,,,,,,,,,,,,,count_not_found,https://www.facebook.com/login/?next=https%3A%2F%2Fwww.facebook.com%2FCentre-for-Budget-and-Policy-Studies-191158970935880,2026-09-17T07:23:52.656Z
2026-09-17_07-31-47-888,2026-09-17,Centre for Budget and Policy Studies,https://cbps.in,,,,,,,,,,,,,,,,,,,count_not_found,https://www.instagram.com/accounts/login/?next=https%3A%2F%2Fwww.instagram.com%2Fcbpsblr&is_from_rle,,,,,,2026-09-17T07:35:16.525Z
2026-09-17_07-08-15-378,2026-09-17,Centre for Civil Society,https://ccs.in,8600,8.6K,rounded_public,collected,https://www.youtube.com/c/ccsindiatv,10205,10205,exact_public,collected,https://x.com/ccsindia,69953,"69,953",exact_public,collected,https://www.linkedin.com/company/ccsindia,10981,10981,exact_public,collected,https://www.instagram.com/ccsindia,146154,"146,154",exact_public,collected,https://www.facebook.com/ccsindia,2026-09-17T07:18:49.155Z
2026-09-17_07-10-24-501,2026-09-17,Centre for Civil Society,https://ccs.in,8600,8.6K,rounded_public,collected,https://www.youtube.com/c/ccsindiatv,,,,,,,,,,,,,,,,,,,,,2026-09-17T07:11:45.250Z
2026-09-17_07-18-05-379,2026-09-17,Centre for Civil Society,https://ccs.in,,,,,,,,,,,69953,"69,953",exact_public,collected,https://www.linkedin.com/company/ccsindia,,,,,,,,,,,2026-09-17T07:18:45.142Z
2026-09-17_07-22-17-697,2026-09-17,Centre for Civil Society,https://ccs.in,,,,,,,,,,,,,,,,,,,,,,,,count_not_found,https://www.facebook.com/login/?next=https%3A%2F%2Fwww.facebook.com%2Fccsindia,2026-09-17T07:24:00.850Z
2026-09-17_07-31-47-888,2026-09-17,Centre for Civil Society,https://ccs.in,,,,,,,,,,,,,,,,,,,count_not_found,https://www.instagram.com/accounts/login/?next=https%3A%2F%2Fwww.instagram.com%2Fccsindia&is_from_rle,,,,,,2026-09-17T07:35:34.713Z
2026-09-17_07-08-15-378,2026-09-17,Centre for Development Studies,https://cds.edu,1200,1.2K,rounded_public,collected,https://www.youtube.com/cdskeral,837,837,exact_public,collected,https://x.com/CdsTrivandrum,,,,count_not_found,https://www.linkedin.com/authwall?trk=gf&trkInfo=AQFjk-kzyuLrJQAAAaCuO_TARSw8ycU5B3mkSOi4bmJG4zncuNIoY5XuL8BiLbPYiWJ4nz0kWdM8y3xU9ZsP8BhgJxYMf7B1OWPeaMMa-oX7WP-CXGONotelTNm50sfPkGNjTKs=&original_referer=&sessionRedirect=https%3A%2F%2Fwww.linkedin.com%2Fin%2Fcds-centre-for-development-studies-a69046323,,,,,,,,,count_not_found,https://www.facebook.com/groups/161461153897391,2026-09-17T07:19:39.849Z
2026-09-17_07-10-24-501,2026-09-17,Centre for Development Studies,https://cds.edu,1200,1.2K,rounded_public,collected,https://www.youtube.com/cdskeral,,,,,,,,,,,,,,,,,,,,,2026-09-17T07:11:50.724Z
2026-09-17_07-18-05-379,2026-09-17,Centre for Development Studies,https://cds.edu,,,,,,,,,,,,,,count_not_found,https://www.linkedin.com/authwall?trk=gf&trkInfo=AQEYAG_yTm09QwAAAaCuO3fAu331UPPb_ONZ0ef7QJbGZUyN47GagmuMKXf-OM97CNdSZPIg-qsCFtThankomgAd5EDMAH8Ecypj2BbbtWZVAFriADH14hqSxXrlNP8VUbvFvYI=&original_referer=&sessionRedirect=https%3A%2F%2Fwww.linkedin.com%2Fin%2Fcds-centre-for-development-studies-a69046323,,,,,,,,,,,2026-09-17T07:18:47.583Z
2026-09-17_07-22-17-697,2026-09-17,Centre for Development Studies,https://cds.edu,,,,,,,,,,,,,,,,,,,,,,,,count_not_found,https://www.facebook.com/login/?next=https%3A%2F%2Fwww.facebook.com%2Fgroups%2F161461153897391,2026-09-17T07:24:09.071Z
2026-09-17_07-08-15-378,2026-09-17,Centre for Gender and Politics,https://www.cgaps.org,64,64,exact_public,collected,https://www.youtube.com/@cgapsouthasia,786,786,exact_public,collected,https://x.com/cgap_sa,10949,"10,949",exact_public,collected,https://www.linkedin.com/company/cgap,837,837,exact_public,collected,https://www.instagram.com/cgapsouthasia,,,,,,2026-09-17T07:20:10.977Z
2026-09-17_07-10-24-501,2026-09-17,Centre for Gender and Politics,https://www.cgaps.org,64,64,exact_public,collected,https://www.youtube.com/@cgapsouthasia,,,,,,,,,,,,,,,,,,,,,2026-09-17T07:11:55.712Z
2026-09-17_07-18-05-379,2026-09-17,Centre for Gender and Politics,https://www.cgaps.org,,,,,,,,,,,10949,"10,949",exact_public,collected,https://www.linkedin.com/company/cgap,,,,,,,,,,,2026-09-17T07:18:52.832Z
2026-09-17_07-31-47-888,2026-09-17,Centre for Gender and Politics,https://www.cgaps.org,,,,,,,,,,,,,,,,,,,count_not_found,https://www.instagram.com/accounts/login/?next=https%3A%2F%2Fwww.instagram.com%2Fcgapsouthasia&is_from_rle,,,,,,2026-09-17T07:35:52.701Z
2026-09-17_07-08-15-378,2026-09-17,Centre for Land Warfare Studies (CLAWS),https://www.claws.in,14300,14.3K,rounded_public,collected,https://www.youtube.com/channel/UCi8jLGp-l1_SIS7Oc1z4yRA,,,,,,15567,"15,567",exact_public,collected,https://www.linkedin.com/company/centre-for-land-warfare-studies-claws,,,,,,,,,,,2026-09-17T07:20:35.547Z
2026-09-17_07-10-24-501,2026-09-17,Centre for Land Warfare Studies (CLAWS),https://www.claws.in,14300,14.3K,rounded_public,collected,https://www.youtube.com/channel/UCi8jLGp-l1_SIS7Oc1z4yRA,,,,,,,,,,,,,,,,,,,,,2026-09-17T07:12:00.721Z
2026-09-17_07-18-05-379,2026-09-17,Centre for Land Warfare Studies (CLAWS),https://www.claws.in,,,,,,,,,,,15567,"15,567",exact_public,collected,https://www.linkedin.com/company/centre-for-land-warfare-studies-claws,,,,,,,,,,,2026-09-17T07:18:54.959Z
2026-09-17_07-08-15-378,2026-09-17,Centre for Policy Research,https://cprindia.org,23200,23.2K,rounded_public,collected,https://www.youtube.com/channel/UCT0LvSYjYr2gmUDhx7Z3wtw,64401,64401,exact_public,collected,https://x.com/CPR_India,137625,"137,625",exact_public,collected,https://www.linkedin.com/company/centre-for-policy-research,20707,20707,exact_public,collected,https://www.instagram.com/cpr_india,17703,"17,703",exact_public,collected,https://www.facebook.com/CentreforPolicyResearch,2026-09-17T07:21:08.762Z
2026-09-17_07-10-24-501,2026-09-17,Centre for Policy Research,https://cprindia.org,23200,23.2K,rounded_public,collected,https://www.youtube.com/channel/UCT0LvSYjYr2gmUDhx7Z3wtw,,,,,,,,,,,,,,,,,,,,,2026-09-17T07:12:05.820Z
2026-09-17_07-18-05-379,2026-09-17,Centre for Policy Research,https://cprindia.org,,,,,,,,,,,137625,"137,625",exact_public,collected,https://www.linkedin.com/company/centre-for-policy-research,,,,,,,,,,,2026-09-17T07:18:57.493Z
2026-09-17_07-22-17-697,2026-09-17,Centre for Policy Research,https://cprindia.org,,,,,,,,,,,,,,,,,,,,,,,,count_not_found,https://www.facebook.com/login/?next=https%3A%2F%2Fwww.facebook.com%2FCentreforPolicyResearch,2026-09-17T07:24:17.243Z
2026-09-17_07-31-47-888,2026-09-17,Centre for Policy Research,https://cprindia.org,,,,,,,,,,,,,,,,,,,count_not_found,https://www.instagram.com/accounts/login/?next=https%3A%2F%2Fwww.instagram.com%2Fcpr_india&is_from_rle,,,,,,2026-09-17T07:36:10.578Z
2026-09-17_07-08-15-378,2026-09-17,Centre for Public Policy,https://www.iimb.ac.in/centres-of-excellence/cpp,,,,,,,,,,,1716,"1,716",exact_public,collected,https://www.linkedin.com/company/cpp-iimb,,,,,,,,,,,2026-09-17T07:21:22.521Z
2026-09-17_07-18-05-379,2026-09-17,Centre for Public Policy,https://www.iimb.ac.in/centres-of-excellence/cpp,,,,,,,,,,,1716,"1,716",exact_public,collected,https://www.linkedin.com/company/cpp-iimb,,,,,,,,,,,2026-09-17T07:18:59.765Z
2026-09-17_07-08-15-378,2026-09-17,Centre for Public Policy Research,https://www.cppr.in,2580,2.58K,rounded_public,collected,https://www.youtube.com/user/CPPRIndia,2774,2774,exact_public,collected,https://x.com/CPPRIndia,119033,"119,033",exact_public,collected,https://www.linkedin.com/company/cpprindia,2611,2611,exact_public,collected,https://www.instagram.com/cpprindia,11722,"11,722",exact_public,collected,https://www.facebook.com/cpprindia,2026-09-17T07:21:53.367Z
2026-09-17_07-10-24-501,2026-09-17,Centre for Public Policy Research,https://www.cppr.in,2580,2.58K,rounded_public,collected,https://www.youtube.com/user/CPPRIndia,,,,,,,,,,,,,,,,,,,,,2026-09-17T07:12:11.260Z
2026-09-17_07-18-05-379,2026-09-17,Centre for Public Policy Research,https://www.cppr.in,,,,,,,,,,,119033,"119,033",exact_public,collected,https://www.linkedin.com/company/cpprindia,,,,,,,,,,,2026-09-17T07:19:02.008Z
2026-09-17_07-22-17-697,2026-09-17,Centre for Public Policy Research,https://www.cppr.in,,,,,,,,,,,,,,,,,,,,,,,,count_not_found,https://www.facebook.com/login/?next=https%3A%2F%2Fwww.facebook.com%2Fcpprindia,2026-09-17T07:24:25.455Z
2026-09-17_07-31-47-888,2026-09-17,Centre for Public Policy Research,https://www.cppr.in,,,,,,,,,,,,,,,,,,,count_not_found,https://www.instagram.com/accounts/login/?next=https%3A%2F%2Fwww.instagram.com%2Fcpprindia&is_from_rle,,,,,,2026-09-17T07:36:28.337Z
2026-09-17_07-08-15-378,2026-09-17,Centre for Social and Economic Progress,https://csep.org,10200,10.2K,rounded_public,collected,https://www.youtube.com/channel/UCB-HDsHu8v-7e_UvAJBW5OQ,44157,44157,exact_public,collected,https://x.com/CSEP_Org,87692,"87,692",exact_public,collected,https://www.linkedin.com/company/csep-org,,,,,,8253,"8,253",exact_public,collected,https://www.facebook.com/csepresearch,2026-09-17T07:22:21.645Z
2026-09-17_07-10-24-501,2026-09-17,Centre for Social and Economic Progress,https://csep.org,10200,10.2K,rounded_public,collected,https://www.youtube.com/channel/UCB-HDsHu8v-7e_UvAJBW5OQ,,,,,,,,,,,,,,,,,,,,,2026-09-17T07:12:16.496Z
2026-09-17_07-18-05-379,2026-09-17,Centre for Social and Economic Progress,https://csep.org,,,,,,,,,,,87692,"87,692",exact_public,collected,https://www.linkedin.com/company/csep-org,,,,,,,,,,,2026-09-17T07:19:04.174Z
2026-09-17_07-22-17-697,2026-09-17,Centre for Social and Economic Progress,https://csep.org,,,,,,,,,,,,,,,,,,,,,,,,count_not_found,https://www.facebook.com/login/?next=https%3A%2F%2Fwww.facebook.com%2Fcsepresearch,2026-09-17T07:24:33.987Z
2026-09-17_07-08-15-378,2026-09-17,"Centre for Study of Science, Technology and Policy",https://cstep.in,960,960,exact_public,collected,https://www.youtube.com/channel/UCROj7dD9PqkZj4My5En829A,4470,4470,exact_public,collected,https://x.com/CSTEP_India,27292,"27,292",exact_public,collected,https://www.linkedin.com/company/cstep,1188,1188,exact_public,collected,https://www.instagram.com/cstep_ind,,,,,,2026-09-17T07:22:51.019Z
2026-09-17_07-10-24-501,2026-09-17,"Centre for Study of Science, Technology and Policy",https://cstep.in,960,960,exact_public,collected,https://www.youtube.com/channel/UCROj7dD9PqkZj4My5En829A,,,,,,,,,,,,,,,,,,,,,2026-09-17T07:12:21.905Z
2026-09-17_07-18-05-379,2026-09-17,"Centre for Study of Science, Technology and Policy",https://cstep.in,,,,,,,,,,,27292,"27,292",exact_public,collected,https://www.linkedin.com/company/cstep,,,,,,,,,,,2026-09-17T07:19:06.582Z
2026-09-17_07-31-47-888,2026-09-17,"Centre for Study of Science, Technology and Policy",https://cstep.in,,,,,,,,,,,,,,,,,,,count_not_found,https://www.instagram.com/accounts/login/?next=https%3A%2F%2Fwww.instagram.com%2Fcstep_ind&is_from_rle,,,,,,2026-09-17T07:36:46.121Z
2026-09-17_07-08-15-378,2026-09-17,Centre for the Study of Developing Societies,https://www.csds.in,6760,6.76K,rounded_public,collected,https://www.youtube.com/csdsdelhi,11596,11596,exact_public,collected,https://x.com/csdsdelhi,,,,count_not_found,https://www.linkedin.com/in/csds-delhi-450319214,,,,,,12879,"12,879",exact_public,collected,https://www.facebook.com/csdsdelhi,2026-09-17T07:23:26.087Z
2026-09-17_07-10-24-501,2026-09-17,Centre for the Study of Developing Societies,https://www.csds.in,6760,6.76K,rounded_public,collected,https://www.youtube.com/csdsdelhi,,,,,,,,,,,,,,,,,,,,,2026-09-17T07:12:27.026Z
2026-09-17_07-18-05-379,2026-09-17,Centre for the Study of Developing Societies,https://www.csds.in,,,,,,,,,,,,,,count_not_found,https://www.linkedin.com/in/csds-delhi-450319214,,,,,,,,,,,2026-09-17T07:19:09.024Z
2026-09-17_07-22-17-697,2026-09-17,Centre for the Study of Developing Societies,https://www.csds.in,,,,,,,,,,,,,,,,,,,,,,,,count_not_found,https://www.facebook.com/login/?next=https%3A%2F%2Fwww.facebook.com%2Fcsdsdelhi,2026-09-17T07:24:42.477Z
2026-09-17_07-08-15-378,2026-09-17,CEPA (Center for European Policy Analysis),https://cepa.org,4330,4.33K,rounded_public,collected,https://www.youtube.com/channel/UCiYaHwnU8S_pXYFDLM6RXGw,66770,66770,exact_public,collected,https://x.com/cepa,92761,"92,761",exact_public,collected,https://www.linkedin.com/company/center-for-european-policy-analysis,4209,4209,exact_public,collected,https://www.instagram.com/cepaorg,16033,"16,033",exact_public,collected,https://www.facebook.com/CenterforEuropeanPolicyAnalysis,2026-09-17T07:24:07.823Z
2026-09-17_07-10-24-501,2026-09-17,CEPA (Center for European Policy Analysis),https://cepa.org,4330,4.33K,rounded_public,collected,https://www.youtube.com/channel/UCiYaHwnU8S_pXYFDLM6RXGw,,,,,,,,,,,,,,,,,,,,,2026-09-17T07:12:32.010Z
2026-09-17_07-18-05-379,2026-09-17,CEPA (Center for European Policy Analysis),https://cepa.org,,,,,,,,,,,92761,"92,761",exact_public,collected,https://www.linkedin.com/company/center-for-european-policy-analysis,,,,,,,,,,,2026-09-17T07:19:13.637Z
2026-09-17_07-22-17-697,2026-09-17,CEPA (Center for European Policy Analysis),https://cepa.org,,,,,,,,,,,,,,,,,,,,,,,,count_not_found,https://www.facebook.com/login/?next=https%3A%2F%2Fwww.facebook.com%2FCenterforEuropeanPolicyAnalysis,2026-09-17T07:24:50.921Z
2026-09-17_07-31-47-888,2026-09-17,CEPA (Center for European Policy Analysis),https://cepa.org,,,,,,,,,,,,,,,,,,,count_not_found,https://www.instagram.com/accounts/login/?next=https%3A%2F%2Fwww.instagram.com%2Fcepaorg&is_from_rle,,,,,,2026-09-17T07:37:04.159Z
2026-09-17_07-08-15-378,2026-09-17,CEPR (Center for Economic and Policy Research),https://cepr.net,5910,5.91K,rounded_public,collected,https://www.youtube.com/channel/UCQ5-7CUfHe7mZGR7alIOsxA,48356,48356,exact_public,collected,https://x.com/ceprdc,27661,"27,661",exact_public,collected,https://www.linkedin.com/company/center-for-economic-and-policy-research,1600,1600,exact_public,collected,https://www.instagram.com/ceprdc/,62774,"62,774",exact_public,collected,https://www.facebook.com/CEPRDC/,2026-09-17T07:24:49.881Z
2026-09-17_07-10-24-501,2026-09-17,CEPR (Center for Economic and Policy Research),https://cepr.net,5910,5.91K,rounded_public,collected,https://www.youtube.com/channel/UCQ5-7CUfHe7mZGR7alIOsxA,,,,,,,,,,,,,,,,,,,,,2026-09-17T07:12:37.293Z
2026-09-17_07-18-05-379,2026-09-17,CEPR (Center for Economic and Policy Research),https://cepr.net,,,,,,,,,,,27661,"27,661",exact_public,collected,https://www.linkedin.com/company/center-for-economic-and-policy-research,,,,,,,,,,,2026-09-17T07:19:15.863Z
2026-09-17_07-22-17-697,2026-09-17,CEPR (Center for Economic and Policy Research),https://cepr.net,,,,,,,,,,,,,,,,,,,,,62774,"62,774",exact_public,collected,https://www.facebook.com/CEPRDC/,2026-09-17T07:24:59.369Z
2026-09-17_07-31-47-888,2026-09-17,CEPR (Center for Economic and Policy Research),https://cepr.net,,,,,,,,,,,,,,,,,,,count_not_found,https://www.instagram.com/accounts/login/?next=https%3A%2F%2Fwww.instagram.com%2Fceprdc%2F&is_from_rle,,,,,,2026-09-17T07:37:22.032Z
2026-09-17_07-08-15-378,2026-09-17,CEPS (Centre for European Policy Studies),https://www.ceps.eu,2990,2.99K,rounded_public,collected,https://www.youtube.com/channel/UCBX-oXE3mC8LGnrRIhCRI7A,59067,59067,exact_public,collected,https://x.com/CEPS_thinktank,95578,"95,578",exact_public,collected,https://www.linkedin.com/company/ceps,,,,,,,,,,,2026-09-17T07:25:18.152Z
2026-09-17_07-10-24-501,2026-09-17,CEPS (Centre for European Policy Studies),https://www.ceps.eu,2990,2.99K,rounded_public,collected,https://www.youtube.com/channel/UCBX-oXE3mC8LGnrRIhCRI7A,,,,,,,,,,,,,,,,,,,,,2026-09-17T07:12:42.240Z
2026-09-17_07-18-05-379,2026-09-17,CEPS (Centre for European Policy Studies),https://www.ceps.eu,,,,,,,,,,,95577,"95,577",exact_public,collected,https://www.linkedin.com/company/ceps,,,,,,,,,,,2026-09-17T07:19:17.961Z
2026-09-17_07-08-15-378,2026-09-17,CFR (Council on Foreign Relations),https://www.cfr.org,342000,342K,rounded_public,collected,https://www.youtube.com/cfr,578369,578369,exact_public,collected,https://x.com/CFR_org,432556,"432,556",exact_public,collected,https://www.linkedin.com/company/council-on-foreign-relations,168411,168411,exact_public,collected,https://www.instagram.com/cfr_org,499822,"499,822",exact_public,collected,https://www.facebook.com/councilonforeignrelations,2026-09-17T07:25:47.675Z
2026-09-17_07-10-24-501,2026-09-17,CFR (Council on Foreign Relations),https://www.cfr.org,342000,342K,rounded_public,collected,https://www.youtube.com/cfr,,,,,,,,,,,,,,,,,,,,,2026-09-17T07:12:47.333Z
2026-09-17_07-18-05-379,2026-09-17,CFR (Council on Foreign Relations),https://www.cfr.org,,,,,,,,,,,432556,"432,556",exact_public,collected,https://www.linkedin.com/company/council-on-foreign-relations,,,,,,,,,,,2026-09-17T07:19:20.217Z
2026-09-17_07-22-17-697,2026-09-17,CFR (Council on Foreign Relations),https://www.cfr.org,,,,,,,,,,,,,,,,,,,,,,,,count_not_found,https://www.facebook.com/login/?next=https%3A%2F%2Fwww.facebook.com%2Fcouncilonforeignrelations,2026-09-17T07:25:08.479Z
2026-09-17_07-31-47-888,2026-09-17,CFR (Council on Foreign Relations),https://www.cfr.org,,,,,,,,,,,,,,,,,,,count_not_found,https://www.instagram.com/accounts/login/?next=https%3A%2F%2Fwww.instagram.com%2Fcfr_org&is_from_rle,,,,,,2026-09-17T07:37:39.754Z
2026-09-17_07-08-15-378,2026-09-17,Chatham House,https://www.chathamhouse.org,102000,102K,rounded_public,collected,https://www.youtube.com/user/ChathamHouse10,313590,313590,exact_public,collected,https://x.com/ChathamHouse,,,,count_not_found,https://www.linkedin.com/authwall?trk=bf&trkInfo=AQG7EI67H3IhFwAAAaCuQmUwk7UMgELSLk5aSiDj9EIUyZsYbm3g7ggWTnpKpx-HNcMhGX8ZL7XzS6JxrJ-eMnFC_GSwqU-_w05hU-kovxxZj1f2FAwkW2tlQnivBjJ2kv_tgac=&original_referer=&sessionRedirect=https%3A%2F%2Fwww.linkedin.com%2Fcompany%2F473772,137506,137506,exact_public,collected,https://www.instagram.com/chathamhouse_org,166757,"166,757",exact_public,collected,https://www.facebook.com/ChathamHouse,2026-09-17T07:26:53.538Z
2026-09-17_07-10-24-501,2026-09-17,Chatham House,https://www.chathamhouse.org,102000,102K,rounded_public,collected,https://www.youtube.com/user/ChathamHouse10,,,,,,,,,,,,,,,,,,,,,2026-09-17T07:12:52.906Z
2026-09-17_07-18-05-379,2026-09-17,Chatham House,https://www.chathamhouse.org,,,,,,,,,,,,,,count_not_found,https://www.linkedin.com/authwall?trk=bf&trkInfo=AQHsYx_sbRSgKgAAAaCuPAB48-dmDpsYPmZHCpwx3fITkf98DHycqaOUXlzQzJQC8sbV28UxiOvS7z7g9fl5RvVdPAK2Ug0go0CuV73RVXKQPj6o-2DS-vyP3vlpr-4R6BVMjGQ=&original_referer=&sessionRedirect=https%3A%2F%2Fwww.linkedin.com%2Fcompany%2F473772,,,,,,,,,,,2026-09-17T07:19:22.336Z
2026-09-17_07-22-17-697,2026-09-17,Chatham House,https://www.chathamhouse.org,,,,,,,,,,,,,,,,,,,,,,,,count_not_found,https://www.facebook.com/login/?next=https%3A%2F%2Fwww.facebook.com%2FChathamHouse,2026-09-17T07:25:17.037Z
2026-09-17_07-31-47-888,2026-09-17,Chatham House,https://www.chathamhouse.org,,,,,,,,,,,,,,,,,,,count_not_found,https://www.instagram.com/accounts/login/?next=https%3A%2F%2Fwww.instagram.com%2Fchathamhouse_org&is_from_rle,,,,,,2026-09-17T07:37:57.554Z
2026-09-17_07-08-15-378,2026-09-17,Chennai Centre for China Studies,https://www.c3sindia.org,668,668,exact_public,collected,https://www.youtube.com/channel/UCGD84-2OKUfrbkOHqssBstw,,,,count_not_found,https://x.com/c3schennai,,,,count_not_found,https://www.linkedin.com/authwall?trk=gf&trkInfo=AQHmj7H_qVJ3zwAAAaCuQ4JYgr9aVv4vfoqOc_G1u6Qekb9KqF8LmQVq-UEFMiNkWmBDHg_sjxagJTiMzJd7JyTqxODPD2YIvKz_ojD2bH-TM0LZtuvkJGsvvWQ7KiycWI3y4ec=&original_referer=&sessionRedirect=https%3A%2F%2Fwww.linkedin.com%2Fin%2Fc3s-chennai-centre-for-china-studies-9aa224171,,,,count_not_found,https://www.instagram.com/c3s.10,1384,"1,384",exact_public,collected,https://www.facebook.com/c3sindia,2026-09-17T07:28:06.627Z
2026-09-17_07-10-24-501,2026-09-17,Chennai Centre for China Studies,https://www.c3sindia.org,668,668,exact_public,collected,https://www.youtube.com/channel/UCGD84-2OKUfrbkOHqssBstw,,,,,,,,,,,,,,,,,,,,,2026-09-17T07:12:58.110Z
2026-09-17_07-18-05-379,2026-09-17,Chennai Centre for China Studies,https://www.c3sindia.org,,,,,,,,,,,,,,count_not_found,https://www.linkedin.com/authwall?trk=gf&trkInfo=AQEiK9vH-zwRPAAAAaCuPBQA9HjvQdGnOBg-043qddAYUsJLOirte9xga7sy8WfE8QKXnnKyq2Zj75huey9vbj5Wd_ORtDdX0zusxRi2tOU48EHNyZU3yPekcQ_0dNjAzbNKmSI=&original_referer=&sessionRedirect=https%3A%2F%2Fwww.linkedin.com%2Fin%2Fc3s-chennai-centre-for-china-studies-9aa224171,,,,,,,,,,,2026-09-17T07:19:27.333Z
2026-09-17_07-22-17-697,2026-09-17,Chennai Centre for China Studies,https://www.c3sindia.org,,,,,,,,,,,,,,,,,,,,,,,,count_not_found,https://www.facebook.com/login/?next=https%3A%2F%2Fwww.facebook.com%2Fc3sindia,2026-09-17T07:25:25.551Z
2026-09-17_07-31-47-888,2026-09-17,Chennai Centre for China Studies,https://www.c3sindia.org,,,,,,,,,,,,,,,,,,,count_not_found,https://www.instagram.com/accounts/login/?next=https%3A%2F%2Fwww.instagram.com%2Fc3s.10&is_from_rle,,,,,,2026-09-17T07:38:15.443Z
2026-09-17_07-08-15-378,2026-09-17,Climate Policy Initiative,https://www.climatepolicyinitiative.org,1870,1.87K,rounded_public,collected,https://www.youtube.com/channel/UCE8V0iDgBU8mreZdBegVCcA,13804,13804,exact_public,collected,https://x.com/climatepolicy,,,,count_not_found,https://www.linkedin.com/authwall?trk=bf&trkInfo=AQFGmJly2o4GXAAAAaCuRIv4fb970WvJO_A1g8KXtfidjcjPVAzcpMWKQDpLkmFd06_ZCKaSJvYs5RRnsdZ275JiL682FljnOFmVBCNH5lUZGuFNWJYsDzLmEI9UJkVkBar7FLk=&original_referer=&sessionRedirect=https%3A%2F%2Fwww.linkedin.com%2Fcompany%2F1647140,2284,2284,exact_public,collected,https://www.instagram.com/climate.policy/,,,,,,2026-09-17T07:29:01.511Z
2026-09-17_07-10-24-501,2026-09-17,Climate Policy Initiative,https://www.climatepolicyinitiative.org,1870,1.87K,rounded_public,collected,https://www.youtube.com/channel/UCE8V0iDgBU8mreZdBegVCcA,,,,,,,,,,,,,,,,,,,,,2026-09-17T07:13:03.122Z
2026-09-17_07-18-05-379,2026-09-17,Climate Policy Initiative,https://www.climatepolicyinitiative.org,,,,,,,,,,,,,,count_not_found,https://www.linkedin.com/authwall?trk=bf&trkInfo=AQGO6Z0vHwQ9UgAAAaCuPCeI9deCWtYXyC13ighZ4ZTy3UFyVwjy767yvwT5zEjkC6L3Czj2wX508PmCH7tz4qoKI5KP0WOJwMTIo2LBlnWPsesPBpSzd7pghPoSZByF0sjOo_k=&original_referer=&sessionRedirect=https%3A%2F%2Fwww.linkedin.com%2Fcompany%2F1647140,,,,,,,,,,,2026-09-17T07:19:32.727Z
2026-09-17_07-31-47-888,2026-09-17,Climate Policy Initiative,https://www.climatepolicyinitiative.org,,,,,,,,,,,,,,,,,,,count_not_found,https://www.instagram.com/accounts/login/?next=https%3A%2F%2Fwww.instagram.com%2Fclimate.policy%2F&is_from_rle,,,,,,2026-09-17T07:38:33.292Z
2026-09-17_07-08-15-378,2026-09-17,"Council on Energy, Environment and Water",https://www.ceew.in,3700,3.7K,rounded_public,collected,https://www.youtube.com/channel/UCNF-vGnm1jdA_jhrIpk84Tg,18144,18144,exact_public,collected,https://x.com/CEEWIndia,156434,"156,434",exact_public,collected,https://www.linkedin.com/company/council-on-energy-environment-and-water,9354,9354,exact_public,collected,https://www.instagram.com/ceewindia/,4364,"4,364",exact_public,collected,https://www.facebook.com/CEEWIndia/,2026-09-17T07:29:40.563Z
2026-09-17_07-10-24-501,2026-09-17,"Council on Energy, Environment and Water",https://www.ceew.in,3700,3.7K,rounded_public,collected,https://www.youtube.com/channel/UCNF-vGnm1jdA_jhrIpk84Tg,,,,,,,,,,,,,,,,,,,,,2026-09-17T07:13:08.361Z
2026-09-17_07-18-05-379,2026-09-17,"Council on Energy, Environment and Water",https://www.ceew.in,,,,,,,,,,,156433,"156,433",exact_public,collected,https://www.linkedin.com/company/council-on-energy-environment-and-water,,,,,,,,,,,2026-09-17T07:19:37.608Z
2026-09-17_07-22-17-697,2026-09-17,"Council on Energy, Environment and Water",https://www.ceew.in,,,,,,,,,,,,,,,,,,,,,,,,count_not_found,https://www.facebook.com/login/?next=https%3A%2F%2Fwww.facebook.com%2FCEEWIndia%2F,2026-09-17T07:25:33.824Z
2026-09-17_07-31-47-888,2026-09-17,"Council on Energy, Environment and Water",https://www.ceew.in,,,,,,,,,,,,,,,,,,,count_not_found,https://www.instagram.com/accounts/login/?next=https%3A%2F%2Fwww.instagram.com%2Fceewindia%2F&is_from_rle,,,,,,2026-09-17T07:38:51.169Z
2026-09-17_07-08-15-378,2026-09-17,CSIS (Center for Strategic and International Studies),https://www.csis.org,405000,405K,rounded_public,collected,https://www.youtube.com/user/csisdc,437911,437911,exact_public,collected,https://x.com/csis,394661,"394,661",exact_public,collected,https://www.linkedin.com/company/csis,147802,147802,exact_public,collected,https://www.instagram.com/csis,551857,"551,857",exact_public,collected,https://www.facebook.com/CSIS.org,2026-09-17T07:30:20.758Z
2026-09-17_07-10-24-501,2026-09-17,CSIS (Center for Strategic and International Studies),https://www.csis.org,405000,405K,rounded_public,collected,https://www.youtube.com/user/csisdc,,,,,,,,,,,,,,,,,,,,,2026-09-17T07:13:13.638Z
2026-09-17_07-18-05-379,2026-09-17,CSIS (Center for Strategic and International Studies),https://www.csis.org,,,,,,,,,,,394660,"394,660",exact_public,collected,https://www.linkedin.com/company/csis,,,,,,,,,,,2026-09-17T07:19:39.985Z
2026-09-17_07-22-17-697,2026-09-17,CSIS (Center for Strategic and International Studies),https://www.csis.org,,,,,,,,,,,,,,,,,,,,,,,,count_not_found,https://www.facebook.com/login/?next=https%3A%2F%2Fwww.facebook.com%2FCSIS.org,2026-09-17T07:25:42.092Z
2026-09-17_07-31-47-888,2026-09-17,CSIS (Center for Strategic and International Studies),https://www.csis.org,,,,,,,,,,,,,,,,,,,count_not_found,https://www.instagram.com/accounts/login/?next=https%3A%2F%2Fwww.instagram.com%2Fcsis&is_from_rle,,,,,,2026-09-17T07:39:08.987Z
2026-09-17_07-08-15-378,2026-09-17,CUTS International,https://cuts-international.org,1110,1.11K,rounded_public,collected,https://www.youtube.com/channel/UCMAhUM4KWSlLdT45TnuXSXg,154,154,exact_public,collected,https://x.com/CUTS_Inter,7449,"7,449",exact_public,collected,https://www.linkedin.com/company/cuts-international,167,167,exact_public,collected,https://www.instagram.com/cutsint,1426,"1,426",exact_public,collected,https://www.facebook.com/cutsjaipur,2026-09-17T07:31:03.622Z
2026-09-17_07-10-24-501,2026-09-17,CUTS International,https://cuts-international.org,1110,1.11K,rounded_public,collected,https://www.youtube.com/channel/UCMAhUM4KWSlLdT45TnuXSXg,,,,,,,,,,,,,,,,,,,,,2026-09-17T07:13:18.817Z
2026-09-17_07-18-05-379,2026-09-17,CUTS International,https://cuts-international.org,,,,,,,,,,,7449,"7,449",exact_public,collected,https://www.linkedin.com/company/cuts-international,,,,,,,,,,,2026-09-17T07:19:42.246Z
2026-09-17_07-22-17-697,2026-09-17,CUTS International,https://cuts-international.org,,,,,,,,,,,,,,,,,,,,,,,,count_not_found,https://www.facebook.com/login/?next=https%3A%2F%2Fwww.facebook.com%2Fcutsjaipur,2026-09-17T07:25:50.297Z
2026-09-17_07-31-47-888,2026-09-17,CUTS International,https://cuts-international.org,,,,,,,,,,,,,,,,,,,count_not_found,https://www.instagram.com/accounts/login/?next=https%3A%2F%2Fwww.instagram.com%2Fcutsint&is_from_rle,,,,,,2026-09-17T07:39:27.207Z
2026-09-17_07-08-15-378,2026-09-17,Delhi Policy Group,https://www.delhipolicygroup.org,212,212,exact_public,collected,https://www.youtube.com/@dpg_org,5311,5311,exact_public,collected,https://x.com/DPG_ORG,3391,"3,391",exact_public,collected,https://www.linkedin.com/company/delhi-policy-group,851,851,exact_public,collected,https://www.instagram.com/dpg_org,5788,"5,788",exact_public,collected,https://www.facebook.com/DelhiPolicyGroup,2026-09-17T07:31:45.290Z
2026-09-17_07-10-24-501,2026-09-17,Delhi Policy Group,https://www.delhipolicygroup.org,212,212,exact_public,collected,https://www.youtube.com/@dpg_org,,,,,,,,,,,,,,,,,,,,,2026-09-17T07:13:23.871Z
2026-09-17_07-18-05-379,2026-09-17,Delhi Policy Group,https://www.delhipolicygroup.org,,,,,,,,,,,3391,"3,391",exact_public,collected,https://www.linkedin.com/company/delhi-policy-group,,,,,,,,,,,2026-09-17T07:19:44.586Z
2026-09-17_07-22-17-697,2026-09-17,Delhi Policy Group,https://www.delhipolicygroup.org,,,,,,,,,,,,,,,,,,,,,,,,count_not_found,https://www.facebook.com/login/?next=https%3A%2F%2Fwww.facebook.com%2FDelhiPolicyGroup,2026-09-17T07:25:58.491Z
2026-09-17_07-31-47-888,2026-09-17,Delhi Policy Group,https://www.delhipolicygroup.org,,,,,,,,,,,,,,,,,,,count_not_found,https://www.instagram.com/accounts/login/?next=https%3A%2F%2Fwww.instagram.com%2Fdpg_org&is_from_rle,,,,,,2026-09-17T07:39:45.335Z
2026-09-17_07-08-15-378,2026-09-17,Development Alternatives,https://www.devalt.org,10400,10.4K,rounded_public,collected,https://www.youtube.com/user/DevaltDelhi,1477,1477,exact_public,collected,https://x.com/DAperspectives,33073,"33,073",exact_public,collected,https://www.linkedin.com/company/development-alternatives,2591,2591,exact_public,collected,https://www.instagram.com/developmentalternatives,11350,"11,350",exact_public,collected,https://www.facebook.com/DevaltOfficial,2026-09-17T07:32:28.155Z
2026-09-17_07-10-24-501,2026-09-17,Development Alternatives,https://www.devalt.org,10400,10.4K,rounded_public,collected,https://www.youtube.com/user/DevaltDelhi,,,,,,,,,,,,,,,,,,,,,2026-09-17T07:13:28.884Z
2026-09-17_07-18-05-379,2026-09-17,Development Alternatives,https://www.devalt.org,,,,,,,,,,,33073,"33,073",exact_public,collected,https://www.linkedin.com/company/development-alternatives,,,,,,,,,,,2026-09-17T07:19:46.706Z
2026-09-17_07-22-17-697,2026-09-17,Development Alternatives,https://www.devalt.org,,,,,,,,,,,,,,,,,,,,,,,,count_not_found,https://www.facebook.com/login/?next=https%3A%2F%2Fwww.facebook.com%2FDevaltOfficial,2026-09-17T07:26:07.126Z
2026-09-17_07-31-47-888,2026-09-17,Development Alternatives,https://www.devalt.org,,,,,,,,,,,,,,,,,,,count_not_found,https://www.instagram.com/accounts/login/?next=https%3A%2F%2Fwww.instagram.com%2Fdevelopmentalternatives&is_from_rle,,,,,,2026-09-17T07:40:03.416Z
2026-09-17_07-08-15-378,2026-09-17,DIIS (Danish Institute for International Studies),https://www.diis.dk/en,1920,1.92K,rounded_public,collected,https://www.youtube.com/@DIISpublish,,,,,,24106,"24,106",exact_public,collected,https://www.linkedin.com/company/danish-institute-for-international-studies,,,,,,,,,,,2026-09-17T07:32:53.835Z
2026-09-17_07-10-24-501,2026-09-17,DIIS (Danish Institute for International Studies),https://www.diis.dk/en,1920,1.92K,rounded_public,collected,https://www.youtube.com/@DIISpublish,,,,,,,,,,,,,,,,,,,,,2026-09-17T07:13:34.314Z
2026-09-17_07-18-05-379,2026-09-17,DIIS (Danish Institute for International Studies),https://www.diis.dk/en,,,,,,,,,,,24106,"24,106",exact_public,collected,https://www.linkedin.com/company/danish-institute-for-international-studies,,,,,,,,,,,2026-09-17T07:19:49.153Z
2026-09-17_07-08-15-378,2026-09-17,East Asia Institute,https://www.eai.or.kr/main/english/,,,,,,,,,,,1538,"1,538",exact_public,collected,https://www.linkedin.com/company/east-asia-institute,,,,,,,,,,,2026-09-17T07:32:55.801Z
2026-09-17_07-18-05-379,2026-09-17,East Asia Institute,https://www.eai.or.kr/main/english/,,,,,,,,,,,1538,"1,538",exact_public,collected,https://www.linkedin.com/company/east-asia-institute,,,,,,,,,,,2026-09-17T07:19:51.285Z
2026-09-17_07-08-15-378,2026-09-17,ECFR,https://ecfr.eu,5180,5.18K,rounded_public,collected,https://www.youtube.com/c/ECFRTV,107131,107131,exact_public,collected,https://x.com/ecfr,168802,"168,802",exact_public,collected,https://www.linkedin.com/company/european-council-on-foreign-relations,4243,4243,exact_public,collected,https://www.instagram.com/ecfr.eu,,,,,,2026-09-17T07:33:13.007Z
2026-09-17_07-10-24-501,2026-09-17,ECFR,https://ecfr.eu,5180,5.18K,rounded_public,collected,https://www.youtube.com/c/ECFRTV,,,,,,,,,,,,,,,,,,,,,2026-09-17T07:13:39.285Z
2026-09-17_07-18-05-379,2026-09-17,ECFR,https://ecfr.eu,,,,,,,,,,,168801,"168,801",exact_public,collected,https://www.linkedin.com/company/european-council-on-foreign-relations,,,,,,,,,,,2026-09-17T07:19:53.172Z
2026-09-17_07-31-47-888,2026-09-17,ECFR,https://ecfr.eu,,,,,,,,,,,,,,,,,,,count_not_found,https://www.instagram.com/accounts/login/?next=https%3A%2F%2Fwww.instagram.com%2Fecfr.eu&is_from_rle,,,,,,2026-09-17T07:40:21.551Z
2026-09-17_07-08-15-378,2026-09-17,Foreign Policy Research Institute,https://www.fpri.org,46500,46.5K,rounded_public,collected,https://www.youtube.com/channel/UCYB1ercr0h50goIy2yEMvIA,33976,33976,exact_public,collected,https://x.com/fpri,61803,"61,803",exact_public,collected,https://www.linkedin.com/company/foreign-policy-research-institute,,,,,,225489,"225,489",exact_public,collected,https://www.facebook.com/FPRInews/,2026-09-17T07:33:42.534Z
2026-09-17_07-10-24-501,2026-09-17,Foreign Policy Research Institute,https://www.fpri.org,46500,46.5K,rounded_public,collected,https://www.youtube.com/channel/UCYB1ercr0h50goIy2yEMvIA,,,,,,,,,,,,,,,,,,,,,2026-09-17T07:13:44.488Z
2026-09-17_07-18-05-379,2026-09-17,Foreign Policy Research Institute,https://www.fpri.org,,,,,,,,,,,61803,"61,803",exact_public,collected,https://www.linkedin.com/company/foreign-policy-research-institute,,,,,,,,,,,2026-09-17T07:19:55.421Z
2026-09-17_07-22-17-697,2026-09-17,Foreign Policy Research Institute,https://www.fpri.org,,,,,,,,,,,,,,,,,,,,,,,,count_not_found,https://www.facebook.com/login/?next=https%3A%2F%2Fwww.facebook.com%2FFPRInews%2F,2026-09-17T07:26:15.600Z
2026-09-17_07-08-15-378,2026-09-17,Foundation for Defense of Democracies,https://www.fdd.org,52000,52K,rounded_public,collected,https://www.youtube.com/c/FoundationforDefenseofDemocracies-FDD,95192,95192,exact_public,collected,https://x.com/fdd,18410,"18,410",exact_public,collected,https://www.linkedin.com/company/foundation-for-defense-of-democracies,11194,11194,exact_public,collected,https://www.instagram.com/fdd_org,21677,"21,677",exact_public,collected,https://www.facebook.com/followFDD,2026-09-17T07:34:24.810Z
2026-09-17_07-10-24-501,2026-09-17,Foundation for Defense of Democracies,https://www.fdd.org,52000,52K,rounded_public,collected,https://www.youtube.com/c/FoundationforDefenseofDemocracies-FDD,,,,,,,,,,,,,,,,,,,,,2026-09-17T07:13:49.781Z
2026-09-17_07-18-05-379,2026-09-17,Foundation for Defense of Democracies,https://www.fdd.org,,,,,,,,,,,18410,"18,410",exact_public,collected,https://www.linkedin.com/company/foundation-for-defense-of-democracies,,,,,,,,,,,2026-09-17T07:19:57.626Z
2026-09-17_07-22-17-697,2026-09-17,Foundation for Defense of Democracies,https://www.fdd.org,,,,,,,,,,,,,,,,,,,,,,,,count_not_found,https://www.facebook.com/login/?next=https%3A%2F%2Fwww.facebook.com%2FfollowFDD,2026-09-17T07:26:24.063Z
2026-09-17_07-31-47-888,2026-09-17,Foundation for Defense of Democracies,https://www.fdd.org,,,,,,,,,,,,,,,,,,,count_not_found,https://www.instagram.com/accounts/login/?next=https%3A%2F%2Fwww.instagram.com%2Ffdd_org&is_from_rle,,,,,,2026-09-17T07:40:39.670Z
2026-09-17_07-08-15-378,2026-09-17,Gateway House: Indian Council on Global Relations,https://www.gatewayhouse.in,5120,5.12K,rounded_public,collected,https://www.youtube.com/channel/UCRIjNjS_T48odMrxTylxIxg,10222,10222,exact_public,collected,https://x.com/gatewayhouseind,16764,"16,764",exact_public,collected,https://www.linkedin.com/company/gateway-house-indian-council-of-global-relations,1425,1425,exact_public,collected,https://www.instagram.com/gatewayhouse.in/,,,,,,2026-09-17T07:34:55.229Z
2026-09-17_07-10-24-501,2026-09-17,Gateway House: Indian Council on Global Relations,https://www.gatewayhouse.in,5120,5.12K,rounded_public,collected,https://www.youtube.com/channel/UCRIjNjS_T48odMrxTylxIxg,,,,,,,,,,,,,,,,,,,,,2026-09-17T07:13:54.853Z
2026-09-17_07-18-05-379,2026-09-17,Gateway House: Indian Council on Global Relations,https://www.gatewayhouse.in,,,,,,,,,,,16764,"16,764",exact_public,collected,https://www.linkedin.com/company/gateway-house-indian-council-of-global-relations,,,,,,,,,,,2026-09-17T07:19:59.782Z
2026-09-17_07-31-47-888,2026-09-17,Gateway House: Indian Council on Global Relations,https://www.gatewayhouse.in,,,,,,,,,,,,,,,,,,,count_not_found,https://www.instagram.com/accounts/login/?next=https%3A%2F%2Fwww.instagram.com%2Fgatewayhouse.in%2F&is_from_rle,,,,,,2026-09-17T07:40:57.820Z
2026-09-17_07-08-15-378,2026-09-17,Heritage Foundation,https://www.heritage.org,461000,461K,rounded_public,collected,https://www.youtube.com/user/HeritageFoundation,769334,769334,exact_public,collected,https://x.com/heritage,114707,"114,707",exact_public,collected,https://www.linkedin.com/company/the-heritage-foundation,345433,345433,exact_public,collected,https://www.instagram.com/heritagefoundation,2063884,"2,063,884",exact_public,collected,https://www.facebook.com/heritagefoundation,2026-09-17T07:35:35.005Z
2026-09-17_07-10-24-501,2026-09-17,Heritage Foundation,https://www.heritage.org,461000,461K,rounded_public,collected,https://www.youtube.com/user/HeritageFoundation,,,,,,,,,,,,,,,,,,,,,2026-09-17T07:14:00.202Z
2026-09-17_07-18-05-379,2026-09-17,Heritage Foundation,https://www.heritage.org,,,,,,,,,,,114707,"114,707",exact_public,collected,https://www.linkedin.com/company/the-heritage-foundation,,,,,,,,,,,2026-09-17T07:20:02.352Z
2026-09-17_07-22-17-697,2026-09-17,Heritage Foundation,https://www.heritage.org,,,,,,,,,,,,,,,,,,,,,,,,count_not_found,https://www.facebook.com/login/?next=https%3A%2F%2Fwww.facebook.com%2Fheritagefoundation,2026-09-17T07:26:32.650Z
2026-09-17_07-31-47-888,2026-09-17,Heritage Foundation,https://www.heritage.org,,,,,,,,,,,,,,,,,,,count_not_found,https://www.instagram.com/accounts/login/?next=https%3A%2F%2Fwww.instagram.com%2Fheritagefoundation&is_from_rle,,,,,,2026-09-17T07:41:16.099Z
2026-09-17_07-08-15-378,2026-09-17,Hoover Institution,https://www.hoover.org,1210000,1.21M,rounded_public,collected,https://www.youtube.com/user/HooverInstitution,198211,198211,exact_public,collected,https://x.com/HooverInst,51623,"51,623",exact_public,collected,https://www.linkedin.com/company/hoover-institution-at-stanford-university,104117,104117,exact_public,collected,https://www.instagram.com/hooverinstitution,549423,"549,423",exact_public,collected,https://www.facebook.com/HooverInstStanford,2026-09-17T07:36:18.107Z
2026-09-17_07-10-24-501,2026-09-17,Hoover Institution,https://www.hoover.org,1210000,1.21M,rounded_public,collected,https://www.youtube.com/user/HooverInstitution,,,,,,,,,,,,,,,,,,,,,2026-09-17T07:14:05.387Z
2026-09-17_07-18-05-379,2026-09-17,Hoover Institution,https://www.hoover.org,,,,,,,,,,,51622,"51,622",exact_public,collected,https://www.linkedin.com/company/hoover-institution-at-stanford-university,,,,,,,,,,,2026-09-17T07:20:04.624Z
2026-09-17_07-22-17-697,2026-09-17,Hoover Institution,https://www.hoover.org,,,,,,,,,,,,,,,,,,,,,,,,count_not_found,https://www.facebook.com/login/?next=https%3A%2F%2Fwww.facebook.com%2FHooverInstStanford,2026-09-17T07:26:41.168Z
2026-09-17_07-31-47-888,2026-09-17,Hoover Institution,https://www.hoover.org,,,,,,,,,,,,,,,,,,,count_not_found,https://www.instagram.com/accounts/login/?next=https%3A%2F%2Fwww.instagram.com%2Fhooverinstitution&is_from_rle,,,,,,2026-09-17T07:41:34.265Z
2026-09-17_07-08-15-378,2026-09-17,Hudson Institute,https://www.hudson.org,136000,136K,rounded_public,collected,https://www.youtube.com/user/hudsoninstitute,127184,127184,exact_public,collected,https://x.com/hudsoninstitute,31207,"31,207",exact_public,collected,https://www.linkedin.com/company/hudson-institute,13943,13943,exact_public,collected,https://www.instagram.com/hudsoninstitute,22347,"22,347",exact_public,collected,https://www.facebook.com/HudsonInstitute,2026-09-17T07:36:57.892Z
2026-09-17_07-10-24-501,2026-09-17,Hudson Institute,https://www.hudson.org,136000,136K,rounded_public,collected,https://www.youtube.com/user/hudsoninstitute,,,,,,,,,,,,,,,,,,,,,2026-09-17T07:14:10.953Z
2026-09-17_07-18-05-379,2026-09-17,Hudson Institute,https://www.hudson.org,,,,,,,,,,,31207,"31,207",exact_public,collected,https://www.linkedin.com/company/hudson-institute,,,,,,,,,,,2026-09-17T07:20:06.977Z
2026-09-17_07-22-17-697,2026-09-17,Hudson Institute,https://www.hudson.org,,,,,,,,,,,,,,,,,,,,,,,,count_not_found,https://www.facebook.com/login/?next=https%3A%2F%2Fwww.facebook.com%2FHudsonInstitute,2026-09-17T07:26:49.713Z
2026-09-17_07-31-47-888,2026-09-17,Hudson Institute,https://www.hudson.org,,,,,,,,,,,,,,,,,,,count_not_found,https://www.instagram.com/accounts/login/?next=https%3A%2F%2Fwww.instagram.com%2Fhudsoninstitute&is_from_rle,,,,,,2026-09-17T07:41:52.771Z
2026-09-17_07-08-15-378,2026-09-17,IAI (Istituto Affari Internazionali),https://www.iai.it/en,2490,2.49K,rounded_public,collected,https://www.youtube.com/user/IAIChannel,30135,30135,exact_public,collected,https://x.com/IAIonline,73878,"73,878",exact_public,collected,https://www.linkedin.com/company/istituto-affari-internazionali,21993,21993,exact_public,collected,https://www.instagram.com/iai.insta,25406,"25,406",exact_public,collected,https://www.facebook.com/IAIonline,2026-09-17T07:37:39.442Z
2026-09-17_07-10-24-501,2026-09-17,IAI (Istituto Affari Internazionali),https://www.iai.it/en,2490,2.49K,rounded_public,collected,https://www.youtube.com/user/IAIChannel,,,,,,,,,,,,,,,,,,,,,2026-09-17T07:14:16.001Z
2026-09-17_07-18-05-379,2026-09-17,IAI (Istituto Affari Internazionali),https://www.iai.it/en,,,,,,,,,,,73878,"73,878",exact_public,collected,https://www.linkedin.com/company/istituto-affari-internazionali,,,,,,,,,,,2026-09-17T07:20:09.007Z
2026-09-17_07-22-17-697,2026-09-17,IAI (Istituto Affari Internazionali),https://www.iai.it/en,,,,,,,,,,,,,,,,,,,,,,,,count_not_found,https://www.facebook.com/login/?next=https%3A%2F%2Fwww.facebook.com%2FIAIonline,2026-09-17T07:26:58.246Z
2026-09-17_07-31-47-888,2026-09-17,IAI (Istituto Affari Internazionali),https://www.iai.it/en,,,,,,,,,,,,,,,,,,,count_not_found,https://www.instagram.com/accounts/login/?next=https%3A%2F%2Fwww.instagram.com%2Fiai.insta&is_from_rle,,,,,,2026-09-17T07:42:11.000Z
2026-09-17_07-08-15-378,2026-09-17,Ifri (Institut français des relations internationales),https://www.ifri.org/en,22000,22K,rounded_public,collected,https://www.youtube.com/channel/UCpfLNjG97sWjGSKYiveWz3w,48234,48234,exact_public,collected,https://x.com/ifri_,106594,"106,594",exact_public,collected,https://www.linkedin.com/company/ifri,8113,8113,exact_public,collected,https://www.instagram.com/ifri_paris,108351,"108,351",exact_public,collected,https://www.facebook.com/IfriParis,2026-09-17T07:38:21.974Z
2026-09-17_07-10-24-501,2026-09-17,Ifri (Institut français des relations internationales),https://www.ifri.org/en,22000,22K,rounded_public,collected,https://www.youtube.com/channel/UCpfLNjG97sWjGSKYiveWz3w,,,,,,,,,,,,,,,,,,,,,2026-09-17T07:14:20.991Z
2026-09-17_07-18-05-379,2026-09-17,Ifri (Institut français des relations internationales),https://www.ifri.org/en,,,,,,,,,,,106594,"106,594",exact_public,collected,https://www.linkedin.com/company/ifri,,,,,,,,,,,2026-09-17T07:20:11.120Z
2026-09-17_07-22-17-697,2026-09-17,Ifri (Institut français des relations internationales),https://www.ifri.org/en,,,,,,,,,,,,,,,,,,,,,,,,count_not_found,https://www.facebook.com/login/?next=https%3A%2F%2Fwww.facebook.com%2FIfriParis,2026-09-17T07:27:06.691Z
2026-09-17_07-31-47-888,2026-09-17,Ifri (Institut français des relations internationales),https://www.ifri.org/en,,,,,,,,,,,,,,,,,,,count_not_found,https://www.instagram.com/accounts/login/?next=https%3A%2F%2Fwww.instagram.com%2Fifri_paris&is_from_rle,,,,,,2026-09-17T07:42:28.882Z
2026-09-17_07-08-15-378,2026-09-17,IISD (International Institute for Sustainable Development),https://www.iisd.org,6510,6.51K,rounded_public,collected,https://www.youtube.com/user/iisdvideo,23878,23878,exact_public,collected,https://x.com/iisd_news,271996,"271,996",exact_public,collected,https://www.linkedin.com/company/international-institute-for-sustainable-development,,,,,,,,,,,2026-09-17T07:38:49.497Z
2026-09-17_07-10-24-501,2026-09-17,IISD (International Institute for Sustainable Development),https://www.iisd.org,6510,6.51K,rounded_public,collected,https://www.youtube.com/user/iisdvideo,,,,,,,,,,,,,,,,,,,,,2026-09-17T07:14:26.256Z
2026-09-17_07-18-05-379,2026-09-17,IISD (International Institute for Sustainable Development),https://www.iisd.org,,,,,,,,,,,271996,"271,996",exact_public,collected,https://www.linkedin.com/company/international-institute-for-sustainable-development,,,,,,,,,,,2026-09-17T07:20:13.208Z
2026-09-17_07-08-15-378,2026-09-17,IISS (International Institute for Strategic Studies),https://www.iiss.org,46300,46.3K,rounded_public,collected,https://www.youtube.com/channel/UCYygxNuTTlq2neh6Fu6rP4Q,,,,,,282726,"282,726",exact_public,collected,https://www.linkedin.com/company/international-institute-for-strategic-studies,,,,,,,,,,,2026-09-17T07:39:03.055Z
2026-09-17_07-10-24-501,2026-09-17,IISS (International Institute for Strategic Studies),https://www.iiss.org,46300,46.3K,rounded_public,collected,https://www.youtube.com/channel/UCYygxNuTTlq2neh6Fu6rP4Q,,,,,,,,,,,,,,,,,,,,,2026-09-17T07:14:31.431Z
2026-09-17_07-18-05-379,2026-09-17,IISS (International Institute for Strategic Studies),https://www.iiss.org,,,,,,,,,,,282723,"282,723",exact_public,collected,https://www.linkedin.com/company/international-institute-for-strategic-studies,,,,,,,,,,,2026-09-17T07:20:15.625Z
2026-09-17_07-08-15-378,2026-09-17,India Foundation,https://indiafoundation.in,32500,32.5K,rounded_public,collected,https://www.youtube.com/channel/UCoa562Q8QrgTAAyqNsx36oA,57250,57250,exact_public,collected,https://x.com/indfoundation,29370,"29,370",exact_public,collected,https://www.linkedin.com/company/india-foundation-delhi,59662,59662,exact_public,collected,https://www.instagram.com/indiafoundation,24007,"24,007",exact_public,collected,https://www.facebook.com/IndiaFoundation,2026-09-17T07:39:31.343Z
2026-09-17_07-10-24-501,2026-09-17,India Foundation,https://indiafoundation.in,32500,32.5K,rounded_public,collected,https://www.youtube.com/channel/UCoa562Q8QrgTAAyqNsx36oA,,,,,,,,,,,,,,,,,,,,,2026-09-17T07:14:36.742Z
2026-09-17_07-18-05-379,2026-09-17,India Foundation,https://indiafoundation.in,,,,,,,,,,,29370,"29,370",exact_public,collected,https://www.linkedin.com/company/india-foundation-delhi,,,,,,,,,,,2026-09-17T07:20:17.766Z
2026-09-17_07-22-17-697,2026-09-17,India Foundation,https://indiafoundation.in,,,,,,,,,,,,,,,,,,,,,,,,count_not_found,https://www.facebook.com/login/?next=https%3A%2F%2Fwww.facebook.com%2FIndiaFoundation,2026-09-17T07:27:14.980Z
2026-09-17_07-31-47-888,2026-09-17,India Foundation,https://indiafoundation.in,,,,,,,,,,,,,,,,,,,count_not_found,https://www.instagram.com/accounts/login/?next=https%3A%2F%2Fwww.instagram.com%2Findiafoundation&is_from_rle,,,,,,2026-09-17T07:42:46.796Z
2026-09-17_07-08-15-378,2026-09-17,India Think Council,https://www.indiathink.org,1800,1.8K,rounded_public,collected,https://www.youtube.com/channel/UCA17X1xjY8MVFHwVyoNqYdg,1334,1334,exact_public,collected,https://x.com/IndiathinkOrg,811,811,exact_public,collected,https://www.linkedin.com/company/india-think-council,,,,,,3180,"3,180",exact_public,collected,https://www.facebook.com/IndiaThink,2026-09-17T07:39:59.184Z
2026-09-17_07-10-24-501,2026-09-17,India Think Council,https://www.indiathink.org,1800,1.8K,rounded_public,collected,https://www.youtube.com/channel/UCA17X1xjY8MVFHwVyoNqYdg,,,,,,,,,,,,,,,,,,,,,2026-09-17T07:14:41.751Z
2026-09-17_07-18-05-379,2026-09-17,India Think Council,https://www.indiathink.org,,,,,,,,,,,811,811,exact_public,collected,https://www.linkedin.com/company/india-think-council,,,,,,,,,,,2026-09-17T07:20:19.922Z
2026-09-17_07-22-17-697,2026-09-17,India Think Council,https://www.indiathink.org,,,,,,,,,,,,,,,,,,,,,,,,count_not_found,https://www.facebook.com/login/?next=https%3A%2F%2Fwww.facebook.com%2FIndiaThink,2026-09-17T07:27:23.140Z
2026-09-17_07-08-15-378,2026-09-17,Indian Council for Research on International Economic Relations,https://icrier.org,2950,2.95K,rounded_public,collected,https://www.youtube.com/channel/UCgiOH9iQULzxSsyIBnEjWrw,6270,6270,exact_public,collected,https://x.com/icrier,43466,"43,466",exact_public,collected,https://www.linkedin.com/company/icrier,4518,4518,exact_public,collected,https://www.instagram.com/icrier.res.in/,2511,"2,511",exact_public,collected,https://www.facebook.com/ICRIER/,2026-09-17T07:40:41.627Z
2026-09-17_07-10-24-501,2026-09-17,Indian Council for Research on International Economic Relations,https://icrier.org,2950,2.95K,rounded_public,collected,https://www.youtube.com/channel/UCgiOH9iQULzxSsyIBnEjWrw,,,,,,,,,,,,,,,,,,,,,2026-09-17T07:14:46.744Z
2026-09-17_07-18-05-379,2026-09-17,Indian Council for Research on International Economic Relations,https://icrier.org,,,,,,,,,,,43465,"43,465",exact_public,collected,https://www.linkedin.com/company/icrier,,,,,,,,,,,2026-09-17T07:20:26.159Z
2026-09-17_07-22-17-697,2026-09-17,Indian Council for Research on International Economic Relations,https://icrier.org,,,,,,,,,,,,,,,,,,,,,,,,count_not_found,https://www.facebook.com/login/?next=https%3A%2F%2Fwww.facebook.com%2FICRIER%2F,2026-09-17T07:27:31.466Z
2026-09-17_07-31-47-888,2026-09-17,Indian Council for Research on International Economic Relations,https://icrier.org,,,,,,,,,,,,,,,,,,,count_not_found,https://www.instagram.com/accounts/login/?next=https%3A%2F%2Fwww.instagram.com%2Ficrier.res.in%2F&is_from_rle,,,,,,2026-09-17T07:43:04.803Z
2026-09-17_07-08-15-378,2026-09-17,Indian Council of World Affairs,https://www.icwa.in,4350,4.35K,rounded_public,collected,https://www.youtube.com/channel/UC0D1OMKLR5eVNIGJ01qKmXg,20467,20467,exact_public,collected,https://x.com/ICWA_NewDelhi,29507,"29,507",exact_public,collected,https://www.linkedin.com/company/indian-council-of-world-affairs1,,,,,,7181,"7,181",exact_public,collected,https://www.facebook.com/Sapru.House,2026-09-17T07:41:09.763Z
2026-09-17_07-10-24-501,2026-09-17,Indian Council of World Affairs,https://www.icwa.in,4350,4.35K,rounded_public,collected,https://www.youtube.com/channel/UC0D1OMKLR5eVNIGJ01qKmXg,,,,,,,,,,,,,,,,,,,,,2026-09-17T07:14:51.969Z
2026-09-17_07-18-05-379,2026-09-17,Indian Council of World Affairs,https://www.icwa.in,,,,,,,,,,,29507,"29,507",exact_public,collected,https://www.linkedin.com/company/indian-council-of-world-affairs1,,,,,,,,,,,2026-09-17T07:20:28.510Z
2026-09-17_07-22-17-697,2026-09-17,Indian Council of World Affairs,https://www.icwa.in,,,,,,,,,,,,,,,,,,,,,,,,count_not_found,https://www.facebook.com/login/?next=https%3A%2F%2Fwww.facebook.com%2FSapru.House,2026-09-17T07:27:39.765Z
2026-09-17_07-08-15-378,2026-09-17,Indira Gandhi Institute of Development Research,https://www.igidr.ac.in,1560,1.56K,rounded_public,collected,https://www.youtube.com/user/igidrhelpdesk,4436,4436,exact_public,collected,https://x.com/Igidr_Mumbai,,,,count_not_found,https://www.linkedin.com/login/?session_redirect=%2Fschool%2F15095099,101,101,exact_public,collected,https://www.instagram.com/igidr_official,1894,"1,894",exact_public,collected,https://www.facebook.com/IGIDROfficial/,2026-09-17T07:42:16.992Z
2026-09-17_07-10-24-501,2026-09-17,Indira Gandhi Institute of Development Research,https://www.igidr.ac.in,1560,1.56K,rounded_public,collected,https://www.youtube.com/user/igidrhelpdesk,,,,,,,,,,,,,,,,,,,,,2026-09-17T07:14:57.049Z
2026-09-17_07-18-05-379,2026-09-17,Indira Gandhi Institute of Development Research,https://www.igidr.ac.in,,,,,,,,,,,,,,count_not_found,https://www.linkedin.com/authwall?trk=gf&trkInfo=AQFF9wTWj9z9xwAAAaCuPQoY_JV0_GD64kCBCA683su-drVmkIAq-VEyzxa8OiJu09Z8WUiVhhzvwVPGJwpa7g11KNHq9ApCZjvgrVnOa8ZZYldsVoYuagQQdZtIvMfpaQoOZnA=&original_referer=&sessionRedirect=https%3A%2F%2Fwww.linkedin.com%2Fschool%2F15095099,,,,,,,,,,,2026-09-17T07:20:30.588Z
2026-09-17_07-22-17-697,2026-09-17,Indira Gandhi Institute of Development Research,https://www.igidr.ac.in,,,,,,,,,,,,,,,,,,,,,1894,"1,894",exact_public,collected,https://www.facebook.com/IGIDROfficial/,2026-09-17T07:27:48.021Z
2026-09-17_07-31-47-888,2026-09-17,Indira Gandhi Institute of Development Research,https://www.igidr.ac.in,,,,,,,,,,,,,,,,,,,count_not_found,https://www.instagram.com/accounts/login/?next=https%3A%2F%2Fwww.instagram.com%2Figidr_official&is_from_rle,,,,,,2026-09-17T07:43:22.923Z
2026-09-17_07-08-15-378,2026-09-17,Institute for the Study of War,https://www.understandingwar.org,38700,38.7K,rounded_public,collected,https://www.youtube.com/channel/UCwRudqD0bS_hrA0DfU4BwOw,1423361,1423361,exact_public,collected,https://x.com/thestudyofwar,166505,"166,505",exact_public,collected,https://www.linkedin.com/company/institute-for-the-study-of-war,71797,71797,exact_public,collected,https://www.instagram.com/thestudyofwar/?hl=en,123269,"123,269",exact_public,collected,https://www.facebook.com/InstitutefortheStudyofWar,2026-09-17T07:42:57.917Z
2026-09-17_07-10-24-501,2026-09-17,Institute for the Study of War,https://www.understandingwar.org,38800,38.8K,rounded_public,collected,https://www.youtube.com/channel/UCwRudqD0bS_hrA0DfU4BwOw,,,,,,,,,,,,,,,,,,,,,2026-09-17T07:15:02.042Z
2026-09-17_07-18-05-379,2026-09-17,Institute for the Study of War,https://www.understandingwar.org,,,,,,,,,,,166503,"166,503",exact_public,collected,https://www.linkedin.com/company/institute-for-the-study-of-war,,,,,,,,,,,2026-09-17T07:20:35.308Z
2026-09-17_07-22-17-697,2026-09-17,Institute for the Study of War,https://www.understandingwar.org,,,,,,,,,,,,,,,,,,,,,,,,count_not_found,https://www.facebook.com/login/?next=https%3A%2F%2Fwww.facebook.com%2FInstitutefortheStudyofWar,2026-09-17T07:27:56.863Z
2026-09-17_07-31-47-888,2026-09-17,Institute for the Study of War,https://www.understandingwar.org,,,,,,,,,,,,,,,,,,,count_not_found,https://www.instagram.com/accounts/login/?next=https%3A%2F%2Fwww.instagram.com%2Fthestudyofwar%2F%3Fhl%3Den&is_from_rle,,,,,,2026-09-17T07:43:40.967Z
2026-09-17_07-08-15-378,2026-09-17,Institute of Economic Growth,https://www.iegindia.org,608,608,exact_public,collected,https://www.youtube.com/channel/UChNRvZHTuw6mLXOXYBAAbfQ,1691,1691,exact_public,collected,https://x.com/iegresearch,15001,"15,001",exact_public,collected,https://www.linkedin.com/company/institute-of-economics-growth,,,,,,1036,"1,036",exact_public,collected,https://www.facebook.com/InstituteofEconomicGrowth,2026-09-17T07:43:28.461Z
2026-09-17_07-10-24-501,2026-09-17,Institute of Economic Growth,https://www.iegindia.org,608,608,exact_public,collected,https://www.youtube.com/channel/UChNRvZHTuw6mLXOXYBAAbfQ,,,,,,,,,,,,,,,,,,,,,2026-09-17T07:15:07.319Z
2026-09-17_07-18-05-379,2026-09-17,Institute of Economic Growth,https://www.iegindia.org,,,,,,,,,,,15000,"15,000",exact_public,collected,https://www.linkedin.com/company/institute-of-economics-growth,,,,,,,,,,,2026-09-17T07:20:37.456Z
2026-09-17_07-22-17-697,2026-09-17,Institute of Economic Growth,https://www.iegindia.org,,,,,,,,,,,,,,,,,,,,,,,,count_not_found,https://www.facebook.com/login/?next=https%3A%2F%2Fwww.facebook.com%2FInstituteofEconomicGrowth,2026-09-17T07:28:05.144Z
2026-09-17_07-08-15-378,2026-09-17,Institute of Peace and Conflict Studies,https://www.ipcs.org,,,,,,12668,12668,exact_public,collected,https://x.com/IPCSNewDelhi,,,,count_not_found,https://www.linkedin.com/authwall?trk=gf&trkInfo=AQFqFb7eERvqmQAAAaCuUl8I8W0sVLyo_ZSHKrlrTfrjD7mnmKlu9Qj079EpYd5iod0Yjx6O2KuApAkA4lDldX7ZB0e9cgGS9kDUSCKC9VtKckchP4Nd0o1FkyR2Lhwu53yYLaw=&original_referer=&sessionRedirect=https%3A%2F%2Fwww.linkedin.com%2Fschool%2Finstitute-of-peace-and-conflict-studies%2F,,,,,,15716,"15,716",exact_public,collected,https://www.facebook.com/ipcsnewdelhi,2026-09-17T07:44:07.793Z
2026-09-17_07-18-05-379,2026-09-17,Institute of Peace and Conflict Studies,https://www.ipcs.org,,,,,,,,,,,,,,count_not_found,https://www.linkedin.com/authwall?trk=gf&trkInfo=AQGiV_2EwZ6U-wAAAaCuPTEoI-wrMNhyRAGNRLhcJ1qMp_s93Jh3xe7knvz7b81_EjeGHwJEG27yAv306UEXYPX0Pm5-lq9cC_NycUFSeZ8A_ViWlaQ8e_i5MUTtkf3rPLjmKOc=&original_referer=&sessionRedirect=https%3A%2F%2Fwww.linkedin.com%2Fschool%2Finstitute-of-peace-and-conflict-studies%2F,,,,,,,,,,,2026-09-17T07:20:39.696Z
2026-09-17_07-22-17-697,2026-09-17,Institute of Peace and Conflict Studies,https://www.ipcs.org,,,,,,,,,,,,,,,,,,,,,,,,count_not_found,https://www.facebook.com/login/?next=https%3A%2F%2Fwww.facebook.com%2Fipcsnewdelhi,2026-09-17T07:28:13.340Z
2026-09-17_07-08-15-378,2026-09-17,Integrated Research and Action for Development,https://irade.org,,,,,,361,361,exact_public,collected,https://x.com/IRADe_Delhi,4668,"4,668",exact_public,collected,https://in.linkedin.com/company/integrated-research-for-action-development-irade,,,,,,735,735,exact_public,collected,https://www.facebook.com/IRADeNewDelhi,2026-09-17T07:44:24.431Z
2026-09-17_07-18-05-379,2026-09-17,Integrated Research and Action for Development,https://irade.org,,,,,,,,,,,4668,"4,668",exact_public,collected,https://in.linkedin.com/company/integrated-research-for-action-development-irade,,,,,,,,,,,2026-09-17T07:20:45.907Z
2026-09-17_07-22-17-697,2026-09-17,Integrated Research and Action for Development,https://irade.org,,,,,,,,,,,,,,,,,,,,,,,,count_not_found,https://www.facebook.com/login/?next=https%3A%2F%2Fwww.facebook.com%2FIRADeNewDelhi,2026-09-17T07:28:21.561Z
2026-09-17_07-08-15-378,2026-09-17,International Crisis Group,https://www.crisisgroup.org,23000,23K,rounded_public,collected,https://www.youtube.com/user/crisisgroup,238494,238494,exact_public,collected,https://x.com/CrisisGroup,249559,"249,559",exact_public,collected,https://www.linkedin.com/company/crisis-group,14836,14836,exact_public,collected,https://www.instagram.com/crisisgroup,181877,"181,877",exact_public,collected,https://www.facebook.com/crisisgroup,2026-09-17T07:45:06.691Z
2026-09-17_07-10-24-501,2026-09-17,International Crisis Group,https://www.crisisgroup.org,23000,23K,rounded_public,collected,https://www.youtube.com/user/crisisgroup,,,,,,,,,,,,,,,,,,,,,2026-09-17T07:15:12.335Z
2026-09-17_07-18-05-379,2026-09-17,International Crisis Group,https://www.crisisgroup.org,,,,,,,,,,,249557,"249,557",exact_public,collected,https://www.linkedin.com/company/crisis-group,,,,,,,,,,,2026-09-17T07:20:48.543Z
2026-09-17_07-22-17-697,2026-09-17,International Crisis Group,https://www.crisisgroup.org,,,,,,,,,,,,,,,,,,,,,,,,count_not_found,https://www.facebook.com/login/?next=https%3A%2F%2Fwww.facebook.com%2Fcrisisgroup,2026-09-17T07:28:29.776Z
2026-09-17_07-31-47-888,2026-09-17,International Crisis Group,https://www.crisisgroup.org,,,,,,,,,,,,,,,,,,,count_not_found,https://www.instagram.com/accounts/login/?next=https%3A%2F%2Fwww.instagram.com%2Fcrisisgroup&is_from_rle,,,,,,2026-09-17T07:43:59.088Z
2026-09-17_07-08-15-378,2026-09-17,International Republican Institute,https://www.iri.org,2490,2.49K,rounded_public,collected,https://www.youtube.com/user/iritv,50127,50127,exact_public,collected,https://x.com/IRIglobal,43323,"43,323",exact_public,collected,https://www.linkedin.com/company/international-republican-institute,9308,9308,exact_public,collected,https://www.instagram.com/IRIglobal,49943,"49,943",exact_public,collected,https://www.facebook.com/InternationalRepublicanInstitute,2026-09-17T07:45:47.016Z
2026-09-17_07-10-24-501,2026-09-17,International Republican Institute,https://www.iri.org,2490,2.49K,rounded_public,collected,https://www.youtube.com/user/iritv,,,,,,,,,,,,,,,,,,,,,2026-09-17T07:15:18.923Z
2026-09-17_07-18-05-379,2026-09-17,International Republican Institute,https://www.iri.org,,,,,,,,,,,43323,"43,323",exact_public,collected,https://www.linkedin.com/company/international-republican-institute,,,,,,,,,,,2026-09-17T07:20:50.862Z
2026-09-17_07-22-17-697,2026-09-17,International Republican Institute,https://www.iri.org,,,,,,,,,,,,,,,,,,,,,,,,count_not_found,https://www.facebook.com/login/?next=https%3A%2F%2Fwww.facebook.com%2FInternationalRepublicanInstitute,2026-09-17T07:28:37.936Z
2026-09-17_07-31-47-888,2026-09-17,International Republican Institute,https://www.iri.org,,,,,,,,,,,,,,,,,,,count_not_found,https://www.instagram.com/accounts/login/?next=https%3A%2F%2Fwww.instagram.com%2FIRIglobal&is_from_rle,,,,,,2026-09-17T07:44:17.433Z
2026-09-17_07-08-15-378,2026-09-17,ISPI (Italian Institute for International Political Studies),https://www.ispionline.it/en,4190,4.19K,rounded_public,collected,https://www.youtube.com/channel/UCAFKK8R_81qUvhPdjF-52nA,78770,78770,exact_public,collected,https://x.com/ispionline,132438,"132,438",exact_public,collected,https://www.linkedin.com/company/ispi,204670,204670,exact_public,collected,https://www.instagram.com/ispigram/,164718,"164,718",exact_public,collected,https://www.facebook.com/ISPIonline,2026-09-17T07:46:26.767Z
2026-09-17_07-10-24-501,2026-09-17,ISPI (Italian Institute for International Political Studies),https://www.ispionline.it/en,4190,4.19K,rounded_public,collected,https://www.youtube.com/channel/UCAFKK8R_81qUvhPdjF-52nA,,,,,,,,,,,,,,,,,,,,,2026-09-17T07:15:24.155Z
2026-09-17_07-18-05-379,2026-09-17,ISPI (Italian Institute for International Political Studies),https://www.ispionline.it/en,,,,,,,,,,,132437,"132,437",exact_public,collected,https://www.linkedin.com/company/ispi,,,,,,,,,,,2026-09-17T07:20:53.186Z
2026-09-17_07-22-17-697,2026-09-17,ISPI (Italian Institute for International Political Studies),https://www.ispionline.it/en,,,,,,,,,,,,,,,,,,,,,,,,count_not_found,https://www.facebook.com/login/?next=https%3A%2F%2Fwww.facebook.com%2FISPIonline,2026-09-17T07:28:46.109Z
2026-09-17_07-31-47-888,2026-09-17,ISPI (Italian Institute for International Political Studies),https://www.ispionline.it/en,,,,,,,,,,,,,,,,,,,count_not_found,https://www.instagram.com/accounts/login/?next=https%3A%2F%2Fwww.instagram.com%2Fispigram%2F&is_from_rle,,,,,,2026-09-17T07:44:35.546Z
2026-09-17_07-08-15-378,2026-09-17,ISS Africa (Institute for Security Studies),https://issafrica.org,17300,17.3K,rounded_public,collected,https://www.youtube.com/ISSAfricaTV,50044,50044,exact_public,collected,https://x.com/issafrica,96779,"96,779",exact_public,collected,https://www.linkedin.com/company/institute-for-security-studies,,,,,,53045,"53,045",exact_public,collected,https://www.facebook.com/issafrica,2026-09-17T07:46:55.000Z
2026-09-17_07-10-24-501,2026-09-17,ISS Africa (Institute for Security Studies),https://issafrica.org,17300,17.3K,rounded_public,collected,https://www.youtube.com/ISSAfricaTV,,,,,,,,,,,,,,,,,,,,,2026-09-17T07:15:29.543Z
2026-09-17_07-18-05-379,2026-09-17,ISS Africa (Institute for Security Studies),https://issafrica.org,,,,,,,,,,,96777,"96,777",exact_public,collected,https://www.linkedin.com/company/institute-for-security-studies,,,,,,,,,,,2026-09-17T07:20:55.631Z
2026-09-17_07-22-17-697,2026-09-17,ISS Africa (Institute for Security Studies),https://issafrica.org,,,,,,,,,,,,,,,,,,,,,,,,count_not_found,https://www.facebook.com/login/?next=https%3A%2F%2Fwww.facebook.com%2Fissafrica,2026-09-17T07:28:54.335Z
2026-09-17_07-08-15-378,2026-09-17,ITIF (Information Technology and Innovation Foundation),https://itif.org,3640,3.64K,rounded_public,collected,https://www.youtube.com/@itif,24490,24490,exact_public,collected,https://x.com/ITIFdc,9501,"9,501",exact_public,collected,https://www.linkedin.com/company/information-technology-and-innovation-foundation,414,414,exact_public,collected,https://www.instagram.com/itifdc,4406,"4,406",exact_public,collected,https://www.facebook.com/innovationpolicy,2026-09-17T07:47:36.924Z
2026-09-17_07-10-24-501,2026-09-17,ITIF (Information Technology and Innovation Foundation),https://itif.org,3640,3.64K,rounded_public,collected,https://www.youtube.com/@itif,,,,,,,,,,,,,,,,,,,,,2026-09-17T07:15:34.637Z
2026-09-17_07-18-05-379,2026-09-17,ITIF (Information Technology and Innovation Foundation),https://itif.org,,,,,,,,,,,9501,"9,501",exact_public,collected,https://www.linkedin.com/company/information-technology-and-innovation-foundation,,,,,,,,,,,2026-09-17T07:20:57.864Z
2026-09-17_07-22-17-697,2026-09-17,ITIF (Information Technology and Innovation Foundation),https://itif.org,,,,,,,,,,,,,,,,,,,,,,,,count_not_found,https://www.facebook.com/login/?next=https%3A%2F%2Fwww.facebook.com%2Finnovationpolicy,2026-09-17T07:29:02.509Z
2026-09-17_07-31-47-888,2026-09-17,ITIF (Information Technology and Innovation Foundation),https://itif.org,,,,,,,,,,,,,,,,,,,failed,https://www.instagram.com/itifdc,,,,,,2026-09-17T07:44:53.515Z
2026-09-17_07-08-15-378,2026-09-17,Japan Institute of International Affairs (JIIA),https://www.jiia.or.jp/en/,3650,3.65K,rounded_public,collected,https://www.youtube.com/channel/UC0_Tol0rF9jExOfGHR7tCPA,10756,10756,exact_public,collected,https://x.com/JIIA_jpn,1140,"1,140",exact_public,collected,https://www.linkedin.com/company/jiia%E3%80%80center-for-global-outreach-cgo,,,,,,1304,"1,304",exact_public,collected,https://www.facebook.com/JIIAj,2026-09-17T07:48:04.185Z
2026-09-17_07-10-24-501,2026-09-17,Japan Institute of International Affairs (JIIA),https://www.jiia.or.jp/en/,3650,3.65K,rounded_public,collected,https://www.youtube.com/channel/UC0_Tol0rF9jExOfGHR7tCPA,,,,,,,,,,,,,,,,,,,,,2026-09-17T07:15:39.922Z
2026-09-17_07-18-05-379,2026-09-17,Japan Institute of International Affairs (JIIA),https://www.jiia.or.jp/en/,,,,,,,,,,,1140,"1,140",exact_public,collected,https://www.linkedin.com/company/jiia%E3%80%80center-for-global-outreach-cgo,,,,,,,,,,,2026-09-17T07:21:00.007Z
2026-09-17_07-22-17-697,2026-09-17,Japan Institute of International Affairs (JIIA),https://www.jiia.or.jp/en/,,,,,,,,,,,,,,,,,,,,,,,,count_not_found,https://www.facebook.com/login/?next=https%3A%2F%2Fwww.facebook.com%2FJIIAj,2026-09-17T07:29:10.884Z
2026-09-17_07-08-15-378,2026-09-17,Konrad Adenauer Foundation,https://www.kas.de/en,7320,7.32K,rounded_public,collected,https://www.youtube.com/channel/UCxmhfC04y01RmpL1cr1ouxA,27891,27891,exact_public,collected,https://x.com/KASonline,77068,"77,068",exact_public,collected,https://www.linkedin.com/company/konrad-adenauer-stiftung,39640,39640,exact_public,collected,https://www.instagram.com/onlinekas/,83740,"83,740",exact_public,collected,https://www.facebook.com/kasfb,2026-09-17T07:48:44.025Z
2026-09-17_07-10-24-501,2026-09-17,Konrad Adenauer Foundation,https://www.kas.de/en,7320,7.32K,rounded_public,collected,https://www.youtube.com/channel/UCxmhfC04y01RmpL1cr1ouxA,,,,,,,,,,,,,,,,,,,,,2026-09-17T07:15:45.020Z
2026-09-17_07-18-05-379,2026-09-17,Konrad Adenauer Foundation,https://www.kas.de/en,,,,,,,,,,,77068,"77,068",exact_public,collected,https://www.linkedin.com/company/konrad-adenauer-stiftung,,,,,,,,,,,2026-09-17T07:21:02.533Z
2026-09-17_07-22-17-697,2026-09-17,Konrad Adenauer Foundation,https://www.kas.de/en,,,,,,,,,,,,,,,,,,,,,,,,count_not_found,https://www.facebook.com/login/?next=https%3A%2F%2Fwww.facebook.com%2Fkasfb,2026-09-17T07:29:19.223Z
2026-09-17_07-31-47-888,2026-09-17,Konrad Adenauer Foundation,https://www.kas.de/en,,,,,,,,,,,,,,,,,,,failed,https://www.instagram.com/onlinekas/,,,,,,2026-09-17T07:45:35.534Z
2026-09-17_07-08-15-378,2026-09-17,Lowy Institute,https://www.lowyinstitute.org,18900,18.9K,rounded_public,collected,https://www.youtube.com/user/LowyInstitute,75736,75736,exact_public,collected,https://x.com/LowyInstitute,39489,"39,489",exact_public,collected,https://www.linkedin.com/company/the-lowy-institute-for-international-policy,3315,3315,exact_public,collected,https://www.instagram.com/lowyinstitute,,,,,,2026-09-17T07:49:11.052Z
2026-09-17_07-10-24-501,2026-09-17,Lowy Institute,https://www.lowyinstitute.org,18900,18.9K,rounded_public,collected,https://www.youtube.com/user/LowyInstitute,,,,,,,,,,,,,,,,,,,,,2026-09-17T07:15:50.451Z
2026-09-17_07-18-05-379,2026-09-17,Lowy Institute,https://www.lowyinstitute.org,,,,,,,,,,,39489,"39,489",exact_public,collected,https://www.linkedin.com/company/the-lowy-institute-for-international-policy,,,,,,,,,,,2026-09-17T07:21:04.829Z
2026-09-17_07-31-47-888,2026-09-17,Lowy Institute,https://www.lowyinstitute.org,,,,,,,,,,,,,,,,,,,failed,https://www.instagram.com/lowyinstitute,,,,,,2026-09-17T07:46:17.137Z
2026-09-17_07-08-15-378,2026-09-17,Manohar Parrikar Institute for Defence Studies and Analyses,https://www.idsa.in,34000,34K,rounded_public,collected,https://www.youtube.com/idsaindia,48868,48868,exact_public,collected,https://x.com/IDSAIndia,14832,"14,832",exact_public,collected,https://www.linkedin.com/company/manohar-parrikar-institute-for-defence-studies-and-analyses,226,226,exact_public,collected,https://www.instagram.com/mpidsa_india,21492,"21,492",exact_public,collected,https://www.facebook.com/InstituteforDefenceStudiesAnalyses,2026-09-17T07:49:51.645Z
2026-09-17_07-10-24-501,2026-09-17,Manohar Parrikar Institute for Defence Studies and Analyses,https://www.idsa.in,34000,34K,rounded_public,collected,https://www.youtube.com/idsaindia,,,,,,,,,,,,,,,,,,,,,2026-09-17T07:15:55.578Z
2026-09-17_07-18-05-379,2026-09-17,Manohar Parrikar Institute for Defence Studies and Analyses,https://www.idsa.in,,,,,,,,,,,14832,"14,832",exact_public,collected,https://www.linkedin.com/company/manohar-parrikar-institute-for-defence-studies-and-analyses,,,,,,,,,,,2026-09-17T07:21:07.011Z
2026-09-17_07-22-17-697,2026-09-17,Manohar Parrikar Institute for Defence Studies and Analyses,https://www.idsa.in,,,,,,,,,,,,,,,,,,,,,,,,count_not_found,https://www.facebook.com/login/?next=https%3A%2F%2Fwww.facebook.com%2FInstituteforDefenceStudiesAnalyses,2026-09-17T07:29:27.455Z
2026-09-17_07-31-47-888,2026-09-17,Manohar Parrikar Institute for Defence Studies and Analyses,https://www.idsa.in,,,,,,,,,,,,,,,,,,,failed,https://www.instagram.com/mpidsa_india,,,,,,2026-09-17T07:46:58.830Z
2026-09-17_07-08-15-378,2026-09-17,Middle East Institute,https://www.mei.edu,20900,20.9K,rounded_public,collected,https://www.youtube.com/channel/UCclgK8IW7xKzd6z9DLk8slg,,,,,,44650,"44,650",exact_public,collected,https://www.linkedin.com/company/middle-east-institute,,,,,,,,,,,2026-09-17T07:50:16.673Z
2026-09-17_07-10-24-501,2026-09-17,Middle East Institute,https://www.mei.edu,20900,20.9K,rounded_public,collected,https://www.youtube.com/channel/UCclgK8IW7xKzd6z9DLk8slg,,,,,,,,,,,,,,,,,,,,,2026-09-17T07:16:00.974Z
2026-09-17_07-18-05-379,2026-09-17,Middle East Institute,https://www.mei.edu,,,,,,,,,,,44650,"44,650",exact_public,collected,https://www.linkedin.com/company/middle-east-institute,,,,,,,,,,,2026-09-17T07:21:09.329Z
2026-09-17_07-08-15-378,2026-09-17,Migration Policy Institute,https://www.migrationpolicy.org,1560,1.56K,rounded_public,collected,https://www.youtube.com/channel/UCdtJ56R55sCQFGfZ7Q7mQJg,46572,46572,exact_public,collected,https://x.com/MigrationPolicy?lang=en,59261,"59,261",exact_public,collected,https://www.linkedin.com/company/migration-policy-institute,3647,3647,exact_public,collected,https://www.instagram.com/migrationpolicyinstitute/,21922,"21,922",exact_public,collected,https://www.facebook.com/MigrationPolicyInstitute/,2026-09-17T07:50:45.039Z
2026-09-17_07-10-24-501,2026-09-17,Migration Policy Institute,https://www.migrationpolicy.org,1560,1.56K,rounded_public,collected,https://www.youtube.com/channel/UCdtJ56R55sCQFGfZ7Q7mQJg,,,,,,,,,,,,,,,,,,,,,2026-09-17T07:16:06.387Z
2026-09-17_07-18-05-379,2026-09-17,Migration Policy Institute,https://www.migrationpolicy.org,,,,,,,,,,,59254,"59,254",exact_public,collected,https://www.linkedin.com/company/migration-policy-institute,,,,,,,,,,,2026-09-17T07:21:11.662Z
2026-09-17_07-22-17-697,2026-09-17,Migration Policy Institute,https://www.migrationpolicy.org,,,,,,,,,,,,,,,,,,,,,,,,count_not_found,https://www.facebook.com/login/?next=https%3A%2F%2Fwww.facebook.com%2FMigrationPolicyInstitute%2F,2026-09-17T07:29:35.623Z
2026-09-17_07-31-47-888,2026-09-17,Migration Policy Institute,https://www.migrationpolicy.org,,,,,,,,,,,,,,,,,,,failed,https://www.instagram.com/migrationpolicyinstitute/,,,,,,2026-09-17T07:47:40.434Z
2026-09-17_07-08-15-378,2026-09-17,National Bureau of Asian Research,https://www.nbr.org,1380,1.38K,rounded_public,collected,https://www.youtube.com/user/NBRonline,14315,14315,exact_public,collected,https://x.com/nbrnews,16804,"16,804",exact_public,collected,https://www.linkedin.com/company/nbrnews,,,,,,7807,"7,807",exact_public,collected,https://www.facebook.com/NBRnews,2026-09-17T07:51:18.122Z
2026-09-17_07-10-24-501,2026-09-17,National Bureau of Asian Research,https://www.nbr.org,1380,1.38K,rounded_public,collected,https://www.youtube.com/user/NBRonline,,,,,,,,,,,,,,,,,,,,,2026-09-17T07:16:11.883Z
2026-09-17_07-18-05-379,2026-09-17,National Bureau of Asian Research,https://www.nbr.org,,,,,,,,,,,16804,"16,804",exact_public,collected,https://www.linkedin.com/company/nbrnews,,,,,,,,,,,2026-09-17T07:21:14.059Z
2026-09-17_07-22-17-697,2026-09-17,National Bureau of Asian Research,https://www.nbr.org,,,,,,,,,,,,,,,,,,,,,,,,count_not_found,https://www.facebook.com/login/?next=https%3A%2F%2Fwww.facebook.com%2FNBRnews,2026-09-17T07:29:43.773Z
2026-09-17_07-08-15-378,2026-09-17,National Council of Applied Economic Research,https://www.ncaer.org,2350,2.35K,rounded_public,collected,https://www.youtube.com/user/NCAER,9037,9037,exact_public,collected,https://x.com/NCAER,26172,"26,172",exact_public,collected,https://www.linkedin.com/company/ncaer,,,,,,,,,,,2026-09-17T07:51:46.417Z
2026-09-17_07-10-24-501,2026-09-17,National Council of Applied Economic Research,https://www.ncaer.org,2350,2.35K,rounded_public,collected,https://www.youtube.com/user/NCAER,,,,,,,,,,,,,,,,,,,,,2026-09-17T07:16:16.918Z
2026-09-17_07-18-05-379,2026-09-17,National Council of Applied Economic Research,https://www.ncaer.org,,,,,,,,,,,26171,"26,171",exact_public,collected,https://www.linkedin.com/company/ncaer,,,,,,,,,,,2026-09-17T07:21:16.330Z
2026-09-17_07-08-15-378,2026-09-17,National Institute of Advanced Studies,https://www.nias.res.in,7130,7.13K,rounded_public,collected,https://www.youtube.com/@nationalinstituteofadvance778,,,,,,,,,count_not_found,https://www.linkedin.com/authwall?trk=gf&trkInfo=AQHbWun1bZDvnAAAAaCuWeygEfdSu0r25WRWiBFz-ij8lN2jkc_zPFwszAtSEOnVNWh3DdXc-rLm0xc0KbO21UQpkl2RXUP-7hcXdFxypALHmIkLC8Leu46mB5zvB5b2Qb99gmk=&original_referer=&sessionRedirect=https%3A%2F%2Fwww.linkedin.com%2Fschool%2Fnational-institute-of-advanced-studies%2F,,,,,,,,,,,2026-09-17T07:51:58.632Z
2026-09-17_07-10-24-501,2026-09-17,National Institute of Advanced Studies,https://www.nias.res.in,7130,7.13K,rounded_public,collected,https://www.youtube.com/@nationalinstituteofadvance778,,,,,,,,,,,,,,,,,,,,,2026-09-17T07:16:22.064Z
2026-09-17_07-18-05-379,2026-09-17,National Institute of Advanced Studies,https://www.nias.res.in,,,,,,,,,,,,,,count_not_found,https://www.linkedin.com/authwall?trk=gf&trkInfo=AQFfNHcg9IBFlAAAAaCuPcWYqyI9UK3Ki8Gij1J5Shr2sVcuZLYddRvk6OGzoUqKATwHpl-wJuNJ_qKjtlKPq73MHMGjXAZhLNZ4TXWbdofaQUP98E-d0ZIflgdepjpgr-LXd0w=&original_referer=&sessionRedirect=https%3A%2F%2Fwww.linkedin.com%2Fschool%2Fnational-institute-of-advanced-studies%2F,,,,,,,,,,,2026-09-17T07:21:18.724Z
2026-09-17_07-08-15-378,2026-09-17,New America,https://www.newamerica.org,29300,29.3K,rounded_public,collected,https://www.youtube.com/@NewamericaOrgideas,51505,51505,exact_public,collected,https://x.com/NewAmerica,31489,"31,489",exact_public,collected,https://www.linkedin.com/company/new-america,2578,2578,exact_public,collected,https://www.instagram.com/newamericaorg,25823,"25,823",exact_public,collected,https://www.facebook.com/NewAmerica,2026-09-17T07:52:50.070Z
2026-09-17_07-10-24-501,2026-09-17,New America,https://www.newamerica.org,29300,29.3K,rounded_public,collected,https://www.youtube.com/@NewamericaOrgideas,,,,,,,,,,,,,,,,,,,,,2026-09-17T07:16:27.116Z
2026-09-17_07-18-05-379,2026-09-17,New America,https://www.newamerica.org,,,,,,,,,,,31489,"31,489",exact_public,collected,https://www.linkedin.com/company/new-america,,,,,,,,,,,2026-09-17T07:21:23.877Z
2026-09-17_07-22-17-697,2026-09-17,New America,https://www.newamerica.org,,,,,,,,,,,,,,,,,,,,,,,,count_not_found,https://www.facebook.com/login/?next=https%3A%2F%2Fwww.facebook.com%2FNewAmerica,2026-09-17T07:29:52.077Z
2026-09-17_07-31-47-888,2026-09-17,New America,https://www.newamerica.org,,,,,,,,,,,,,,,,,,,failed,https://www.instagram.com/newamericaorg,,,,,,2026-09-17T07:48:22.171Z
2026-09-17_07-08-15-378,2026-09-17,NUPI (Norwegian Institute of International Affairs),https://www.nupi.no/en,6120,6.12K,rounded_public,collected,https://www.youtube.com/user/nupinytt,16133,16133,exact_public,collected,https://x.com/nupinytt,27850,"27,850",exact_public,collected,https://www.linkedin.com/company/norwegian-institute-of-international-affairs,2760,2760,exact_public,collected,https://www.instagram.com/nupinytt,,,,,,2026-09-17T07:53:21.364Z
2026-09-17_07-10-24-501,2026-09-17,NUPI (Norwegian Institute of International Affairs),https://www.nupi.no/en,6120,6.12K,rounded_public,collected,https://www.youtube.com/user/nupinytt,,,,,,,,,,,,,,,,,,,,,2026-09-17T07:16:32.567Z
2026-09-17_07-18-05-379,2026-09-17,NUPI (Norwegian Institute of International Affairs),https://www.nupi.no/en,,,,,,,,,,,27850,"27,850",exact_public,collected,https://www.linkedin.com/company/norwegian-institute-of-international-affairs,,,,,,,,,,,2026-09-17T07:21:26.352Z
2026-09-17_07-31-47-888,2026-09-17,NUPI (Norwegian Institute of International Affairs),https://www.nupi.no/en,,,,,,,,,,,,,,,,,,,failed,https://www.instagram.com/nupinytt,,,,,,2026-09-17T07:49:03.790Z
2026-09-17_07-08-15-378,2026-09-17,Observer Research Foundation,https://www.orfonline.org,256000,256K,rounded_public,collected,https://www.youtube.com/channel/UCkcjGxTW_mLZmmEfWP2UMtQ,159331,159331,exact_public,collected,https://x.com/orfonline,128904,"128,904",exact_public,collected,https://www.linkedin.com/company/observer-research-foundation,70446,70446,exact_public,collected,https://www.instagram.com/orfonline,291164,"291,164",exact_public,collected,https://www.facebook.com/ORFOnline,2026-09-17T07:54:07.007Z
2026-09-17_07-10-24-501,2026-09-17,Observer Research Foundation,https://www.orfonline.org,256000,256K,rounded_public,collected,https://www.youtube.com/channel/UCkcjGxTW_mLZmmEfWP2UMtQ,,,,,,,,,,,,,,,,,,,,,2026-09-17T07:16:37.634Z
2026-09-17_07-18-05-379,2026-09-17,Observer Research Foundation,https://www.orfonline.org,,,,,,,,,,,128906,"128,906",exact_public,collected,https://www.linkedin.com/company/observer-research-foundation,,,,,,,,,,,2026-09-17T07:21:28.875Z
2026-09-17_07-22-17-697,2026-09-17,Observer Research Foundation,https://www.orfonline.org,,,,,,,,,,,,,,,,,,,,,,,,count_not_found,https://www.facebook.com/login/?next=https%3A%2F%2Fwww.facebook.com%2FORFOnline,2026-09-17T07:30:00.282Z
2026-09-17_07-31-47-888,2026-09-17,Observer Research Foundation,https://www.orfonline.org,,,,,,,,,,,,,,,,,,,failed,https://www.instagram.com/orfonline,,,,,,2026-09-17T07:49:45.458Z
2026-09-17_07-08-15-378,2026-09-17,OIIP (Austrian Institute for International Affairs),https://www.oiip.ac.at/en/,248,248,exact_public,collected,https://www.youtube.com/channel/UCv1DPI5lm0tN_PXi9m578Gw,2324,2324,exact_public,collected,https://x.com/InfoOiip,,,,count_not_found,https://www.linkedin.com/authwall?trk=gf&trkInfo=AQFXm4JB7kZTVwAAAaCuXE4AFhn8njFGjPFmM2S6T-JRwhQZFOIRERmWWKhVCtfTjnJ8W3CmY5IdHOIl4rOKeSm0oR6kjSiY2w-WGmPbvY4RVZnzIAv8f7P5CTzn1B8XMkQ68Ug=&original_referer=&sessionRedirect=https%3A%2F%2Fwww.linkedin.com%2Fin%2F%25C3%25B6sterreichisches-institut-f%25C3%25BCr-internationale-politik-611010216,,,,,,3333,"3,333",exact_public,collected,https://www.facebook.com/wien.oiip,2026-09-17T07:54:59.483Z
2026-09-17_07-10-24-501,2026-09-17,OIIP (Austrian Institute for International Affairs),https://www.oiip.ac.at/en/,248,248,exact_public,collected,https://www.youtube.com/channel/UCv1DPI5lm0tN_PXi9m578Gw,,,,,,,,,,,,,,,,,,,,,2026-09-17T07:16:42.966Z
2026-09-17_07-18-05-379,2026-09-17,OIIP (Austrian Institute for International Affairs),https://www.oiip.ac.at/en/,,,,,,,,,,,,,,count_not_found,https://www.linkedin.com/authwall?trk=gf&trkInfo=AQH0jhrgn7y9zAAAAaCuPfhgFz4isOxwfT6aOXRnzGAHBOCoPir7FBbhsIY6P4LYQsLeMGbJ5-K867lmF9mCIHC5CfU6f8tQTPMN1oczDhVRPrkF4ldAPxWNaJ051BWcmw7z6Q0=&original_referer=&sessionRedirect=https%3A%2F%2Fwww.linkedin.com%2Fin%2F%25C3%25B6sterreichisches-institut-f%25C3%25BCr-internationale-politik-611010216,,,,,,,,,,,2026-09-17T07:21:31.163Z
2026-09-17_07-22-17-697,2026-09-17,OIIP (Austrian Institute for International Affairs),https://www.oiip.ac.at/en/,,,,,,,,,,,,,,,,,,,,,,,,count_not_found,https://www.facebook.com/login/?next=https%3A%2F%2Fwww.facebook.com%2Fwien.oiip,2026-09-17T07:30:08.503Z
2026-09-17_07-08-15-378,2026-09-17,OSW (Centre for Eastern Studies),https://www.osw.waw.pl/en,73100,73.1K,rounded_public,collected,https://www.youtube.com/@centreforeasternstudies,19448,19448,exact_public,collected,https://x.com/OSW_eng,6796,"6,796",exact_public,collected,https://www.linkedin.com/company/centre-for-eastern-studies-osw-,,,,,,4713,"4,713",exact_public,collected,https://www.facebook.com/CentreforEasternStudies,2026-09-17T07:55:31.508Z
2026-09-17_07-10-24-501,2026-09-17,OSW (Centre for Eastern Studies),https://www.osw.waw.pl/en,73100,73.1K,rounded_public,collected,https://www.youtube.com/@centreforeasternstudies,,,,,,,,,,,,,,,,,,,,,2026-09-17T07:16:47.926Z
2026-09-17_07-18-05-379,2026-09-17,OSW (Centre for Eastern Studies),https://www.osw.waw.pl/en,,,,,,,,,,,6795,"6,795",exact_public,collected,https://www.linkedin.com/company/centre-for-eastern-studies-osw-,,,,,,,,,,,2026-09-17T07:21:36.664Z
2026-09-17_07-22-17-697,2026-09-17,OSW (Centre for Eastern Studies),https://www.osw.waw.pl/en,,,,,,,,,,,,,,,,,,,,,4713,"4,713",exact_public,collected,https://www.facebook.com/CentreforEasternStudies,2026-09-17T07:30:16.669Z
2026-09-17_07-08-15-378,2026-09-17,PCNS (Policy Center for the New South),https://www.policycenter.ma,19200,19.2K,rounded_public,collected,https://www.youtube.com/PolicyCenterfortheNewSouth,17377,17377,exact_public,collected,https://x.com/PolicyCenterNS,38592,"38,592",exact_public,collected,https://www.linkedin.com/company/policycenterns,10889,10889,exact_public,collected,https://www.instagram.com/policycenter.ns,29152,"29,152",exact_public,collected,https://www.facebook.com/PolicyCenterNS,2026-09-17T07:56:14.493Z
2026-09-17_07-10-24-501,2026-09-17,PCNS (Policy Center for the New South),https://www.policycenter.ma,19200,19.2K,rounded_public,collected,https://www.youtube.com/PolicyCenterfortheNewSouth,,,,,,,,,,,,,,,,,,,,,2026-09-17T07:16:52.934Z
2026-09-17_07-18-05-379,2026-09-17,PCNS (Policy Center for the New South),https://www.policycenter.ma,,,,,,,,,,,38592,"38,592",exact_public,collected,https://www.linkedin.com/company/policycenterns,,,,,,,,,,,2026-09-17T07:21:39.064Z
2026-09-17_07-22-17-697,2026-09-17,PCNS (Policy Center for the New South),https://www.policycenter.ma,,,,,,,,,,,,,,,,,,,,,29152,"29,152",exact_public,collected,https://www.facebook.com/PolicyCenterNS,2026-09-17T07:30:27.846Z
2026-09-17_07-31-47-888,2026-09-17,PCNS (Policy Center for the New South),https://www.policycenter.ma,,,,,,,,,,,,,,,,,,,failed,https://www.instagram.com/policycenter.ns,,,,,,2026-09-17T07:50:27.063Z
2026-09-17_07-08-15-378,2026-09-17,PIIE,https://www.piie.com,36200,36.2K,rounded_public,collected,https://www.youtube.com/channel/UCRnLlxwOaxeplsJ8On583Vw,,,,,,32596,"32,596",exact_public,collected,https://www.linkedin.com/company/piie,,,,,,,,,,,2026-09-17T07:56:41.803Z
2026-09-17_07-10-24-501,2026-09-17,PIIE,https://www.piie.com,36200,36.2K,rounded_public,collected,https://www.youtube.com/channel/UCRnLlxwOaxeplsJ8On583Vw,,,,,,,,,,,,,,,,,,,,,2026-09-17T07:16:58.067Z
2026-09-17_07-18-05-379,2026-09-17,PIIE,https://www.piie.com,,,,,,,,,,,32596,"32,596",exact_public,collected,https://www.linkedin.com/company/piie,,,,,,,,,,,2026-09-17T07:21:41.191Z
2026-09-17_07-08-15-378,2026-09-17,Public Affairs Centre (PAC),https://pacindia.org,1070,1.07K,rounded_public,collected,https://www.youtube.com/pacindiavideos,1101,1101,exact_public,collected,https://x.com/pacindia,6341,"6,341",exact_public,collected,https://www.linkedin.com/company/pacindia,410,410,exact_public,collected,https://www.instagram.com/pacindia,,,,,,2026-09-17T07:57:00.336Z
2026-09-17_07-10-24-501,2026-09-17,Public Affairs Centre (PAC),https://pacindia.org,1070,1.07K,rounded_public,collected,https://www.youtube.com/pacindiavideos,,,,,,,,,,,,,,,,,,,,,2026-09-17T07:17:03.448Z
2026-09-17_07-18-05-379,2026-09-17,Public Affairs Centre (PAC),https://pacindia.org,,,,,,,,,,,6340,"6,340",exact_public,collected,https://www.linkedin.com/company/pacindia,,,,,,,,,,,2026-09-17T07:21:43.276Z
2026-09-17_07-31-47-888,2026-09-17,Public Affairs Centre (PAC),https://pacindia.org,,,,,,,,,,,,,,,,,,,failed,https://www.instagram.com/pacindia,,,,,,2026-09-17T07:51:08.703Z
2026-09-17_07-08-15-378,2026-09-17,RAND Corporation,https://www.rand.org,38200,38.2K,rounded_public,collected,https://www.youtube.com/channel/UCTnsIW_melVWGQC_dxQh45g,261590,261590,exact_public,collected,https://x.com/RANDCorporation,211405,"211,405",exact_public,collected,https://www.linkedin.com/company/rand-corporation,27549,27549,exact_public,collected,https://www.instagram.com/randcorporation/,69229,"69,229",exact_public,collected,https://www.facebook.com/RANDCorporation,2026-09-17T07:58:00.500Z
2026-09-17_07-10-24-501,2026-09-17,RAND Corporation,https://www.rand.org,38200,38.2K,rounded_public,collected,https://www.youtube.com/channel/UCTnsIW_melVWGQC_dxQh45g,,,,,,,,,,,,,,,,,,,,,2026-09-17T07:17:08.633Z
2026-09-17_07-18-05-379,2026-09-17,RAND Corporation,https://www.rand.org,,,,,,,,,,,211404,"211,404",exact_public,collected,https://www.linkedin.com/company/rand-corporation,,,,,,,,,,,2026-09-17T07:21:45.553Z
2026-09-17_07-22-17-697,2026-09-17,RAND Corporation,https://www.rand.org,,,,,,,,,,,,,,,,,,,,,69230,"69,230",exact_public,collected,https://www.facebook.com/RANDCorporation,2026-09-17T07:30:38.714Z
2026-09-17_07-31-47-888,2026-09-17,RAND Corporation,https://www.rand.org,,,,,,,,,,,,,,,,,,,failed,https://www.instagram.com/randcorporation/,,,,,,2026-09-17T07:51:50.321Z
2026-09-17_07-08-15-378,2026-09-17,RIS,https://www.ris.org.in,1890,1.89K,rounded_public,collected,https://www.youtube.com/user/RISNewDelhi,,,,count_not_found,https://x.com/RIS_NewDelhi,18868,"18,868",exact_public,collected,https://www.linkedin.com/company/research-and-information-system-for-developing-countries,742,742,exact_public,collected,https://www.instagram.com/risdelhi,6160,"6,160",exact_public,collected,https://www.facebook.com/RISIndia,2026-09-17T07:58:55.964Z
2026-09-17_07-10-24-501,2026-09-17,RIS,https://www.ris.org.in,1890,1.89K,rounded_public,collected,https://www.youtube.com/user/RISNewDelhi,,,,,,,,,,,,,,,,,,,,,2026-09-17T07:17:13.793Z
2026-09-17_07-18-05-379,2026-09-17,RIS,https://www.ris.org.in,,,,,,,,,,,18865,"18,865",exact_public,collected,https://www.linkedin.com/company/research-and-information-system-for-developing-countries,,,,,,,,,,,2026-09-17T07:21:47.943Z
2026-09-17_07-22-17-697,2026-09-17,RIS,https://www.ris.org.in,,,,,,,,,,,,,,,,,,,,,6161,"6,161",exact_public,collected,https://www.facebook.com/RISIndia,2026-09-17T07:30:49.559Z
2026-09-17_07-31-47-888,2026-09-17,RIS,https://www.ris.org.in,,,,,,,,,,,,,,,,,,,failed,https://www.instagram.com/risdelhi,,,,,,2026-09-17T07:52:32.009Z
2026-09-17_07-08-15-378,2026-09-17,SAIIA (South African Institute of International Affairs),https://saiia.org.za,2290,2.29K,rounded_public,collected,https://www.youtube.com/saiiaclips,16204,16204,exact_public,collected,https://x.com/SAIIA_info,,,,count_not_found,https://www.linkedin.com/login/?session_redirect=%2Fcompany%2F1121142,4475,4475,exact_public,collected,https://www.instagram.com/saiia_org,12021,"12,021",exact_public,collected,https://www.facebook.com/saiia.info/,2026-09-17T08:00:36.554Z
2026-09-17_07-10-24-501,2026-09-17,SAIIA (South African Institute of International Affairs),https://saiia.org.za,2290,2.29K,rounded_public,collected,https://www.youtube.com/saiiaclips,,,,,,,,,,,,,,,,,,,,,2026-09-17T07:17:18.778Z
2026-09-17_07-18-05-379,2026-09-17,SAIIA (South African Institute of International Affairs),https://saiia.org.za,,,,,,,,,,,,,,count_not_found,https://www.linkedin.com/login/?session_redirect=%2Fcompany%2F1121142,,,,,,,,,,,2026-09-17T07:21:50.139Z
2026-09-17_07-22-17-697,2026-09-17,SAIIA (South African Institute of International Affairs),https://saiia.org.za,,,,,,,,,,,,,,,,,,,,,12020,"12,020",exact_public,collected,https://www.facebook.com/saiia.info/,2026-09-17T07:31:00.553Z
2026-09-17_07-31-47-888,2026-09-17,SAIIA (South African Institute of International Affairs),https://saiia.org.za,,,,,,,,,,,,,,,,,,,failed,https://www.instagram.com/saiia_org,,,,,,2026-09-17T07:53:13.742Z
2026-09-17_07-08-15-378,2026-09-17,SIPRI (Stockholm International Peace Research Institute),https://www.sipri.org,9760,9.76K,rounded_public,collected,https://www.youtube.com/user/SIPRIorg,104316,104316,exact_public,collected,https://x.com/SIPRIorg,52003,"52,003",exact_public,collected,https://www.linkedin.com/company/sipri,3856,3856,exact_public,collected,https://www.instagram.com/sipriorg,30729,"30,729",exact_public,collected,https://www.facebook.com/sipri.org,2026-09-17T08:01:23.646Z
2026-09-17_07-10-24-501,2026-09-17,SIPRI (Stockholm International Peace Research Institute),https://www.sipri.org,9760,9.76K,rounded_public,collected,https://www.youtube.com/user/SIPRIorg,,,,,,,,,,,,,,,,,,,,,2026-09-17T07:17:23.862Z
2026-09-17_07-18-05-379,2026-09-17,SIPRI (Stockholm International Peace Research Institute),https://www.sipri.org,,,,,,,,,,,52002,"52,002",exact_public,collected,https://www.linkedin.com/company/sipri,,,,,,,,,,,2026-09-17T07:21:55.670Z
2026-09-17_07-22-17-697,2026-09-17,SIPRI (Stockholm International Peace Research Institute),https://www.sipri.org,,,,,,,,,,,,,,,,,,,,,30728,"30,728",exact_public,collected,https://www.facebook.com/sipri.org,2026-09-17T07:31:11.305Z
2026-09-17_07-31-47-888,2026-09-17,SIPRI (Stockholm International Peace Research Institute),https://www.sipri.org,,,,,,,,,,,,,,,,,,,failed,https://www.instagram.com/sipriorg,,,,,,2026-09-17T07:53:55.376Z
2026-09-17_07-08-15-378,2026-09-17,Stimson Centre,https://www.stimson.org,9620,9.62K,rounded_public,collected,https://www.youtube.com/channel/UCMzl-NrhN_SuBYJho4UEx9Q,,,,,,35747,"35,747",exact_public,collected,https://www.linkedin.com/company/the-henry-l.-stimson-center,,,,,,,,,,,2026-09-17T08:01:47.686Z
2026-09-17_07-10-24-501,2026-09-17,Stimson Centre,https://www.stimson.org,9620,9.62K,rounded_public,collected,https://www.youtube.com/channel/UCMzl-NrhN_SuBYJho4UEx9Q,,,,,,,,,,,,,,,,,,,,,2026-09-17T07:17:29.168Z
2026-09-17_07-18-05-379,2026-09-17,Stimson Centre,https://www.stimson.org,,,,,,,,,,,35747,"35,747",exact_public,collected,https://www.linkedin.com/company/the-henry-l.-stimson-center,,,,,,,,,,,2026-09-17T07:21:57.811Z
2026-09-17_07-08-15-378,2026-09-17,SWP (German Institute for International and Security Affairs),https://www.swp-berlin.org/en,544,544,exact_public,collected,https://www.youtube.com/@SWP-Berlin,,,,,,32445,"32,445",exact_public,collected,https://www.linkedin.com/company/swp-berlin,,,,,,,,,,,2026-09-17T08:02:01.538Z
2026-09-17_07-10-24-501,2026-09-17,SWP (German Institute for International and Security Affairs),https://www.swp-berlin.org/en,544,544,exact_public,collected,https://www.youtube.com/@SWP-Berlin,,,,,,,,,,,,,,,,,,,,,2026-09-17T07:17:34.233Z
2026-09-17_07-18-05-379,2026-09-17,SWP (German Institute for International and Security Affairs),https://www.swp-berlin.org/en,,,,,,,,,,,32444,"32,444",exact_public,collected,https://www.linkedin.com/company/swp-berlin,,,,,,,,,,,2026-09-17T07:22:00.320Z
2026-09-17_07-08-15-378,2026-09-17,Tax Foundation,https://taxfoundation.org,10500,10.5K,rounded_public,collected,https://www.youtube.com/user/TaxFoundation,69624,69624,exact_public,collected,https://x.com/taxfoundation,45195,"45,195",exact_public,collected,https://www.linkedin.com/company/tax-foundation,5241,5241,exact_public,collected,https://www.instagram.com/tax.foundation,25821,"25,821",exact_public,collected,https://www.facebook.com/taxfoundation,2026-09-17T08:02:30.524Z
2026-09-17_07-10-24-501,2026-09-17,Tax Foundation,https://taxfoundation.org,10500,10.5K,rounded_public,collected,https://www.youtube.com/user/TaxFoundation,,,,,,,,,,,,,,,,,,,,,2026-09-17T07:17:39.325Z
2026-09-17_07-18-05-379,2026-09-17,Tax Foundation,https://taxfoundation.org,,,,,,,,,,,45195,"45,195",exact_public,collected,https://www.linkedin.com/company/tax-foundation,,,,,,,,,,,2026-09-17T07:22:02.534Z
2026-09-17_07-22-17-697,2026-09-17,Tax Foundation,https://taxfoundation.org,,,,,,,,,,,,,,,,,,,,,,,,count_not_found,https://www.facebook.com/login/?next=https%3A%2F%2Fwww.facebook.com%2Ftaxfoundation,2026-09-17T07:31:22.261Z
2026-09-17_07-31-47-888,2026-09-17,Tax Foundation,https://taxfoundation.org,,,,,,,,,,,,,,,,,,,failed,https://www.instagram.com/tax.foundation,,,,,,2026-09-17T07:54:37.081Z
2026-09-17_07-08-15-378,2026-09-17,The Energy and Resources Institute,https://www.teriin.org,85400,85.4K,rounded_public,collected,https://www.youtube.com/user/teri,25469,25469,exact_public,collected,https://x.com/teriin,143174,"143,174",exact_public,collected,https://www.linkedin.com/company/teriin,7890,7890,exact_public,collected,https://www.instagram.com/teriindia,39616,"39,616",exact_public,collected,https://www.facebook.com/TERIIN,2026-09-17T08:03:11.660Z
2026-09-17_07-10-24-501,2026-09-17,The Energy and Resources Institute,https://www.teriin.org,85400,85.4K,rounded_public,collected,https://www.youtube.com/user/teri,,,,,,,,,,,,,,,,,,,,,2026-09-17T07:17:44.565Z
2026-09-17_07-18-05-379,2026-09-17,The Energy and Resources Institute,https://www.teriin.org,,,,,,,,,,,143171,"143,171",exact_public,collected,https://www.linkedin.com/company/teriin,,,,,,,,,,,2026-09-17T07:22:04.695Z
2026-09-17_07-22-17-697,2026-09-17,The Energy and Resources Institute,https://www.teriin.org,,,,,,,,,,,,,,,,,,,,,,,,count_not_found,https://www.facebook.com/login/?next=https%3A%2F%2Fwww.facebook.com%2FTERIIN,2026-09-17T07:31:30.779Z
2026-09-17_07-31-47-888,2026-09-17,The Energy and Resources Institute,https://www.teriin.org,,,,,,,,,,,,,,,,,,,failed,https://www.instagram.com/teriindia,,,,,,2026-09-17T07:55:18.915Z
2026-09-17_07-08-15-378,2026-09-17,The Takshashila Institution,https://takshashila.org.in,5440,5.44K,rounded_public,collected,https://www.youtube.com/c/TakshashilaInst,15902,15902,exact_public,collected,https://x.com/TakshashilaInst,,,,count_not_found,https://www.linkedin.com/authwall?trk=gf&trkInfo=AQGyF3KCpvNdDQAAAaCuZJ7ozG3C7o9ZyXOeEwM__hYsv3z7NwxmEcegPZNgpooBeTOj2miLsVJ3bFVOWSguJogqo-H6EoWfDp5RGdY1_N_k-Ip76NNK9UpYVyegpRU3mEzk9Ww=&original_referer=&sessionRedirect=https%3A%2F%2Fwww.linkedin.com%2Fschool%2Fthe-takshashila-institution,5397,5397,exact_public,collected,https://www.instagram.com/takshashilainst,,,,,,2026-09-17T08:04:03.414Z
2026-09-17_07-10-24-501,2026-09-17,The Takshashila Institution,https://takshashila.org.in,5440,5.44K,rounded_public,collected,https://www.youtube.com/c/TakshashilaInst,,,,,,,,,,,,,,,,,,,,,2026-09-17T07:17:49.652Z
2026-09-17_07-18-05-379,2026-09-17,The Takshashila Institution,https://takshashila.org.in,,,,,,,,,,,,,,count_not_found,https://www.linkedin.com/authwall?trk=gf&trkInfo=AQEiavtJzbKtpAAAAaCuPoUAB72JVu4RJeX7b-UYEurw6k0iNKGEnqEhDfnMONTTsnQliZ1vZdZ8Uwm2w_T2QYisQCKxM-eME8YfKTOAhpnsjeuecgZ1lWxXGVnlaFG_Pth5Ct4=&original_referer=&sessionRedirect=https%3A%2F%2Fwww.linkedin.com%2Fschool%2Fthe-takshashila-institution,,,,,,,,,,,2026-09-17T07:22:07.283Z
2026-09-17_07-31-47-888,2026-09-17,The Takshashila Institution,https://takshashila.org.in,,,,,,,,,,,,,,,,,,,failed,https://www.instagram.com/takshashilainst,,,,,,2026-09-17T07:56:01.096Z
2026-09-17_07-08-15-378,2026-09-17,Urban Institute,https://www.urban.org,5460,5.46K,rounded_public,collected,https://www.youtube.com/channel/UCiODGs5uF-ZdoLTrRXlkv7g,,,,,,124142,"124,142",exact_public,collected,https://www.linkedin.com/company/urban-institute,,,,,,,,,,,2026-09-17T08:04:27.814Z
2026-09-17_07-10-24-501,2026-09-17,Urban Institute,https://www.urban.org,5460,5.46K,rounded_public,collected,https://www.youtube.com/channel/UCiODGs5uF-ZdoLTrRXlkv7g,,,,,,,,,,,,,,,,,,,,,2026-09-17T07:17:54.967Z
2026-09-17_07-18-05-379,2026-09-17,Urban Institute,https://www.urban.org,,,,,,,,,,,124143,"124,143",exact_public,collected,https://www.linkedin.com/company/urban-institute,,,,,,,,,,,2026-09-17T07:22:12.857Z
2026-09-17_07-08-15-378,2026-09-17,Washington Institute for Near East Policy,https://www.washingtoninstitute.org,15900,15.9K,rounded_public,collected,https://www.youtube.com/user/WashingtonInstitute,74019,74019,exact_public,collected,https://x.com/WashInstitute,27114,"27,114",exact_public,collected,https://www.linkedin.com/company/the-washington-institute-for-near-east-policy,,,,,,38759,"38,759",exact_public,collected,https://www.facebook.com/WashingtonInstitute,2026-09-17T08:04:46.070Z
2026-09-17_07-10-24-501,2026-09-17,Washington Institute for Near East Policy,https://www.washingtoninstitute.org,15900,15.9K,rounded_public,collected,https://www.youtube.com/user/WashingtonInstitute,,,,,,,,,,,,,,,,,,,,,2026-09-17T07:17:59.964Z
2026-09-17_07-18-05-379,2026-09-17,Washington Institute for Near East Policy,https://www.washingtoninstitute.org,,,,,,,,,,,27114,"27,114",exact_public,collected,https://www.linkedin.com/company/the-washington-institute-for-near-east-policy,,,,,,,,,,,2026-09-17T07:22:15.324Z
2026-09-17_07-22-17-697,2026-09-17,Washington Institute for Near East Policy,https://www.washingtoninstitute.org,,,,,,,,,,,,,,,,,,,,,,,,count_not_found,https://www.facebook.com/login/?next=https%3A%2F%2Fwww.facebook.com%2FWashingtonInstitute,2026-09-17T07:31:39.305Z
2026-09-23_06-39-09-015,2026-09-23,ACET (African Center for Economic Transformation),https://acetforafrica.org,,,,count_not_found,https://www.youtube.com/user/acetforafrica,18913,18913,exact_public,collected,https://x.com/acetforafrica,31861,"31,861",exact_public,collected,https://www.linkedin.com/company/acetforafrica,,,,count_not_found,https://www.instagram.com/acetforafrica,,,,failed,https://www.facebook.com/acetforafrica,2026-09-23T06:39:09.081Z
2026-09-23_06-40-20-315,2026-09-23,ACET (African Center for Economic Transformation),https://acetforafrica.org,617,617,exact_public,collected,https://www.youtube.com/user/acetforafrica,,,,,,,,,,,,,,,,,,,,,2026-09-23T06:40:20.321Z
2026-09-23_06-47-02-001,2026-09-23,ACET (African Center for Economic Transformation),https://acetforafrica.org,,,,,,,,,,,31861,"31,861",exact_public,collected,https://www.linkedin.com/company/acetforafrica,,,,,,,,,,,2026-09-23T06:47:02.007Z
2026-09-23_06-48-06-830,2026-09-23,ACET (African Center for Economic Transformation),https://acetforafrica.org,,,,,,,,,,,,,,,,,,,,,29842,"29,842",exact_public,collected,https://www.facebook.com/acetforafrica,2026-09-23T06:48:06.836Z
2026-09-23_06-54-19-052,2026-09-23,ACET (African Center for Economic Transformation),https://acetforafrica.org,,,,,,,,,,,,,,,,1807,1807,exact_public,collected,https://www.instagram.com/acetforafrica,,,,,,2026-09-23T06:54:19.058Z
2026-09-23_07-20-16-776,2026-09-23,ACET (African Center for Economic Transformation),https://acetforafrica.org,,,,count_not_found,https://www.youtube.com/user/acetforafrica,18913,18913,exact_public,collected,https://x.com/acetforafrica,31861,"31,861",exact_public,collected,https://www.linkedin.com/company/acetforafrica,,,,count_not_found,https://www.instagram.com/acetforafrica,,,,failed,https://www.facebook.com/acetforafrica,2026-09-23T07:20:16.836Z
2026-09-23_07-21-36-963,2026-09-23,ACET (African Center for Economic Transformation),https://acetforafrica.org,,,,count_not_found,https://www.youtube.com/user/acetforafrica,18913,18913,exact_public,collected,https://x.com/acetforafrica,31861,"31,861",exact_public,collected,https://www.linkedin.com/company/acetforafrica,,,,count_not_found,https://www.instagram.com/acetforafrica,,,,failed,https://www.facebook.com/acetforafrica,2026-09-23T07:21:37.026Z
2026-09-23_07-27-56-877,2026-09-23,ACET (African Center for Economic Transformation),https://acetforafrica.org,617,617,exact_public,collected,https://www.youtube.com/user/acetforafrica,18913,18913,exact_public,collected,https://x.com/acetforafrica,31861,"31,861",exact_public,collected,https://www.linkedin.com/company/acetforafrica,1807,1807,exact_public,collected,https://www.instagram.com/acetforafrica,29843,"29,843",exact_public,collected,https://www.facebook.com/acetforafrica,2026-09-23T07:27:58.840Z
2026-09-23_07-18-42-969,2026-09-23,Africa Center for Strategic Studies,https://africacenter.org/,14000,14K,rounded_public,collected,https://www.youtube.com/user/Africacenterorg,,,,,,25511,"25,511",exact_public,collected,https://www.linkedin.com/company/africa-center,1034,1034,exact_public,collected,https://www.instagram.com/africacenter_strategicstudies/,16091,"16,091",exact_public,collected,https://www.facebook.com/AfricaCenter/,2026-09-23T07:18:58.254Z
2026-09-23_07-20-16-776,2026-09-23,Africa Center for Strategic Studies,https://africacenter.org/,,,,count_not_found,https://www.youtube.com/user/Africacenterorg/,,,,,,25511,"25,511",exact_public,collected,https://www.linkedin.com/company/africa-center,,,,count_not_found,https://www.instagram.com/africacenter_strategicstudies/,,,,failed,https://www.facebook.com/AfricaCenter/,2026-09-23T07:20:35.867Z
2026-09-23_07-21-36-963,2026-09-23,Africa Center for Strategic Studies,https://africacenter.org/,,,,count_not_found,https://www.youtube.com/user/Africacenterorg/,,,,,,,,,failed,https://www.linkedin.com/company/africa-center,,,,count_not_found,https://www.instagram.com/africacenter_strategicstudies/,,,,failed,https://www.facebook.com/AfricaCenter/,2026-09-23T07:21:57.654Z
2026-09-23_07-27-56-877,2026-09-23,Africa Center for Strategic Studies,https://africacenter.org/,14000,14K,rounded_public,collected,https://www.youtube.com/user/Africacenterorg,,,,,,25513,"25,513",exact_public,collected,https://www.linkedin.com/company/africa-center,1034,1034,exact_public,collected,https://www.instagram.com/africacenter_strategicstudies/,16092,"16,092",exact_public,collected,https://www.facebook.com/AfricaCenter/,2026-09-23T07:46:28.069Z
2026-09-23_06-38-42-591,2026-09-23,AIIA,https://www.internationalaffairs.org.au,,,,count_not_found,https://www.youtube.com/user/AIIAvision,7913,7913,exact_public,collected,https://x.com/aiianational,20938,"20,938",exact_public,collected,https://www.linkedin.com/company/australian-institute-of-international-affairs,,,,,,,,,failed,https://www.facebook.com/AIIANational,2026-09-23T06:38:44.657Z
2026-09-23_06-39-09-015,2026-09-23,AIIA,https://www.internationalaffairs.org.au,,,,count_not_found,https://www.youtube.com/user/AIIAvision,7913,7913,exact_public,collected,https://x.com/aiianational,20938,"20,938",exact_public,collected,https://www.linkedin.com/company/australian-institute-of-international-affairs,,,,,,,,,failed,https://www.facebook.com/AIIANational,2026-09-23T06:39:45.951Z
2026-09-23_06-40-20-315,2026-09-23,AIIA,https://www.internationalaffairs.org.au,16700,16.7K,rounded_public,collected,https://www.youtube.com/user/AIIAvision,,,,,,,,,,,,,,,,,,,,,2026-09-23T06:45:52.299Z
2026-09-23_06-47-02-001,2026-09-23,AIIA,https://www.internationalaffairs.org.au,,,,,,,,,,,20938,"20,938",exact_public,collected,https://www.linkedin.com/company/australian-institute-of-international-affairs,,,,,,,,,,,2026-09-23T06:47:48.008Z
2026-09-23_06-48-06-830,2026-09-23,AIIA,https://www.internationalaffairs.org.au,,,,,,,,,,,,,,,,,,,,,5865,"5,865",exact_public,collected,https://www.facebook.com/AIIANational,2026-09-23T06:53:15.096Z
2026-09-23_07-20-16-776,2026-09-23,AIIA,https://www.internationalaffairs.org.au,,,,count_not_found,https://www.youtube.com/user/AIIAvision,7913,7913,exact_public,collected,https://x.com/aiianational,,,,failed,https://www.linkedin.com/company/australian-institute-of-international-affairs,,,,,,,,,failed,https://www.facebook.com/AIIANational,2026-09-23T07:20:53.038Z
2026-09-23_07-21-36-963,2026-09-23,AIIA,https://www.internationalaffairs.org.au,,,,count_not_found,https://www.youtube.com/user/AIIAvision,7913,7913,exact_public,collected,https://x.com/aiianational,,,,failed,https://www.linkedin.com/company/australian-institute-of-international-affairs,,,,,,,,,failed,https://www.facebook.com/AIIANational,2026-09-23T07:22:12.571Z
2026-09-23_07-27-56-877,2026-09-23,AIIA,https://www.internationalaffairs.org.au,16700,16.7K,rounded_public,collected,https://www.youtube.com/user/AIIAvision,7913,7913,exact_public,collected,https://x.com/aiianational,20938,"20,938",exact_public,collected,https://www.linkedin.com/company/australian-institute-of-international-affairs,,,,,,5865,"5,865",exact_public,collected,https://www.facebook.com/AIIANational,2026-09-23T07:44:41.461Z
2026-09-23_06-38-42-591,2026-09-23,AIR Center,https://aircenter.az,,,,,,5003,5003,exact_public,collected,https://x.com/aircenteraz,1438,"1,438",exact_public,collected,https://www.linkedin.com/company/center-of-analysis-of-international-relations,,,,count_not_found,https://www.instagram.com/aircenter_az,,,,failed,https://www.facebook.com/AIRCenterAZ,2026-09-23T06:38:48.160Z
2026-09-23_06-39-09-015,2026-09-23,AIR Center,https://aircenter.az,,,,,,5003,5003,exact_public,collected,https://x.com/aircenteraz,,,,failed,https://www.linkedin.com/company/center-of-analysis-of-international-relations,,,,count_not_found,https://www.instagram.com/aircenter_az,,,,failed,https://www.facebook.com/AIRCenterAZ,2026-09-23T06:39:49.463Z
2026-09-23_06-47-02-001,2026-09-23,AIR Center,https://aircenter.az,,,,,,,,,,,1438,"1,438",exact_public,collected,https://www.linkedin.com/company/center-of-analysis-of-international-relations,,,,,,,,,,,2026-09-23T06:47:52.324Z
2026-09-23_06-48-06-830,2026-09-23,AIR Center,https://aircenter.az,,,,,,,,,,,,,,,,,,,,,4096,"4,096",exact_public,collected,https://www.facebook.com/aircenteraz/,2026-09-23T06:53:49.891Z
2026-09-23_06-54-19-052,2026-09-23,AIR Center,https://aircenter.az,,,,,,,,,,,,,,,,940,940,exact_public,collected,https://www.instagram.com/aircenter_az,,,,,,2026-09-23T07:01:34.211Z
2026-09-23_07-20-16-776,2026-09-23,AIR Center,https://aircenter.az,,,,,,5003,5003,exact_public,collected,https://x.com/aircenteraz,,,,failed,https://www.linkedin.com/company/center-of-analysis-of-international-relations,,,,count_not_found,https://www.instagram.com/aircenter_az,,,,failed,https://www.facebook.com/AIRCenterAZ,2026-09-23T07:20:56.417Z
2026-09-23_07-21-36-963,2026-09-23,AIR Center,https://aircenter.az,,,,,,5003,5003,exact_public,collected,https://x.com/aircenteraz,,,,failed,https://www.linkedin.com/company/center-of-analysis-of-international-relations,,,,count_not_found,https://www.instagram.com/aircenter_az,,,,failed,https://www.facebook.com/AIRCenterAZ,2026-09-23T07:22:16.071Z
2026-09-23_07-27-56-877,2026-09-23,AIR Center,https://aircenter.az,,,,,,5003,5003,exact_public,collected,https://x.com/aircenteraz,1438,"1,438",exact_public,collected,https://www.linkedin.com/company/center-of-analysis-of-international-relations,940,940,exact_public,collected,https://www.instagram.com/aircenter_az,4097,"4,097",exact_public,collected,https://www.facebook.com/aircenteraz/,2026-09-23T07:46:08.560Z
2026-09-23_06-39-09-015,2026-09-23,Al Jazeera Centre for Studies,https://studies.aljazeera.net/en,,,,count_not_found,https://www.youtube.com/user/aljazeerasc,207423,207423,exact_public,collected,https://x.com/AJStudies,,,,,,,,,count_not_found,https://www.instagram.com/ajstudies,,,,failed,https://www.facebook.com/ajstudies,2026-09-23T06:39:09.089Z
2026-09-23_06-40-20-315,2026-09-23,Al Jazeera Centre for Studies,https://studies.aljazeera.net/en,44300,44.3K,rounded_public,collected,https://www.youtube.com/user/aljazeerasc,,,,,,,,,,,,,,,,,,,,,2026-09-23T06:40:20.384Z
2026-09-23_06-48-06-830,2026-09-23,Al Jazeera Centre for Studies,https://studies.aljazeera.net/en,,,,,,,,,,,,,,,,,,,,,173035,"173,035",exact_public,collected,https://www.facebook.com/ajstudies,2026-09-23T06:48:06.884Z
2026-09-23_06-54-19-052,2026-09-23,Al Jazeera Centre for Studies,https://studies.aljazeera.net/en,,,,,,,,,,,,,,,,36623,36623,exact_public,collected,https://www.instagram.com/ajstudies,,,,,,2026-09-23T06:54:19.116Z
2026-09-23_07-20-16-776,2026-09-23,Al Jazeera Centre for Studies,https://studies.aljazeera.net/en,,,,count_not_found,https://www.youtube.com/user/aljazeerasc,207424,207424,exact_public,collected,https://x.com/AJStudies,,,,,,,,,count_not_found,https://www.instagram.com/ajstudies,,,,failed,https://www.facebook.com/ajstudies,2026-09-23T07:20:16.840Z
2026-09-23_07-21-36-963,2026-09-23,Al Jazeera Centre for Studies,https://studies.aljazeera.net/en,,,,count_not_found,https://www.youtube.com/user/aljazeerasc,207424,207424,exact_public,collected,https://x.com/AJStudies,,,,,,,,,count_not_found,https://www.instagram.com/ajstudies,,,,failed,https://www.facebook.com/ajstudies,2026-09-23T07:21:37.031Z
2026-09-23_07-27-56-877,2026-09-23,Al Jazeera Centre for Studies,https://studies.aljazeera.net/en,44300,44.3K,rounded_public,collected,https://www.youtube.com/user/aljazeerasc,207424,207424,exact_public,collected,https://x.com/AJStudies,,,,,,36623,36623,exact_public,collected,https://www.instagram.com/ajstudies,173034,"173,034",exact_public,collected,https://www.facebook.com/ajstudies,2026-09-23T07:28:12.661Z
2026-09-23_06-39-09-015,2026-09-23,Al Jazeera Media Network,https://network.aljazeera.net/,,,,,,,,,,,298399,"298,399",exact_public,collected,https://www.linkedin.com/company/aljazeera,,,,,,,,,,,2026-09-23T06:39:09.087Z
2026-09-23_06-47-02-001,2026-09-23,Al Jazeera Media Network,https://network.aljazeera.net/,,,,,,,,,,,298399,"298,399",exact_public,collected,https://www.linkedin.com/company/aljazeera,,,,,,,,,,,2026-09-23T06:47:02.939Z
2026-09-23_06-39-09-015,2026-09-23,American Enterprise Institute,https://www.aei.org,,,,count_not_found,https://www.youtube.com/channel/UCt8lRYpzb-sSrKFb4DT2ECw,,,,,,56345,"56,345",exact_public,collected,https://www.linkedin.com/company/american-enterprise-institute,,,,,,,,,,,2026-09-23T06:39:09.091Z
2026-09-23_06-40-20-315,2026-09-23,American Enterprise Institute,https://www.aei.org,223000,223K,rounded_public,collected,https://www.youtube.com/channel/UCt8lRYpzb-sSrKFb4DT2ECw,,,,,,,,,,,,,,,,,,,,,2026-09-23T06:40:20.385Z
2026-09-23_06-47-02-001,2026-09-23,American Enterprise Institute,https://www.aei.org,,,,,,,,,,,56345,"56,345",exact_public,collected,https://www.linkedin.com/company/american-enterprise-institute,,,,,,,,,,,2026-09-23T06:47:03.018Z
2026-09-23_07-20-16-776,2026-09-23,American Enterprise Institute,https://www.aei.org,,,,count_not_found,https://www.youtube.com/channel/UCt8lRYpzb-sSrKFb4DT2ECw,,,,,,56345,"56,345",exact_public,collected,https://www.linkedin.com/company/american-enterprise-institute,,,,,,,,,,,2026-09-23T07:20:16.842Z
2026-09-23_07-21-36-963,2026-09-23,American Enterprise Institute,https://www.aei.org,,,,count_not_found,https://www.youtube.com/channel/UCt8lRYpzb-sSrKFb4DT2ECw,,,,,,56345,"56,345",exact_public,collected,https://www.linkedin.com/company/american-enterprise-institute,,,,,,,,,,,2026-09-23T07:21:37.034Z
2026-09-23_07-27-56-877,2026-09-23,American Enterprise Institute,https://www.aei.org,223000,223K,rounded_public,collected,https://www.youtube.com/channel/UCt8lRYpzb-sSrKFb4DT2ECw,,,,,,,,,count_not_found,https://www.linkedin.com/company/american-enterprise-institute,,,,,,,,,,,2026-09-23T07:28:15.540Z
2026-09-23_06-39-09-015,2026-09-23,ASPI (Australian Strategic Policy Institute),https://www.aspi.org.au,,,,count_not_found,https://www.youtube.com/user/ASPICanberra,56614,56614,exact_public,collected,https://x.com/ASPI_org,64523,"64,523",exact_public,collected,https://www.linkedin.com/company/australian-strategic-policy-institute,,,,count_not_found,https://www.instagram.com/aspi_org,,,,failed,https://www.facebook.com/ASPI.org,2026-09-23T06:39:10.479Z
2026-09-23_06-40-20-315,2026-09-23,ASPI (Australian Strategic Policy Institute),https://www.aspi.org.au,9160,9.16K,rounded_public,collected,https://www.youtube.com/user/ASPICanberra,,,,,,,,,,,,,,,,,,,,,2026-09-23T06:40:20.387Z
2026-09-23_06-47-02-001,2026-09-23,ASPI (Australian Strategic Policy Institute),https://www.aspi.org.au,,,,,,,,,,,64523,"64,523",exact_public,collected,https://www.linkedin.com/company/australian-strategic-policy-institute,,,,,,,,,,,2026-09-23T06:47:04.001Z
2026-09-23_06-48-06-830,2026-09-23,ASPI (Australian Strategic Policy Institute),https://www.aspi.org.au,,,,,,,,,,,,,,,,,,,,,28239,"28,239",exact_public,collected,https://www.facebook.com/ASPI.org,2026-09-23T06:48:06.886Z
2026-09-23_06-54-19-052,2026-09-23,ASPI (Australian Strategic Policy Institute),https://www.aspi.org.au,,,,,,,,,,,,,,,,1139,1139,exact_public,collected,https://www.instagram.com/aspi_org,,,,,,2026-09-23T06:54:32.455Z
2026-09-23_07-20-16-776,2026-09-23,ASPI (Australian Strategic Policy Institute),https://www.aspi.org.au,,,,count_not_found,https://www.youtube.com/user/ASPICanberra,56614,56614,exact_public,collected,https://x.com/ASPI_org,64524,"64,524",exact_public,collected,https://www.linkedin.com/company/australian-strategic-policy-institute,,,,count_not_found,https://www.instagram.com/aspi_org,,,,failed,https://www.facebook.com/ASPI.org,2026-09-23T07:20:17.331Z
2026-09-23_07-21-36-963,2026-09-23,ASPI (Australian Strategic Policy Institute),https://www.aspi.org.au,,,,count_not_found,https://www.youtube.com/user/ASPICanberra,56614,56614,exact_public,collected,https://x.com/ASPI_org,64524,"64,524",exact_public,collected,https://www.linkedin.com/company/australian-strategic-policy-institute,,,,count_not_found,https://www.instagram.com/aspi_org,,,,failed,https://www.facebook.com/ASPI.org,2026-09-23T07:21:37.771Z
2026-09-23_07-27-56-877,2026-09-23,ASPI (Australian Strategic Policy Institute),https://www.aspi.org.au,9160,9.16K,rounded_public,collected,https://www.youtube.com/user/ASPICanberra,56614,56614,exact_public,collected,https://x.com/ASPI_org,64524,"64,524",exact_public,collected,https://www.linkedin.com/company/australian-strategic-policy-institute,1139,1139,exact_public,collected,https://www.instagram.com/aspi_org,28239,"28,239",exact_public,collected,https://www.facebook.com/ASPI.org,2026-09-23T07:28:31.292Z
2026-09-23_06-39-09-015,2026-09-23,Association for Democratic Reforms,https://adrindia.org,,,,count_not_found,https://www.youtube.com/user/adrspeaks,27264,27264,exact_public,collected,https://x.com/adrspeaks,3785,"3,785",exact_public,collected,https://www.linkedin.com/company/association-for-democratic-reforms,,,,count_not_found,https://www.instagram.com/adrspeaks,,,,failed,https://www.facebook.com/adr.new,2026-09-23T06:39:10.621Z
2026-09-23_06-40-20-315,2026-09-23,Association for Democratic Reforms,https://adrindia.org,9100,9.1K,rounded_public,collected,https://www.youtube.com/user/adrspeaks,,,,,,,,,,,,,,,,,,,,,2026-09-23T06:40:20.388Z
2026-09-23_06-47-02-001,2026-09-23,Association for Democratic Reforms,https://adrindia.org,,,,,,,,,,,3785,"3,785",exact_public,collected,https://www.linkedin.com/company/association-for-democratic-reforms,,,,,,,,,,,2026-09-23T06:47:04.275Z
2026-09-23_06-48-06-830,2026-09-23,Association for Democratic Reforms,https://adrindia.org,,,,,,,,,,,,,,,,,,,,,64688,"64,688",exact_public,collected,https://www.facebook.com/adr.new,2026-09-23T06:48:20.189Z
2026-09-23_06-54-19-052,2026-09-23,Association for Democratic Reforms,https://adrindia.org,,,,,,,,,,,,,,,,2707,2707,exact_public,collected,https://www.instagram.com/adrspeaks,,,,,,2026-09-23T06:54:34.006Z
2026-09-23_07-20-16-776,2026-09-23,Association for Democratic Reforms,https://adrindia.org,,,,count_not_found,https://www.youtube.com/user/adrspeaks,27264,27264,exact_public,collected,https://x.com/adrspeaks,3785,"3,785",exact_public,collected,https://www.linkedin.com/company/association-for-democratic-reforms,,,,count_not_found,https://www.instagram.com/adrspeaks,,,,failed,https://www.facebook.com/adr.new,2026-09-23T07:20:18.132Z
2026-09-23_07-21-36-963,2026-09-23,Association for Democratic Reforms,https://adrindia.org,,,,count_not_found,https://www.youtube.com/user/adrspeaks,27264,27264,exact_public,collected,https://x.com/adrspeaks,3785,"3,785",exact_public,collected,https://www.linkedin.com/company/association-for-democratic-reforms,,,,count_not_found,https://www.instagram.com/adrspeaks,,,,failed,https://www.facebook.com/adr.new,2026-09-23T07:21:38.638Z
2026-09-23_07-27-56-877,2026-09-23,Association for Democratic Reforms,https://adrindia.org,9100,9.1K,rounded_public,collected,https://www.youtube.com/user/adrspeaks,27264,27264,exact_public,collected,https://x.com/adrspeaks,3785,"3,785",exact_public,collected,https://www.linkedin.com/company/association-for-democratic-reforms,2707,2707,exact_public,collected,https://www.instagram.com/adrspeaks,64688,"64,688",exact_public,collected,https://www.facebook.com/adr.new,2026-09-23T07:28:48.811Z
2026-09-23_06-39-09-015,2026-09-23,Atlantic Council,https://www.atlanticcouncil.org,,,,count_not_found,https://www.youtube.com/atlanticcouncil,225652,225652,exact_public,collected,https://x.com/atlanticcouncil,180531,"180,531",exact_public,collected,https://www.linkedin.com/company/atlantic-council,,,,count_not_found,https://www.instagram.com/atlanticcouncil,,,,failed,https://www.facebook.com/atlanticcouncil,2026-09-23T06:39:10.843Z
2026-09-23_06-40-20-315,2026-09-23,Atlantic Council,https://www.atlanticcouncil.org,126000,126K,rounded_public,collected,https://www.youtube.com/atlanticcouncil,,,,,,,,,,,,,,,,,,,,,2026-09-23T06:40:20.389Z
2026-09-23_06-47-02-001,2026-09-23,Atlantic Council,https://www.atlanticcouncil.org,,,,,,,,,,,180532,"180,532",exact_public,collected,https://www.linkedin.com/company/atlantic-council,,,,,,,,,,,2026-09-23T06:47:04.882Z
2026-09-23_06-48-06-830,2026-09-23,Atlantic Council,https://www.atlanticcouncil.org,,,,,,,,,,,,,,,,,,,,,66304,"66,304",exact_public,collected,https://www.facebook.com/AtlanticCouncil/,2026-09-23T06:48:22.494Z
2026-09-23_06-54-19-052,2026-09-23,Atlantic Council,https://www.atlanticcouncil.org,,,,,,,,,,,,,,,,48514,48514,exact_public,collected,https://www.instagram.com/atlanticcouncil,,,,,,2026-09-23T06:54:44.394Z
2026-09-23_07-20-16-776,2026-09-23,Atlantic Council,https://www.atlanticcouncil.org,,,,count_not_found,https://www.youtube.com/atlanticcouncil,225652,225652,exact_public,collected,https://x.com/atlanticcouncil,180532,"180,532",exact_public,collected,https://www.linkedin.com/company/atlantic-council,,,,count_not_found,https://www.instagram.com/atlanticcouncil,,,,failed,https://www.facebook.com/atlanticcouncil,2026-09-23T07:20:18.139Z
2026-09-23_07-21-36-963,2026-09-23,Atlantic Council,https://www.atlanticcouncil.org,,,,count_not_found,https://www.youtube.com/atlanticcouncil,225652,225652,exact_public,collected,https://x.com/atlanticcouncil,180532,"180,532",exact_public,collected,https://www.linkedin.com/company/atlantic-council,,,,count_not_found,https://www.instagram.com/atlanticcouncil,,,,failed,https://www.facebook.com/atlanticcouncil,2026-09-23T07:21:38.780Z
2026-09-23_07-27-56-877,2026-09-23,Atlantic Council,https://www.atlanticcouncil.org,126000,126K,rounded_public,collected,https://www.youtube.com/atlanticcouncil,225653,225653,exact_public,collected,https://x.com/atlanticcouncil,180534,"180,534",exact_public,collected,https://www.linkedin.com/company/atlantic-council,48534,48534,exact_public,collected,https://www.instagram.com/atlanticcouncil,66306,"66,306",exact_public,collected,https://www.facebook.com/AtlanticCouncil/,2026-09-23T07:29:00.848Z
2026-09-23_06-39-09-015,2026-09-23,Atlantic Council Africa Center,https://www.atlanticcouncil.org/programs/africa-center/,,,,,,10733,10733,exact_public,collected,https://x.com/acafricacenter,2683,"2,683",exact_public,collected,https://www.linkedin.com/showcase/atlantic-council-africa-center,,,,,,,,,,,2026-09-23T06:39:09.083Z
2026-09-23_06-47-02-001,2026-09-23,Atlantic Council Africa Center,https://www.atlanticcouncil.org/programs/africa-center/,,,,,,,,,,,2683,"2,683",exact_public,collected,https://www.linkedin.com/showcase/atlantic-council-africa-center,,,,,,,,,,,2026-09-23T06:47:02.059Z
2026-09-23_06-39-09-015,2026-09-23,Belfer Center,https://www.belfercenter.org,,,,count_not_found,https://www.youtube.com/user/BelferCenter,,,,,,38078,"38,078",exact_public,collected,https://www.linkedin.com/company/belfercenter,,,,count_not_found,https://www.instagram.com/belfercenter,,,,failed,https://www.facebook.com/belfercenter,2026-09-23T06:39:10.410Z
2026-09-23_06-40-20-315,2026-09-23,Belfer Center,https://www.belfercenter.org,37100,37.1K,rounded_public,collected,https://www.youtube.com/user/BelferCenter,,,,,,,,,,,,,,,,,,,,,2026-09-23T06:40:40.441Z
2026-09-23_06-47-02-001,2026-09-23,Belfer Center,https://www.belfercenter.org,,,,,,,,,,,38078,"38,078",exact_public,collected,https://www.linkedin.com/company/belfercenter,,,,,,,,,,,2026-09-23T06:47:05.120Z
2026-09-23_06-48-06-830,2026-09-23,Belfer Center,https://www.belfercenter.org,,,,,,,,,,,,,,,,,,,,,,,,count_not_found,https://www.facebook.com/belfercenter,2026-09-23T06:48:22.497Z
2026-09-23_06-54-19-052,2026-09-23,Belfer Center,https://www.belfercenter.org,,,,,,,,,,,,,,,,7094,7094,exact_public,collected,https://www.instagram.com/belfercenter,,,,,,2026-09-23T06:54:46.685Z
2026-09-23_07-20-16-776,2026-09-23,Belfer Center,https://www.belfercenter.org,,,,count_not_found,https://www.youtube.com/user/BelferCenter,,,,,,38079,"38,079",exact_public,collected,https://www.linkedin.com/company/belfercenter,,,,count_not_found,https://www.instagram.com/belfercenter,,,,failed,https://www.facebook.com/belfercenter,2026-09-23T07:20:17.839Z
2026-09-23_07-21-36-963,2026-09-23,Belfer Center,https://www.belfercenter.org,,,,count_not_found,https://www.youtube.com/user/BelferCenter,,,,,,38079,"38,079",exact_public,collected,https://www.linkedin.com/company/belfercenter,,,,count_not_found,https://www.instagram.com/belfercenter,,,,failed,https://www.facebook.com/belfercenter,2026-09-23T07:21:38.997Z
2026-09-23_07-27-56-877,2026-09-23,Belfer Center,https://www.belfercenter.org,37100,37.1K,rounded_public,collected,https://www.youtube.com/user/BelferCenter,,,,,,38081,"38,081",exact_public,collected,https://www.linkedin.com/company/belfercenter,7094,7094,exact_public,collected,https://www.instagram.com/belfercenter,,,,count_not_found,https://www.facebook.com/belfercenter,2026-09-23T07:29:15.951Z
2026-09-23_06-39-09-015,2026-09-23,Bipartisan Policy Center,https://bipartisanpolicy.org,,,,count_not_found,https://www.youtube.com/channel/UCr1L-KDu5MZMPpmV-gr48fQ,34369,34369,exact_public,collected,https://x.com/BPC_Bipartisan,31218,"31,218",exact_public,collected,https://www.linkedin.com/company/bipartisan-policy-center,,,,count_not_found,https://www.instagram.com/bpc_bipartisan,,,,failed,https://facebook.com/BipartisanPolicyCenter,2026-09-23T06:39:11.469Z
2026-09-23_06-40-20-315,2026-09-23,Bipartisan Policy Center,https://bipartisanpolicy.org,5810,5.81K,rounded_public,collected,https://www.youtube.com/channel/UCr1L-KDu5MZMPpmV-gr48fQ,,,,,,,,,,,,,,,,,,,,,2026-09-23T06:40:44.324Z
2026-09-23_06-47-02-001,2026-09-23,Bipartisan Policy Center,https://bipartisanpolicy.org,,,,,,,,,,,31218,"31,218",exact_public,collected,https://www.linkedin.com/company/bipartisan-policy-center,,,,,,,,,,,2026-09-23T06:47:05.923Z
2026-09-23_06-48-06-830,2026-09-23,Bipartisan Policy Center,https://bipartisanpolicy.org,,,,,,,,,,,,,,,,,,,,,17846,"17,846",exact_public,collected,https://www.facebook.com/BipartisanPolicyCenter,2026-09-23T06:48:32.750Z
2026-09-23_06-54-19-052,2026-09-23,Bipartisan Policy Center,https://bipartisanpolicy.org,,,,,,,,,,,,,,,,5684,5684,exact_public,collected,https://www.instagram.com/bpc_bipartisan,,,,,,2026-09-23T06:54:56.499Z
2026-09-23_07-20-16-776,2026-09-23,Bipartisan Policy Center,https://bipartisanpolicy.org,,,,count_not_found,https://www.youtube.com/channel/UCr1L-KDu5MZMPpmV-gr48fQ,34369,34369,exact_public,collected,https://x.com/BPC_Bipartisan,31218,"31,218",exact_public,collected,https://www.linkedin.com/company/bipartisan-policy-center,,,,count_not_found,https://www.instagram.com/bpc_bipartisan,,,,failed,https://facebook.com/BipartisanPolicyCenter,2026-09-23T07:20:18.232Z
2026-09-23_07-21-36-963,2026-09-23,Bipartisan Policy Center,https://bipartisanpolicy.org,,,,count_not_found,https://www.youtube.com/channel/UCr1L-KDu5MZMPpmV-gr48fQ,34369,34369,exact_public,collected,https://x.com/BPC_Bipartisan,31218,"31,218",exact_public,collected,https://www.linkedin.com/company/bipartisan-policy-center,,,,count_not_found,https://www.instagram.com/bpc_bipartisan,,,,failed,https://facebook.com/BipartisanPolicyCenter,2026-09-23T07:21:39.504Z
2026-09-23_07-27-56-877,2026-09-23,Bipartisan Policy Center,https://bipartisanpolicy.org,5810,5.81K,rounded_public,collected,https://www.youtube.com/channel/UCr1L-KDu5MZMPpmV-gr48fQ,34369,34369,exact_public,collected,https://x.com/BPC_Bipartisan,31218,"31,218",exact_public,collected,https://www.linkedin.com/company/bipartisan-policy-center,5684,5684,exact_public,collected,https://www.instagram.com/bpc_bipartisan,17846,"17,846",exact_public,collected,https://www.facebook.com/BipartisanPolicyCenter,2026-09-23T07:29:27.934Z
2026-09-23_06-39-09-015,2026-09-23,Brookings,https://www.brookings.edu,,,,count_not_found,https://www.youtube.com/user/BrookingsInstitution,449456,449456,exact_public,collected,https://x.com/BrookingsInst,282977,"282,977",exact_public,collected,https://www.linkedin.com/company/the-brookings-institution,,,,count_not_found,https://www.instagram.com/brookingsinst,,,,failed,https://www.facebook.com/brookings,2026-09-23T06:39:12.034Z
2026-09-23_06-40-20-315,2026-09-23,Brookings,https://www.brookings.edu,173000,173K,rounded_public,collected,https://www.youtube.com/user/BrookingsInstitution,,,,,,,,,,,,,,,,,,,,,2026-09-23T06:40:53.660Z
2026-09-23_06-47-02-001,2026-09-23,Brookings,https://www.brookings.edu,,,,,,,,,,,282978,"282,978",exact_public,collected,https://www.linkedin.com/company/the-brookings-institution,,,,,,,,,,,2026-09-23T06:47:05.971Z
2026-09-23_06-48-06-830,2026-09-23,Brookings,https://www.brookings.edu,,,,,,,,,,,,,,,,,,,,,404726,"404,726",exact_public,collected,https://www.facebook.com/brookings,2026-09-23T06:48:36.739Z
2026-09-23_06-54-19-052,2026-09-23,Brookings,https://www.brookings.edu,,,,,,,,,,,,,,,,78582,78582,exact_public,collected,https://www.instagram.com/brookingsinst,,,,,,2026-09-23T06:54:59.076Z
2026-09-23_07-20-16-776,2026-09-23,Brookings,https://www.brookings.edu,,,,count_not_found,https://www.youtube.com/user/BrookingsInstitution,449459,449459,exact_public,collected,https://x.com/BrookingsInst,282980,"282,980",exact_public,collected,https://www.linkedin.com/company/the-brookings-institution,,,,count_not_found,https://www.instagram.com/brookingsinst,,,,failed,https://www.facebook.com/brookings,2026-09-23T07:20:19.373Z
2026-09-23_07-21-36-963,2026-09-23,Brookings,https://www.brookings.edu,,,,count_not_found,https://www.youtube.com/user/BrookingsInstitution,449459,449459,exact_public,collected,https://x.com/BrookingsInst,282980,"282,980",exact_public,collected,https://www.linkedin.com/company/the-brookings-institution,,,,count_not_found,https://www.instagram.com/brookingsinst,,,,failed,https://www.facebook.com/brookings,2026-09-23T07:21:39.883Z
2026-09-23_07-27-56-877,2026-09-23,Brookings,https://www.brookings.edu,173000,173K,rounded_public,collected,https://www.youtube.com/user/BrookingsInstitution,449459,449459,exact_public,collected,https://x.com/BrookingsInst,282981,"282,981",exact_public,collected,https://www.linkedin.com/company/the-brookings-institution,78583,78583,exact_public,collected,https://www.instagram.com/brookingsinst,404724,"404,724",exact_public,collected,https://www.facebook.com/brookings,2026-09-23T07:29:41.470Z
2026-09-23_06-39-09-015,2026-09-23,Bruegel,https://www.bruegel.org,,,,count_not_found,https://www.youtube.com/user/BruegelTV,,,,,,49821,"49,821",exact_public,collected,https://www.linkedin.com/company/bruegel,,,,count_not_found,https://www.instagram.com/bruegel_thinktank,,,,,,2026-09-23T06:39:11.371Z
2026-09-23_06-40-20-315,2026-09-23,Bruegel,https://www.bruegel.org,5890,5.89K,rounded_public,collected,https://www.youtube.com/user/BruegelTV,,,,,,,,,,,,,,,,,,,,,2026-09-23T06:40:56.105Z
2026-09-23_06-47-02-001,2026-09-23,Bruegel,https://www.bruegel.org,,,,,,,,,,,49821,"49,821",exact_public,collected,https://www.linkedin.com/company/bruegel,,,,,,,,,,,2026-09-23T06:47:06.887Z
2026-09-23_06-54-19-052,2026-09-23,Bruegel,https://www.bruegel.org,,,,,,,,,,,,,,,,2309,2309,exact_public,collected,https://www.instagram.com/bruegel_thinktank,,,,,,2026-09-23T06:55:09.161Z
2026-09-23_07-20-16-776,2026-09-23,Bruegel,https://www.bruegel.org,,,,count_not_found,https://www.youtube.com/user/BruegelTV,,,,,,49821,"49,821",exact_public,collected,https://www.linkedin.com/company/bruegel,,,,count_not_found,https://www.instagram.com/bruegel_thinktank,,,,,,2026-09-23T07:20:18.891Z
2026-09-23_07-21-36-963,2026-09-23,Bruegel,https://www.bruegel.org,,,,count_not_found,https://www.youtube.com/user/BruegelTV,,,,,,49821,"49,821",exact_public,collected,https://www.linkedin.com/company/bruegel,,,,count_not_found,https://www.instagram.com/bruegel_thinktank,,,,,,2026-09-23T07:21:40.167Z
2026-09-23_07-27-56-877,2026-09-23,Bruegel,https://www.bruegel.org,5890,5.89K,rounded_public,collected,https://www.youtube.com/user/BruegelTV,,,,,,49822,"49,822",exact_public,collected,https://www.linkedin.com/company/bruegel,2309,2309,exact_public,collected,https://www.instagram.com/bruegel_thinktank,,,,,,2026-09-23T07:29:51.722Z
2026-09-23_06-39-09-015,2026-09-23,Carnegie Endowment for International Peace,https://carnegieendowment.org,,,,count_not_found,https://www.youtube.com/CarnegieEndowment,264084,264084,exact_public,collected,https://x.com/CarnegieEndow,105960,"105,960",exact_public,collected,https://www.linkedin.com/company/carnegieendowment,,,,count_not_found,https://www.instagram.com/carnegieendow,,,,failed,https://www.facebook.com/carnegieendowment,2026-09-23T06:39:12.113Z
2026-09-23_06-40-20-315,2026-09-23,Carnegie Endowment for International Peace,https://carnegieendowment.org,86100,86.1K,rounded_public,collected,https://www.youtube.com/CarnegieEndowment,,,,,,,,,,,,,,,,,,,,,2026-09-23T06:40:56.129Z
2026-09-23_06-47-02-001,2026-09-23,Carnegie Endowment for International Peace,https://carnegieendowment.org,,,,,,,,,,,105960,"105,960",exact_public,collected,https://www.linkedin.com/company/carnegieendowment,,,,,,,,,,,2026-09-23T06:47:07.027Z
2026-09-23_06-48-06-830,2026-09-23,Carnegie Endowment for International Peace,https://carnegieendowment.org,,,,,,,,,,,,,,,,,,,,,224959,"224,959",exact_public,collected,https://www.facebook.com/carnegieendowment,2026-09-23T06:48:36.746Z
2026-09-23_06-54-19-052,2026-09-23,Carnegie Endowment for International Peace,https://carnegieendowment.org,,,,,,,,,,,,,,,,34060,34060,exact_public,collected,https://www.instagram.com/carnegieendow,,,,,,2026-09-23T06:55:11.345Z
2026-09-23_07-20-16-776,2026-09-23,Carnegie Endowment for International Peace,https://carnegieendowment.org,,,,count_not_found,https://www.youtube.com/CarnegieEndowment,264084,264084,exact_public,collected,https://x.com/CarnegieEndow,105961,"105,961",exact_public,collected,https://www.linkedin.com/company/carnegieendowment,,,,count_not_found,https://www.instagram.com/carnegieendow,,,,failed,https://www.facebook.com/carnegieendowment,2026-09-23T07:20:19.516Z
2026-09-23_07-21-36-963,2026-09-23,Carnegie Endowment for International Peace,https://carnegieendowment.org,,,,count_not_found,https://www.youtube.com/CarnegieEndowment,264084,264084,exact_public,collected,https://x.com/CarnegieEndow,105961,"105,961",exact_public,collected,https://www.linkedin.com/company/carnegieendowment,,,,count_not_found,https://www.instagram.com/carnegieendow,,,,failed,https://www.facebook.com/carnegieendowment,2026-09-23T07:21:40.445Z
2026-09-23_07-27-56-877,2026-09-23,Carnegie Endowment for International Peace,https://carnegieendowment.org,86100,86.1K,rounded_public,collected,https://www.youtube.com/CarnegieEndowment,264085,264085,exact_public,collected,https://x.com/CarnegieEndow,105961,"105,961",exact_public,collected,https://www.linkedin.com/company/carnegieendowment,34061,34061,exact_public,collected,https://www.instagram.com/carnegieendow,224958,"224,958",exact_public,collected,https://www.facebook.com/carnegieendowment,2026-09-23T07:30:06.622Z
2026-09-23_06-39-09-015,2026-09-23,Cato Institute,https://www.cato.org,,,,count_not_found,https://www.youtube.com/channel/UCyl7zwI6giPG6zC3uC8GGVg,,,,,,68449,"68,449",exact_public,collected,https://www.linkedin.com/company/cato-institute,,,,,,,,,,,2026-09-23T06:39:10.958Z
2026-09-23_06-40-20-315,2026-09-23,Cato Institute,https://www.cato.org,107000,107K,rounded_public,collected,https://www.youtube.com/channel/UCyl7zwI6giPG6zC3uC8GGVg,,,,,,,,,,,,,,,,,,,,,2026-09-23T06:40:57.884Z
2026-09-23_06-47-02-001,2026-09-23,Cato Institute,https://www.cato.org,,,,,,,,,,,68449,"68,449",exact_public,collected,https://www.linkedin.com/company/cato-institute,,,,,,,,,,,2026-09-23T06:47:07.893Z
2026-09-23_07-20-16-776,2026-09-23,Cato Institute,https://www.cato.org,,,,count_not_found,https://www.youtube.com/channel/UCyl7zwI6giPG6zC3uC8GGVg,,,,,,68449,"68,449",exact_public,collected,https://www.linkedin.com/company/cato-institute,,,,,,,,,,,2026-09-23T07:20:18.362Z
2026-09-23_07-21-36-963,2026-09-23,Cato Institute,https://www.cato.org,,,,count_not_found,https://www.youtube.com/channel/UCyl7zwI6giPG6zC3uC8GGVg,,,,,,68449,"68,449",exact_public,collected,https://www.linkedin.com/company/cato-institute,,,,,,,,,,,2026-09-23T07:21:38.957Z
2026-09-23_07-27-56-877,2026-09-23,Cato Institute,https://www.cato.org,107000,107K,rounded_public,collected,https://www.youtube.com/channel/UCyl7zwI6giPG6zC3uC8GGVg,,,,,,68449,"68,449",exact_public,collected,https://www.linkedin.com/company/cato-institute,,,,,,,,,,,2026-09-23T07:30:12.873Z
2026-09-23_06-39-09-015,2026-09-23,Center for a New American Security,https://www.cnas.org,,,,count_not_found,https://www.youtube.com/user/CNASdc,64476,64476,exact_public,collected,https://x.com/cnasdc,35054,"35,054",exact_public,collected,https://www.linkedin.com/company/center-for-a-new-american-security,,,,count_not_found,https://www.instagram.com/cnasdc,,,,failed,https://www.facebook.com/CNASdc,2026-09-23T06:39:12.729Z
2026-09-23_06-40-20-315,2026-09-23,Center for a New American Security,https://www.cnas.org,12300,12.3K,rounded_public,collected,https://www.youtube.com/user/CNASdc,,,,,,,,,,,,,,,,,,,,,2026-09-23T06:40:57.932Z
2026-09-23_06-47-02-001,2026-09-23,Center for a New American Security,https://www.cnas.org,,,,,,,,,,,35054,"35,054",exact_public,collected,https://www.linkedin.com/company/center-for-a-new-american-security,,,,,,,,,,,2026-09-23T06:47:08.650Z
2026-09-23_06-48-06-830,2026-09-23,Center for a New American Security,https://www.cnas.org,,,,,,,,,,,,,,,,,,,,,14353,"14,353",exact_public,collected,https://www.facebook.com/CNASdc,2026-09-23T06:48:47.229Z
2026-09-23_06-54-19-052,2026-09-23,Center for a New American Security,https://www.cnas.org,,,,,,,,,,,,,,,,2199,2199,exact_public,collected,https://www.instagram.com/cnasdc,,,,,,2026-09-23T06:55:22.143Z
2026-09-23_07-20-16-776,2026-09-23,Center for a New American Security,https://www.cnas.org,,,,count_not_found,https://www.youtube.com/user/CNASdc,64477,64477,exact_public,collected,https://x.com/cnasdc,35054,"35,054",exact_public,collected,https://www.linkedin.com/company/center-for-a-new-american-security,,,,count_not_found,https://www.instagram.com/cnasdc,,,,failed,https://www.facebook.com/CNASdc,2026-09-23T07:20:19.630Z
2026-09-23_07-21-36-963,2026-09-23,Center for a New American Security,https://www.cnas.org,,,,count_not_found,https://www.youtube.com/user/CNASdc,64477,64477,exact_public,collected,https://x.com/cnasdc,35054,"35,054",exact_public,collected,https://www.linkedin.com/company/center-for-a-new-american-security,,,,count_not_found,https://www.instagram.com/cnasdc,,,,failed,https://www.facebook.com/CNASdc,2026-09-23T07:21:40.651Z
2026-09-23_07-27-56-877,2026-09-23,Center for a New American Security,https://www.cnas.org,12300,12.3K,rounded_public,collected,https://www.youtube.com/user/CNASdc,64478,64478,exact_public,collected,https://x.com/cnasdc,35054,"35,054",exact_public,collected,https://www.linkedin.com/company/center-for-a-new-american-security,2200,"2,200",exact_public,collected,https://www.instagram.com/cnasdc,14353,"14,353",exact_public,collected,https://www.facebook.com/CNASdc,2026-09-23T07:30:26.336Z
2026-09-23_06-38-42-591,2026-09-23,Center for Global Development,https://www.cgdev.org,,,,count_not_found,https://www.youtube.com/channel/UCWC4mmS_a-0K6JX6QX0hL8w,733960,733960,exact_public,collected,https://x.com/CGDev,134717,"134,717",exact_public,collected,https://www.linkedin.com/company/cgdev,,,,count_not_found,https://www.instagram.com/cgdev_,,,,failed,https://www.facebook.com/CGDev,2026-09-23T06:38:43.322Z
2026-09-23_06-39-09-015,2026-09-23,Center for Global Development,https://www.cgdev.org,,,,count_not_found,https://www.youtube.com/channel/UCWC4mmS_a-0K6JX6QX0hL8w,733960,733960,exact_public,collected,https://x.com/CGDev,134717,"134,717",exact_public,collected,https://www.linkedin.com/company/cgdev,,,,count_not_found,https://www.instagram.com/cgdev_,,,,failed,https://www.facebook.com/CGDev,2026-09-23T06:39:44.655Z
2026-09-23_06-40-20-315,2026-09-23,Center for Global Development,https://www.cgdev.org,13500,13.5K,rounded_public,collected,https://www.youtube.com/channel/UCWC4mmS_a-0K6JX6QX0hL8w,,,,,,,,,,,,,,,,,,,,,2026-09-23T06:45:43.984Z
2026-09-23_06-47-02-001,2026-09-23,Center for Global Development,https://www.cgdev.org,,,,,,,,,,,134717,"134,717",exact_public,collected,https://www.linkedin.com/company/cgdev,,,,,,,,,,,2026-09-23T06:47:46.720Z
2026-09-23_06-48-06-830,2026-09-23,Center for Global Development,https://www.cgdev.org,,,,,,,,,,,,,,,,,,,,,107298,"107,298",exact_public,collected,https://www.facebook.com/CGDev,2026-09-23T06:53:02.460Z
2026-09-23_06-54-19-052,2026-09-23,Center for Global Development,https://www.cgdev.org,,,,,,,,,,,,,,,,1592,1592,exact_public,collected,https://www.instagram.com/cgdev_,,,,,,2026-09-23T07:00:38.144Z
2026-09-23_07-20-16-776,2026-09-23,Center for Global Development,https://www.cgdev.org,,,,count_not_found,https://www.youtube.com/channel/UCWC4mmS_a-0K6JX6QX0hL8w,733957,733957,exact_public,collected,https://x.com/CGDev,,,,failed,https://www.linkedin.com/company/cgdev,,,,count_not_found,https://www.instagram.com/cgdev_,,,,failed,https://www.facebook.com/CGDev,2026-09-23T07:20:51.850Z
2026-09-23_07-21-36-963,2026-09-23,Center for Global Development,https://www.cgdev.org,,,,count_not_found,https://www.youtube.com/channel/UCWC4mmS_a-0K6JX6QX0hL8w,733957,733957,exact_public,collected,https://x.com/CGDev,,,,failed,https://www.linkedin.com/company/cgdev,,,,count_not_found,https://www.instagram.com/cgdev_,,,,failed,https://www.facebook.com/CGDev,2026-09-23T07:22:11.492Z
2026-09-23_07-27-56-877,2026-09-23,Center for Global Development,https://www.cgdev.org,13500,13.5K,rounded_public,collected,https://www.youtube.com/channel/UCWC4mmS_a-0K6JX6QX0hL8w,733958,733958,exact_public,collected,https://x.com/CGDev,134720,"134,720",exact_public,collected,https://www.linkedin.com/company/cgdev,1592,1592,exact_public,collected,https://www.instagram.com/cgdev_,107298,"107,298",exact_public,collected,https://www.facebook.com/CGDev,2026-09-23T07:44:11.983Z
2026-09-23_06-38-42-591,2026-09-23,Center for Naval Analyses,https://www.cna.org,,,,count_not_found,https://www.youtube.com/user/VisionCNA,14483,14483,exact_public,collected,https://x.com/CNA_org,19095,"19,095",exact_public,collected,https://www.linkedin.com/company/cnacorporation,,,,count_not_found,https://www.instagram.com/cna_org,,,,failed,https://www.facebook.com/CNA.org,2026-09-23T06:38:45.254Z
2026-09-23_06-39-09-015,2026-09-23,Center for Naval Analyses,https://www.cna.org,,,,count_not_found,https://www.youtube.com/user/VisionCNA,14483,14483,exact_public,collected,https://x.com/CNA_org,,,,failed,https://www.linkedin.com/company/cna_162957,,,,count_not_found,https://www.instagram.com/cna_org,,,,failed,https://www.facebook.com/CNA.org,2026-09-23T06:39:47.084Z
2026-09-23_06-40-20-315,2026-09-23,Center for Naval Analyses,https://www.cna.org,1200,1.2K,rounded_public,collected,https://www.youtube.com/user/VisionCNA,,,,,,,,,,,,,,,,,,,,,2026-09-23T06:45:58.143Z
2026-09-23_06-47-02-001,2026-09-23,Center for Naval Analyses,https://www.cna.org,,,,,,,,,,,19095,"19,095",exact_public,collected,https://www.linkedin.com/company/cnacorporation,,,,,,,,,,,2026-09-23T06:47:48.975Z
2026-09-23_06-48-06-830,2026-09-23,Center for Naval Analyses,https://www.cna.org,,,,,,,,,,,,,,,,,,,,,1821,"1,821",exact_public,collected,https://www.facebook.com/CNA.org,2026-09-23T06:53:25.490Z
2026-09-23_06-54-19-052,2026-09-23,Center for Naval Analyses,https://www.cna.org,,,,,,,,,,,,,,,,844,844,exact_public,collected,https://www.instagram.com/cna_org,,,,,,2026-09-23T07:00:58.325Z
2026-09-23_07-20-16-776,2026-09-23,Center for Naval Analyses,https://www.cna.org,,,,count_not_found,https://www.youtube.com/user/VisionCNA,14483,14483,exact_public,collected,https://x.com/CNA_org,,,,failed,https://www.linkedin.com/company/cna_162957,,,,count_not_found,https://www.instagram.com/cna_org,,,,failed,https://www.facebook.com/CNA.org,2026-09-23T07:20:53.963Z
2026-09-23_07-21-36-963,2026-09-23,Center for Naval Analyses,https://www.cna.org,,,,count_not_found,https://www.youtube.com/user/VisionCNA,14483,14483,exact_public,collected,https://x.com/CNA_org,,,,failed,https://www.linkedin.com/company/cna_162957,,,,count_not_found,https://www.instagram.com/cna_org,,,,failed,https://www.facebook.com/CNA.org,2026-09-23T07:22:13.680Z
2026-09-23_07-27-56-877,2026-09-23,Center for Naval Analyses,https://www.cna.org,1200,1.2K,rounded_public,collected,https://www.youtube.com/user/VisionCNA,14483,14483,exact_public,collected,https://x.com/CNA_org,19095,"19,095",exact_public,collected,https://www.linkedin.com/company/cnacorporation,844,844,exact_public,collected,https://www.instagram.com/cna_org,1821,"1,821",exact_public,collected,https://www.facebook.com/CNA.org,2026-09-23T07:44:58.429Z
2026-09-23_06-39-09-015,2026-09-23,Centre for Air Power Studies,https://capsindia.org,,,,,,9203,9203,exact_public,collected,https://x.com/caps_india,,,,,,,,,,,,,,,,2026-09-23T06:39:13.242Z
2026-09-23_07-20-16-776,2026-09-23,Centre for Air Power Studies,https://capsindia.org,,,,,,9203,9203,exact_public,collected,https://x.com/caps_india,,,,,,,,,,,,,,,,2026-09-23T07:20:20.714Z
2026-09-23_07-21-36-963,2026-09-23,Centre for Air Power Studies,https://capsindia.org,,,,,,9203,9203,exact_public,collected,https://x.com/caps_india,,,,,,,,,,,,,,,,2026-09-23T07:21:41.125Z
2026-09-23_07-27-56-877,2026-09-23,Centre for Air Power Studies,https://capsindia.org,,,,,,9203,9203,exact_public,collected,https://x.com/caps_india,,,,,,,,,,,,,,,,2026-09-23T07:30:26.345Z
2026-09-23_06-39-09-015,2026-09-23,Centre for Budget and Governance Accountability,https://www.cbgaindia.org,,,,count_not_found,https://www.youtube.com/channel/UCIve0XhNPeY5on7UPjQeRtg,1736,1736,exact_public,collected,https://x.com/CBGAIndia,3076,"3,076",exact_public,collected,https://www.linkedin.com/company/cbgaindia,,,,,,,,,failed,https://www.facebook.com/CBGAIndia,2026-09-23T06:39:13.399Z
2026-09-23_06-40-20-315,2026-09-23,Centre for Budget and Governance Accountability,https://www.cbgaindia.org,369,369,exact_public,collected,https://www.youtube.com/channel/UCIve0XhNPeY5on7UPjQeRtg,,,,,,,,,,,,,,,,,,,,,2026-09-23T06:40:57.952Z
2026-09-23_06-47-02-001,2026-09-23,Centre for Budget and Governance Accountability,https://www.cbgaindia.org,,,,,,,,,,,3076,"3,076",exact_public,collected,https://www.linkedin.com/company/cbgaindia,,,,,,,,,,,2026-09-23T06:47:09.238Z
2026-09-23_06-48-06-830,2026-09-23,Centre for Budget and Governance Accountability,https://www.cbgaindia.org,,,,,,,,,,,,,,,,,,,,,2036,"2,036",exact_public,collected,https://www.facebook.com/CBGAIndia,2026-09-23T06:48:49.800Z
2026-09-23_07-20-16-776,2026-09-23,Centre for Budget and Governance Accountability,https://www.cbgaindia.org,,,,count_not_found,https://www.youtube.com/channel/UCIve0XhNPeY5on7UPjQeRtg,1736,1736,exact_public,collected,https://x.com/CBGAIndia,3076,"3,076",exact_public,collected,https://www.linkedin.com/company/cbgaindia,,,,,,,,,failed,https://www.facebook.com/CBGAIndia,2026-09-23T07:20:20.783Z
2026-09-23_07-21-36-963,2026-09-23,Centre for Budget and Governance Accountability,https://www.cbgaindia.org,,,,count_not_found,https://www.youtube.com/channel/UCIve0XhNPeY5on7UPjQeRtg,1736,1736,exact_public,collected,https://x.com/CBGAIndia,3076,"3,076",exact_public,collected,https://www.linkedin.com/company/cbgaindia,,,,,,,,,failed,https://www.facebook.com/CBGAIndia,2026-09-23T07:21:41.307Z
2026-09-23_07-27-56-877,2026-09-23,Centre for Budget and Governance Accountability,https://www.cbgaindia.org,369,369,exact_public,collected,https://www.youtube.com/channel/UCIve0XhNPeY5on7UPjQeRtg,1736,1736,exact_public,collected,https://x.com/CBGAIndia,3076,"3,076",exact_public,collected,https://www.linkedin.com/company/cbgaindia,,,,,,2036,"2,036",exact_public,collected,https://www.facebook.com/CBGAIndia,2026-09-23T07:30:34.320Z
2026-09-23_06-39-09-015,2026-09-23,Centre for Budget and Policy Studies,https://cbps.in,,,,count_not_found,https://www.youtube.com/user/CBPSMedia,533,533,exact_public,collected,https://x.com/CbpsBlr,,,,,,,,,count_not_found,https://www.instagram.com/cbpsblr,,,,,,2026-09-23T06:39:13.936Z
2026-09-23_06-40-20-315,2026-09-23,Centre for Budget and Policy Studies,https://cbps.in,240,240,exact_public,collected,https://www.youtube.com/user/CBPSMedia,,,,,,,,,,,,,,,,,,,,,2026-09-23T06:41:11.407Z
2026-09-23_06-54-19-052,2026-09-23,Centre for Budget and Policy Studies,https://cbps.in,,,,,,,,,,,,,,,,394,394,exact_public,collected,https://www.instagram.com/cbpsblr,,,,,,2026-09-23T06:55:24.225Z
2026-09-23_07-20-16-776,2026-09-23,Centre for Budget and Policy Studies,https://cbps.in,,,,count_not_found,https://www.youtube.com/user/CBPSMedia,533,533,exact_public,collected,https://x.com/CbpsBlr,,,,,,,,,count_not_found,https://www.instagram.com/cbpsblr,,,,,,2026-09-23T07:20:20.875Z
2026-09-23_07-21-36-963,2026-09-23,Centre for Budget and Policy Studies,https://cbps.in,,,,count_not_found,https://www.youtube.com/user/CBPSMedia,533,533,exact_public,collected,https://x.com/CbpsBlr,,,,,,,,,count_not_found,https://www.instagram.com/cbpsblr,,,,,,2026-09-23T07:21:41.547Z
2026-09-23_07-27-56-877,2026-09-23,Centre for Budget and Policy Studies,https://cbps.in,240,240,exact_public,collected,https://www.youtube.com/user/CBPSMedia,533,533,exact_public,collected,https://x.com/CbpsBlr,,,,,,394,394,exact_public,collected,https://www.instagram.com/cbpsblr,,,,,,2026-09-23T07:30:43.984Z
2026-09-23_06-39-09-015,2026-09-23,Centre for Civil Society,https://ccs.in,,,,count_not_found,https://www.youtube.com/c/ccsindiatv,10202,10202,exact_public,collected,https://x.com/ccsindia,70026,"70,026",exact_public,collected,https://www.linkedin.com/company/ccsindia,,,,count_not_found,https://www.instagram.com/ccsindia,,,,failed,https://www.facebook.com/ccsindia,2026-09-23T06:39:14.571Z
2026-09-23_06-40-20-315,2026-09-23,Centre for Civil Society,https://ccs.in,8640,8.64K,rounded_public,collected,https://www.youtube.com/c/ccsindiatv,,,,,,,,,,,,,,,,,,,,,2026-09-23T06:41:16.253Z
2026-09-23_06-47-02-001,2026-09-23,Centre for Civil Society,https://ccs.in,,,,,,,,,,,70026,"70,026",exact_public,collected,https://www.linkedin.com/company/ccsindia,,,,,,,,,,,2026-09-23T06:47:09.497Z
2026-09-23_06-48-06-830,2026-09-23,Centre for Civil Society,https://ccs.in,,,,,,,,,,,,,,,,,,,,,146082,"146,082",exact_public,collected,https://www.facebook.com/ccsindia,2026-09-23T06:48:52.581Z
2026-09-23_06-54-19-052,2026-09-23,Centre for Civil Society,https://ccs.in,,,,,,,,,,,,,,,,10990,10990,exact_public,collected,https://www.instagram.com/ccsindia,,,,,,2026-09-23T06:55:34.972Z
2026-09-23_07-20-16-776,2026-09-23,Centre for Civil Society,https://ccs.in,,,,count_not_found,https://www.youtube.com/c/ccsindiatv,10202,10202,exact_public,collected,https://x.com/ccsindia,70029,"70,029",exact_public,collected,https://www.linkedin.com/company/ccsindia,,,,count_not_found,https://www.instagram.com/ccsindia,,,,failed,https://www.facebook.com/ccsindia,2026-09-23T07:20:21.920Z
2026-09-23_07-21-36-963,2026-09-23,Centre for Civil Society,https://ccs.in,,,,count_not_found,https://www.youtube.com/c/ccsindiatv,10202,10202,exact_public,collected,https://x.com/ccsindia,70029,"70,029",exact_public,collected,https://www.linkedin.com/company/ccsindia,,,,count_not_found,https://www.instagram.com/ccsindia,,,,failed,https://www.facebook.com/ccsindia,2026-09-23T07:21:42.375Z
2026-09-23_07-27-56-877,2026-09-23,Centre for Civil Society,https://ccs.in,8640,8.64K,rounded_public,collected,https://www.youtube.com/c/ccsindiatv,10202,10202,exact_public,collected,https://x.com/ccsindia,70031,"70,031",exact_public,collected,https://www.linkedin.com/company/ccsindia,10991,10991,exact_public,collected,https://www.instagram.com/ccsindia,146080,"146,080",exact_public,collected,https://www.facebook.com/ccsindia,2026-09-23T07:30:55.002Z
2026-09-23_06-39-09-015,2026-09-23,Centre for Development Studies,https://cds.edu,,,,count_not_found,https://www.youtube.com/cdskeral,836,836,exact_public,collected,https://x.com/CdsTrivandrum,,,,failed,https://www.linkedin.com/in/cds-centre-for-development-studies-a69046323,,,,,,,,,failed,https://www.facebook.com/groups/161461153897391,2026-09-23T06:39:14.782Z
2026-09-23_06-40-20-315,2026-09-23,Centre for Development Studies,https://cds.edu,1200,1.2K,rounded_public,collected,https://www.youtube.com/cdskeral,,,,,,,,,,,,,,,,,,,,,2026-09-23T06:41:16.282Z
2026-09-23_06-47-02-001,2026-09-23,Centre for Development Studies,https://cds.edu,,,,,,,,,,,,,,failed,https://www.linkedin.com/in/cds-centre-for-development-studies-a69046323,,,,,,,,,,,2026-09-23T06:47:10.237Z
2026-09-23_06-48-06-830,2026-09-23,Centre for Development Studies,https://cds.edu,,,,,,,,,,,,,,,,,,,,,,,,count_not_found,https://www.facebook.com/groups/161461153897391,2026-09-23T06:49:00.067Z
2026-09-23_07-20-16-776,2026-09-23,Centre for Development Studies,https://cds.edu,,,,count_not_found,https://www.youtube.com/cdskeral,836,836,exact_public,collected,https://x.com/CdsTrivandrum,,,,failed,https://www.linkedin.com/in/cds-centre-for-development-studies-a69046323,,,,,,,,,failed,https://www.facebook.com/groups/161461153897391,2026-09-23T07:20:22.057Z
2026-09-23_07-21-36-963,2026-09-23,Centre for Development Studies,https://cds.edu,,,,count_not_found,https://www.youtube.com/cdskeral,836,836,exact_public,collected,https://x.com/CdsTrivandrum,,,,failed,https://www.linkedin.com/in/cds-centre-for-development-studies-a69046323,,,,,,,,,failed,https://www.facebook.com/groups/161461153897391,2026-09-23T07:21:42.640Z
2026-09-23_07-27-56-877,2026-09-23,Centre for Development Studies,https://cds.edu,1200,1.2K,rounded_public,collected,https://www.youtube.com/cdskeral,836,836,exact_public,collected,https://x.com/CdsTrivandrum,,,,count_not_found,https://www.linkedin.com/authwall?trk=gf&trkInfo=AQEQD8WbPl76WwAAAaDNLQHQgUCuUPC2090RcpE0bFcnbsa_SyCX0XDkqoO47S_E4BIvcV-89DXD1zSYlPiFe9XvtgM9xAPwo7PMz3266mtJA0MaXAnEw01mkE-n-rxVj6gg7x4=&original_referer=&sessionRedirect=https%3A%2F%2Fwww.linkedin.com%2Fin%2Fcds-centre-for-development-studies-a69046323,,,,,,,,,count_not_found,https://www.facebook.com/groups/161461153897391,2026-09-23T07:31:10.781Z
2026-09-23_06-39-09-015,2026-09-23,Centre for Gender and Politics,https://www.cgaps.org,,,,count_not_found,https://www.youtube.com/@cgapsouthasia,785,785,exact_public,collected,https://x.com/cgap_sa,10983,"10,983",exact_public,collected,https://www.linkedin.com/company/cgap,,,,count_not_found,https://www.instagram.com/cgapsouthasia,,,,,,2026-09-23T06:39:15.334Z
2026-09-23_06-40-20-315,2026-09-23,Centre for Gender and Politics,https://www.cgaps.org,64,64,exact_public,collected,https://www.youtube.com/@cgapsouthasia,,,,,,,,,,,,,,,,,,,,,2026-09-23T06:41:20.609Z
2026-09-23_06-47-02-001,2026-09-23,Centre for Gender and Politics,https://www.cgaps.org,,,,,,,,,,,10983,"10,983",exact_public,collected,https://www.linkedin.com/company/cgap,,,,,,,,,,,2026-09-23T06:47:10.288Z
2026-09-23_06-54-19-052,2026-09-23,Centre for Gender and Politics,https://www.cgaps.org,,,,,,,,,,,,,,,,835,835,exact_public,collected,https://www.instagram.com/cgapsouthasia,,,,,,2026-09-23T06:55:37.072Z
2026-09-23_07-20-16-776,2026-09-23,Centre for Gender and Politics,https://www.cgaps.org,,,,count_not_found,https://www.youtube.com/@cgapsouthasia,785,785,exact_public,collected,https://x.com/cgap_sa,10983,"10,983",exact_public,collected,https://www.linkedin.com/company/cgap,,,,count_not_found,https://www.instagram.com/cgapsouthasia,,,,,,2026-09-23T07:20:22.131Z
2026-09-23_07-21-36-963,2026-09-23,Centre for Gender and Politics,https://www.cgaps.org,,,,count_not_found,https://www.youtube.com/@cgapsouthasia,785,785,exact_public,collected,https://x.com/cgap_sa,10984,"10,984",exact_public,collected,https://www.linkedin.com/company/cgap,,,,count_not_found,https://www.instagram.com/cgapsouthasia,,,,,,2026-09-23T07:21:42.757Z
2026-09-23_07-27-56-877,2026-09-23,Centre for Gender and Politics,https://www.cgaps.org,64,64,exact_public,collected,https://www.youtube.com/@cgapsouthasia,785,785,exact_public,collected,https://x.com/cgap_sa,10984,"10,984",exact_public,collected,https://www.linkedin.com/company/cgap,835,835,exact_public,collected,https://www.instagram.com/cgapsouthasia,,,,,,2026-09-23T07:31:17.182Z
2026-09-23_06-39-09-015,2026-09-23,Centre for Land Warfare Studies (CLAWS),https://www.claws.in,,,,count_not_found,https://www.youtube.com/channel/UCi8jLGp-l1_SIS7Oc1z4yRA,,,,,,15611,"15,611",exact_public,collected,https://www.linkedin.com/company/centre-for-land-warfare-studies-claws,,,,,,,,,,,2026-09-23T06:39:11.809Z
2026-09-23_06-40-20-315,2026-09-23,Centre for Land Warfare Studies (CLAWS),https://www.claws.in,14500,14.5K,rounded_public,collected,https://www.youtube.com/channel/UCi8jLGp-l1_SIS7Oc1z4yRA,,,,,,,,,,,,,,,,,,,,,2026-09-23T06:41:22.495Z
2026-09-23_06-47-02-001,2026-09-23,Centre for Land Warfare Studies (CLAWS),https://www.claws.in,,,,,,,,,,,15611,"15,611",exact_public,collected,https://www.linkedin.com/company/centre-for-land-warfare-studies-claws,,,,,,,,,,,2026-09-23T06:47:10.968Z
2026-09-23_07-20-16-776,2026-09-23,Centre for Land Warfare Studies (CLAWS),https://www.claws.in,,,,count_not_found,https://www.youtube.com/channel/UCi8jLGp-l1_SIS7Oc1z4yRA,,,,,,15611,"15,611",exact_public,collected,https://www.linkedin.com/company/centre-for-land-warfare-studies-claws,,,,,,,,,,,2026-09-23T07:20:19.361Z
2026-09-23_07-21-36-963,2026-09-23,Centre for Land Warfare Studies (CLAWS),https://www.claws.in,,,,count_not_found,https://www.youtube.com/channel/UCi8jLGp-l1_SIS7Oc1z4yRA,,,,,,15611,"15,611",exact_public,collected,https://www.linkedin.com/company/centre-for-land-warfare-studies-claws,,,,,,,,,,,2026-09-23T07:21:39.960Z
2026-09-23_07-27-56-877,2026-09-23,Centre for Land Warfare Studies (CLAWS),https://www.claws.in,14500,14.5K,rounded_public,collected,https://www.youtube.com/channel/UCi8jLGp-l1_SIS7Oc1z4yRA,,,,,,15611,"15,611",exact_public,collected,https://www.linkedin.com/company/centre-for-land-warfare-studies-claws,,,,,,,,,,,2026-09-23T07:31:27.708Z
2026-09-23_06-39-09-015,2026-09-23,Centre for Policy Research,https://cprindia.org,,,,count_not_found,https://www.youtube.com/channel/UCT0LvSYjYr2gmUDhx7Z3wtw,64416,64416,exact_public,collected,https://x.com/CPR_India,137798,"137,798",exact_public,collected,https://www.linkedin.com/company/centre-for-policy-research,,,,count_not_found,https://www.instagram.com/cpr_india,,,,failed,https://www.facebook.com/CentreforPolicyResearch,2026-09-23T06:39:15.879Z
2026-09-23_06-40-20-315,2026-09-23,Centre for Policy Research,https://cprindia.org,23200,23.2K,rounded_public,collected,https://www.youtube.com/channel/UCT0LvSYjYr2gmUDhx7Z3wtw,,,,,,,,,,,,,,,,,,,,,2026-09-23T06:41:24.391Z
2026-09-23_06-47-02-001,2026-09-23,Centre for Policy Research,https://cprindia.org,,,,,,,,,,,137798,"137,798",exact_public,collected,https://www.linkedin.com/company/centre-for-policy-research,,,,,,,,,,,2026-09-23T06:47:11.142Z
2026-09-23_06-48-06-830,2026-09-23,Centre for Policy Research,https://cprindia.org,,,,,,,,,,,,,,,,,,,,,17726,"17,726",exact_public,collected,https://www.facebook.com/CentreforPolicyResearch,2026-09-23T06:49:02.527Z
2026-09-23_06-54-19-052,2026-09-23,Centre for Policy Research,https://cprindia.org,,,,,,,,,,,,,,,,,,,failed,https://www.instagram.com/cpr_india,,,,,,2026-09-23T06:55:47.262Z
2026-09-23_07-20-16-776,2026-09-23,Centre for Policy Research,https://cprindia.org,,,,count_not_found,https://www.youtube.com/channel/UCT0LvSYjYr2gmUDhx7Z3wtw,64419,64419,exact_public,collected,https://x.com/CPR_India,137799,"137,799",exact_public,collected,https://www.linkedin.com/company/centre-for-policy-research,,,,count_not_found,https://www.instagram.com/cpr_india,,,,failed,https://www.facebook.com/CentreforPolicyResearch,2026-09-23T07:20:23.118Z
2026-09-23_07-21-36-963,2026-09-23,Centre for Policy Research,https://cprindia.org,,,,count_not_found,https://www.youtube.com/channel/UCT0LvSYjYr2gmUDhx7Z3wtw,64419,64419,exact_public,collected,https://x.com/CPR_India,137799,"137,799",exact_public,collected,https://www.linkedin.com/company/centre-for-policy-research,,,,count_not_found,https://www.instagram.com/cpr_india,,,,failed,https://www.facebook.com/CentreforPolicyResearch,2026-09-23T07:21:43.561Z
2026-09-23_07-27-56-877,2026-09-23,Centre for Policy Research,https://cprindia.org,23200,23.2K,rounded_public,collected,https://www.youtube.com/channel/UCT0LvSYjYr2gmUDhx7Z3wtw,64419,64419,exact_public,collected,https://x.com/CPR_India,137800,"137,800",exact_public,collected,https://www.linkedin.com/company/centre-for-policy-research,20720,20720,exact_public,collected,https://www.instagram.com/cpr_india,17727,"17,727",exact_public,collected,https://www.facebook.com/CentreforPolicyResearch,2026-09-23T07:31:34.195Z
2026-09-23_06-39-09-015,2026-09-23,Centre for Public Policy,https://www.iimb.ac.in/centres-of-excellence/cpp,,,,,,,,,,,1720,"1,720",exact_public,collected,https://www.linkedin.com/company/cpp-iimb,,,,,,,,,,,2026-09-23T06:39:11.915Z
2026-09-23_06-47-02-001,2026-09-23,Centre for Public Policy,https://www.iimb.ac.in/centres-of-excellence/cpp,,,,,,,,,,,1720,"1,720",exact_public,collected,https://www.linkedin.com/company/cpp-iimb,,,,,,,,,,,2026-09-23T06:47:12.003Z
2026-09-23_07-20-16-776,2026-09-23,Centre for Public Policy,https://www.iimb.ac.in/centres-of-excellence/cpp,,,,,,,,,,,1720,"1,720",exact_public,collected,https://www.linkedin.com/company/cpp-iimb,,,,,,,,,,,2026-09-23T07:20:19.562Z
2026-09-23_07-21-36-963,2026-09-23,Centre for Public Policy,https://www.iimb.ac.in/centres-of-excellence/cpp,,,,,,,,,,,1720,"1,720",exact_public,collected,https://www.linkedin.com/company/cpp-iimb,,,,,,,,,,,2026-09-23T07:21:40.382Z
2026-09-23_07-27-56-877,2026-09-23,Centre for Public Policy,https://www.iimb.ac.in/centres-of-excellence/cpp,,,,,,,,,,,1720,"1,720",exact_public,collected,https://www.linkedin.com/company/cpp-iimb,,,,,,,,,,,2026-09-23T07:31:37.127Z
2026-09-23_06-39-09-015,2026-09-23,Centre for Public Policy Research,https://www.cppr.in,,,,count_not_found,https://www.youtube.com/user/CPPRIndia,2774,2774,exact_public,collected,https://x.com/CPPRIndia,119316,"119,316",exact_public,collected,https://www.linkedin.com/company/cpprindia,,,,count_not_found,https://www.instagram.com/cpprindia,,,,failed,https://www.facebook.com/cpprindia,2026-09-23T06:39:16.526Z
2026-09-23_06-40-20-315,2026-09-23,Centre for Public Policy Research,https://www.cppr.in,2590,2.59K,rounded_public,collected,https://www.youtube.com/user/CPPRIndia,,,,,,,,,,,,,,,,,,,,,2026-09-23T06:41:27.473Z
2026-09-23_06-47-02-001,2026-09-23,Centre for Public Policy Research,https://www.cppr.in,,,,,,,,,,,119316,"119,316",exact_public,collected,https://www.linkedin.com/company/cpprindia,,,,,,,,,,,2026-09-23T06:47:12.533Z
2026-09-23_06-48-06-830,2026-09-23,Centre for Public Policy Research,https://www.cppr.in,,,,,,,,,,,,,,,,,,,,,11721,"11,721",exact_public,collected,https://www.facebook.com/cpprindia,2026-09-23T06:49:05.160Z
2026-09-23_06-54-19-052,2026-09-23,Centre for Public Policy Research,https://www.cppr.in,,,,,,,,,,,,,,,,2627,2627,exact_public,collected,https://www.instagram.com/cpprindia,,,,,,2026-09-23T06:55:49.367Z
2026-09-23_07-20-16-776,2026-09-23,Centre for Public Policy Research,https://www.cppr.in,,,,count_not_found,https://www.youtube.com/user/CPPRIndia,2774,2774,exact_public,collected,https://x.com/CPPRIndia,119316,"119,316",exact_public,collected,https://www.linkedin.com/company/cpprindia,,,,count_not_found,https://www.instagram.com/cpprindia,,,,failed,https://www.facebook.com/cpprindia,2026-09-23T07:20:23.121Z
2026-09-23_07-21-36-963,2026-09-23,Centre for Public Policy Research,https://www.cppr.in,,,,count_not_found,https://www.youtube.com/user/CPPRIndia,2774,2774,exact_public,collected,https://x.com/CPPRIndia,119316,"119,316",exact_public,collected,https://www.linkedin.com/company/cpprindia,,,,count_not_found,https://www.instagram.com/cpprindia,,,,failed,https://www.facebook.com/cpprindia,2026-09-23T07:21:43.827Z
2026-09-23_07-27-56-877,2026-09-23,Centre for Public Policy Research,https://www.cppr.in,2590,2.59K,rounded_public,collected,https://www.youtube.com/user/CPPRIndia,2774,2774,exact_public,collected,https://x.com/CPPRIndia,119319,"119,319",exact_public,collected,https://www.linkedin.com/company/cpprindia,2627,2627,exact_public,collected,https://www.instagram.com/cpprindia,11721,"11,721",exact_public,collected,https://www.facebook.com/cpprindia,2026-09-23T07:31:46.938Z
2026-09-23_06-39-09-015,2026-09-23,Centre for Social and Economic Progress,https://csep.org,,,,count_not_found,https://www.youtube.com/channel/UCB-HDsHu8v-7e_UvAJBW5OQ,44156,44156,exact_public,collected,https://x.com/CSEP_Org,88087,"88,087",exact_public,collected,https://www.linkedin.com/company/csep-org,,,,,,,,,failed,https://www.facebook.com/csepresearch,2026-09-23T06:39:16.662Z
2026-09-23_06-40-20-315,2026-09-23,Centre for Social and Economic Progress,https://csep.org,10200,10.2K,rounded_public,collected,https://www.youtube.com/channel/UCB-HDsHu8v-7e_UvAJBW5OQ,,,,,,,,,,,,,,,,,,,,,2026-09-23T06:41:33.618Z
2026-09-23_06-47-02-001,2026-09-23,Centre for Social and Economic Progress,https://csep.org,,,,,,,,,,,88087,"88,087",exact_public,collected,https://www.linkedin.com/company/csep-org,,,,,,,,,,,2026-09-23T06:47:12.964Z
2026-09-23_06-48-06-830,2026-09-23,Centre for Social and Economic Progress,https://csep.org,,,,,,,,,,,,,,,,,,,,,8255,"8,255",exact_public,collected,https://www.facebook.com/csepresearch,2026-09-23T06:49:12.848Z
2026-09-23_07-20-16-776,2026-09-23,Centre for Social and Economic Progress,https://csep.org,,,,count_not_found,https://www.youtube.com/channel/UCB-HDsHu8v-7e_UvAJBW5OQ,44156,44156,exact_public,collected,https://x.com/CSEP_Org,88092,"88,092",exact_public,collected,https://www.linkedin.com/company/csep-org,,,,,,,,,failed,https://www.facebook.com/csepresearch,2026-09-23T07:20:23.664Z
2026-09-23_07-21-36-963,2026-09-23,Centre for Social and Economic Progress,https://csep.org,,,,count_not_found,https://www.youtube.com/channel/UCB-HDsHu8v-7e_UvAJBW5OQ,44156,44156,exact_public,collected,https://x.com/CSEP_Org,88092,"88,092",exact_public,collected,https://www.linkedin.com/company/csep-org,,,,,,,,,failed,https://www.facebook.com/csepresearch,2026-09-23T07:21:43.895Z
2026-09-23_07-27-56-877,2026-09-23,Centre for Social and Economic Progress,https://csep.org,10200,10.2K,rounded_public,collected,https://www.youtube.com/channel/UCB-HDsHu8v-7e_UvAJBW5OQ,44155,44155,exact_public,collected,https://x.com/CSEP_Org,88094,"88,094",exact_public,collected,https://www.linkedin.com/company/csep-org,,,,,,8254,"8,254",exact_public,collected,https://www.facebook.com/csepresearch,2026-09-23T07:31:57.314Z
2026-09-23_06-39-09-015,2026-09-23,"Centre for Study of Science, Technology and Policy",https://cstep.in,,,,count_not_found,https://www.youtube.com/channel/UCROj7dD9PqkZj4My5En829A,4471,4471,exact_public,collected,https://x.com/CSTEP_India,27360,"27,360",exact_public,collected,https://www.linkedin.com/company/cstep,,,,count_not_found,https://www.instagram.com/cstep_ind,,,,,,2026-09-23T06:39:17.155Z
2026-09-23_06-40-20-315,2026-09-23,"Centre for Study of Science, Technology and Policy",https://cstep.in,963,963,exact_public,collected,https://www.youtube.com/channel/UCROj7dD9PqkZj4My5En829A,,,,,,,,,,,,,,,,,,,,,2026-09-23T06:41:42.098Z
2026-09-23_06-47-02-001,2026-09-23,"Centre for Study of Science, Technology and Policy",https://cstep.in,,,,,,,,,,,27360,"27,360",exact_public,collected,https://www.linkedin.com/company/cstep,,,,,,,,,,,2026-09-23T06:47:13.491Z
2026-09-23_06-54-19-052,2026-09-23,"Centre for Study of Science, Technology and Policy",https://cstep.in,,,,,,,,,,,,,,,,1188,1188,exact_public,collected,https://www.instagram.com/cstep_ind,,,,,,2026-09-23T06:55:59.618Z
2026-09-23_07-20-16-776,2026-09-23,"Centre for Study of Science, Technology and Policy",https://cstep.in,,,,count_not_found,https://www.youtube.com/channel/UCROj7dD9PqkZj4My5En829A,4471,4471,exact_public,collected,https://x.com/CSTEP_India,27360,"27,360",exact_public,collected,https://www.linkedin.com/company/cstep,,,,count_not_found,https://www.instagram.com/cstep_ind,,,,,,2026-09-23T07:20:24.309Z
2026-09-23_07-21-36-963,2026-09-23,"Centre for Study of Science, Technology and Policy",https://cstep.in,,,,count_not_found,https://www.youtube.com/channel/UCROj7dD9PqkZj4My5En829A,4471,4471,exact_public,collected,https://x.com/CSTEP_India,27360,"27,360",exact_public,collected,https://www.linkedin.com/company/cstep,,,,count_not_found,https://www.instagram.com/cstep_ind,,,,,,2026-09-23T07:21:44.906Z
2026-09-23_07-27-56-877,2026-09-23,"Centre for Study of Science, Technology and Policy",https://cstep.in,963,963,exact_public,collected,https://www.youtube.com/channel/UCROj7dD9PqkZj4My5En829A,4471,4471,exact_public,collected,https://x.com/CSTEP_India,27360,"27,360",exact_public,collected,https://www.linkedin.com/company/cstep,1188,1188,exact_public,collected,https://www.instagram.com/cstep_ind,,,,,,2026-09-23T07:32:06.803Z
2026-09-23_06-39-09-015,2026-09-23,Centre for the Study of Developing Societies,https://www.csds.in,,,,count_not_found,https://www.youtube.com/csdsdelhi,11601,11601,exact_public,collected,https://x.com/csdsdelhi,,,,,,,,,,,,,,failed,https://www.facebook.com/csdsdelhi,2026-09-23T06:39:17.992Z
2026-09-23_06-40-20-315,2026-09-23,Centre for the Study of Developing Societies,https://www.csds.in,6760,6.76K,rounded_public,collected,https://www.youtube.com/csdsdelhi,,,,,,,,,,,,,,,,,,,,,2026-09-23T06:41:45.439Z
2026-09-23_06-48-06-830,2026-09-23,Centre for the Study of Developing Societies,https://www.csds.in,,,,,,,,,,,,,,,,,,,,,12877,"12,877",exact_public,collected,https://www.facebook.com/csdsdelhi,2026-09-23T06:49:15.524Z
2026-09-23_07-20-16-776,2026-09-23,Centre for the Study of Developing Societies,https://www.csds.in,,,,count_not_found,https://www.youtube.com/csdsdelhi,11601,11601,exact_public,collected,https://x.com/csdsdelhi,,,,,,,,,,,,,,failed,https://www.facebook.com/csdsdelhi,2026-09-23T07:20:24.790Z
2026-09-23_07-21-36-963,2026-09-23,Centre for the Study of Developing Societies,https://www.csds.in,,,,count_not_found,https://www.youtube.com/csdsdelhi,11601,11601,exact_public,collected,https://x.com/csdsdelhi,,,,,,,,,,,,,,failed,https://www.facebook.com/csdsdelhi,2026-09-23T07:21:44.944Z
2026-09-23_07-27-56-877,2026-09-23,Centre for the Study of Developing Societies,https://www.csds.in,6760,6.76K,rounded_public,collected,https://www.youtube.com/csdsdelhi,11601,11601,exact_public,collected,https://x.com/csdsdelhi,,,,,,,,,,,12877,"12,877",exact_public,collected,https://www.facebook.com/csdsdelhi,2026-09-23T07:32:20.478Z
2026-09-23_06-39-09-015,2026-09-23,CEPA (Center for European Policy Analysis),https://cepa.org,,,,count_not_found,https://www.youtube.com/channel/UCiYaHwnU8S_pXYFDLM6RXGw,66782,66782,exact_public,collected,https://x.com/cepa,92924,"92,924",exact_public,collected,https://www.linkedin.com/company/center-for-european-policy-analysis,,,,count_not_found,https://www.instagram.com/cepaorg,,,,failed,https://www.facebook.com/CenterforEuropeanPolicyAnalysis,2026-09-23T06:39:18.000Z
2026-09-23_06-40-20-315,2026-09-23,CEPA (Center for European Policy Analysis),https://cepa.org,4330,4.33K,rounded_public,collected,https://www.youtube.com/channel/UCiYaHwnU8S_pXYFDLM6RXGw,,,,,,,,,,,,,,,,,,,,,2026-09-23T06:41:48.626Z
2026-09-23_06-47-02-001,2026-09-23,CEPA (Center for European Policy Analysis),https://cepa.org,,,,,,,,,,,92924,"92,924",exact_public,collected,https://www.linkedin.com/company/center-for-european-policy-analysis,,,,,,,,,,,2026-09-23T06:47:13.814Z
2026-09-23_06-48-06-830,2026-09-23,CEPA (Center for European Policy Analysis),https://cepa.org,,,,,,,,,,,,,,,,,,,,,16059,"16,059",exact_public,collected,https://www.facebook.com/CenterforEuropeanPolicyAnalysis,2026-09-23T06:49:18.585Z
2026-09-23_06-54-19-052,2026-09-23,CEPA (Center for European Policy Analysis),https://cepa.org,,,,,,,,,,,,,,,,4466,4466,exact_public,collected,https://www.instagram.com/cepaorg,,,,,,2026-09-23T06:56:13.710Z
2026-09-23_07-20-16-776,2026-09-23,CEPA (Center for European Policy Analysis),https://cepa.org,,,,count_not_found,https://www.youtube.com/channel/UCiYaHwnU8S_pXYFDLM6RXGw,66783,66783,exact_public,collected,https://x.com/cepa,92924,"92,924",exact_public,collected,https://www.linkedin.com/company/center-for-european-policy-analysis,,,,count_not_found,https://www.instagram.com/cepaorg,,,,failed,https://www.facebook.com/CenterforEuropeanPolicyAnalysis,2026-09-23T07:20:24.987Z
2026-09-23_07-21-36-963,2026-09-23,CEPA (Center for European Policy Analysis),https://cepa.org,,,,count_not_found,https://www.youtube.com/channel/UCiYaHwnU8S_pXYFDLM6RXGw,66783,66783,exact_public,collected,https://x.com/cepa,92924,"92,924",exact_public,collected,https://www.linkedin.com/company/center-for-european-policy-analysis,,,,count_not_found,https://www.instagram.com/cepaorg,,,,failed,https://www.facebook.com/CenterforEuropeanPolicyAnalysis,2026-09-23T07:21:45.258Z
2026-09-23_07-27-56-877,2026-09-23,CEPA (Center for European Policy Analysis),https://cepa.org,4330,4.33K,rounded_public,collected,https://www.youtube.com/channel/UCiYaHwnU8S_pXYFDLM6RXGw,66783,66783,exact_public,collected,https://x.com/cepa,92924,"92,924",exact_public,collected,https://www.linkedin.com/company/center-for-european-policy-analysis,4466,4466,exact_public,collected,https://www.instagram.com/cepaorg,16059,"16,059",exact_public,collected,https://www.facebook.com/CenterforEuropeanPolicyAnalysis,2026-09-23T07:32:28.769Z
2026-09-23_06-39-09-015,2026-09-23,CEPR (Center for Economic and Policy Research),https://cepr.net,,,,count_not_found,https://www.youtube.com/channel/UCQ5-7CUfHe7mZGR7alIOsxA,48346,48346,exact_public,collected,https://x.com/ceprdc,27715,"27,715",exact_public,collected,https://www.linkedin.com/company/center-for-economic-and-policy-research,,,,count_not_found,https://www.instagram.com/ceprdc/,,,,failed,https://facebook.com/ceprDC,2026-09-23T06:39:18.744Z
2026-09-23_06-40-20-315,2026-09-23,CEPR (Center for Economic and Policy Research),https://cepr.net,5910,5.91K,rounded_public,collected,https://www.youtube.com/channel/UCQ5-7CUfHe7mZGR7alIOsxA,,,,,,,,,,,,,,,,,,,,,2026-09-23T06:41:51.223Z
2026-09-23_06-47-02-001,2026-09-23,CEPR (Center for Economic and Policy Research),https://cepr.net,,,,,,,,,,,27715,"27,715",exact_public,collected,https://www.linkedin.com/company/center-for-economic-and-policy-research,,,,,,,,,,,2026-09-23T06:47:14.594Z
2026-09-23_06-48-06-830,2026-09-23,CEPR (Center for Economic and Policy Research),https://cepr.net,,,,,,,,,,,,,,,,,,,,,63048,"63,048",exact_public,collected,https://www.facebook.com/CEPRDC/,2026-09-23T06:49:25.468Z
2026-09-23_06-54-19-052,2026-09-23,CEPR (Center for Economic and Policy Research),https://cepr.net,,,,,,,,,,,,,,,,1599,1599,exact_public,collected,https://www.instagram.com/ceprdc/,,,,,,2026-09-23T06:56:15.385Z
2026-09-23_07-20-16-776,2026-09-23,CEPR (Center for Economic and Policy Research),https://cepr.net,,,,count_not_found,https://www.youtube.com/channel/UCQ5-7CUfHe7mZGR7alIOsxA,48345,48345,exact_public,collected,https://x.com/ceprdc,27715,"27,715",exact_public,collected,https://www.linkedin.com/company/center-for-economic-and-policy-research,,,,count_not_found,https://www.instagram.com/ceprdc/,,,,failed,https://facebook.com/ceprDC,2026-09-23T07:20:25.560Z
2026-09-23_07-21-36-963,2026-09-23,CEPR (Center for Economic and Policy Research),https://cepr.net,,,,count_not_found,https://www.youtube.com/channel/UCQ5-7CUfHe7mZGR7alIOsxA,48345,48345,exact_public,collected,https://x.com/ceprdc,27715,"27,715",exact_public,collected,https://www.linkedin.com/company/center-for-economic-and-policy-research,,,,count_not_found,https://www.instagram.com/ceprdc/,,,,failed,https://facebook.com/ceprDC,2026-09-23T07:21:46.169Z
2026-09-23_07-27-56-877,2026-09-23,CEPR (Center for Economic and Policy Research),https://cepr.net,5910,5.91K,rounded_public,collected,https://www.youtube.com/channel/UCQ5-7CUfHe7mZGR7alIOsxA,48345,48345,exact_public,collected,https://x.com/ceprdc,27715,"27,715",exact_public,collected,https://www.linkedin.com/company/center-for-economic-and-policy-research,1599,1599,exact_public,collected,https://www.instagram.com/ceprdc/,63048,"63,048",exact_public,collected,https://www.facebook.com/CEPRDC/,2026-09-23T07:32:41.308Z
2026-09-23_06-39-09-015,2026-09-23,CEPS (Centre for European Policy Studies),https://www.ceps.eu,,,,count_not_found,https://www.youtube.com/channel/UCBX-oXE3mC8LGnrRIhCRI7A,59087,59087,exact_public,collected,https://x.com/CEPS_thinktank,95943,"95,943",exact_public,collected,https://www.linkedin.com/company/ceps,,,,,,,,,,,2026-09-23T06:39:19.268Z
2026-09-23_06-40-20-315,2026-09-23,CEPS (Centre for European Policy Studies),https://www.ceps.eu,3000,3K,rounded_public,collected,https://www.youtube.com/channel/UCBX-oXE3mC8LGnrRIhCRI7A,,,,,,,,,,,,,,,,,,,,,2026-09-23T06:41:55.095Z
2026-09-23_06-47-02-001,2026-09-23,CEPS (Centre for European Policy Studies),https://www.ceps.eu,,,,,,,,,,,95943,"95,943",exact_public,collected,https://www.linkedin.com/company/ceps,,,,,,,,,,,2026-09-23T06:47:14.936Z
2026-09-23_07-20-16-776,2026-09-23,CEPS (Centre for European Policy Studies),https://www.ceps.eu,,,,count_not_found,https://www.youtube.com/channel/UCBX-oXE3mC8LGnrRIhCRI7A,59087,59087,exact_public,collected,https://x.com/CEPS_thinktank,95944,"95,944",exact_public,collected,https://www.linkedin.com/company/ceps,,,,,,,,,,,2026-09-23T07:20:26.199Z
2026-09-23_07-21-36-963,2026-09-23,CEPS (Centre for European Policy Studies),https://www.ceps.eu,,,,count_not_found,https://www.youtube.com/channel/UCBX-oXE3mC8LGnrRIhCRI7A,59087,59087,exact_public,collected,https://x.com/CEPS_thinktank,95944,"95,944",exact_public,collected,https://www.linkedin.com/company/ceps,,,,,,,,,,,2026-09-23T07:21:46.199Z
2026-09-23_07-27-56-877,2026-09-23,CEPS (Centre for European Policy Studies),https://www.ceps.eu,3000,3K,rounded_public,collected,https://www.youtube.com/channel/UCBX-oXE3mC8LGnrRIhCRI7A,59087,59087,exact_public,collected,https://x.com/CEPS_thinktank,95944,"95,944",exact_public,collected,https://www.linkedin.com/company/ceps,,,,,,,,,,,2026-09-23T07:32:54.941Z
2026-09-23_06-39-09-015,2026-09-23,CFR (Council on Foreign Relations),https://www.cfr.org,,,,count_not_found,https://www.youtube.com/cfr,578636,578636,exact_public,collected,https://x.com/CFR_org,433349,"433,349",exact_public,collected,https://www.linkedin.com/company/council-on-foreign-relations,,,,count_not_found,https://www.instagram.com/cfr_org,,,,failed,https://www.facebook.com/councilonforeignrelations,2026-09-23T06:39:19.433Z
2026-09-23_06-40-20-315,2026-09-23,CFR (Council on Foreign Relations),https://www.cfr.org,343000,343K,rounded_public,collected,https://www.youtube.com/cfr,,,,,,,,,,,,,,,,,,,,,2026-09-23T06:41:55.338Z
2026-09-23_06-47-02-001,2026-09-23,CFR (Council on Foreign Relations),https://www.cfr.org,,,,,,,,,,,433349,"433,349",exact_public,collected,https://www.linkedin.com/company/council-on-foreign-relations,,,,,,,,,,,2026-09-23T06:47:15.520Z
2026-09-23_06-48-06-830,2026-09-23,CFR (Council on Foreign Relations),https://www.cfr.org,,,,,,,,,,,,,,,,,,,,,499955,"499,955",exact_public,collected,https://www.facebook.com/councilonforeignrelations,2026-09-23T06:49:28.500Z
2026-09-23_06-54-19-052,2026-09-23,CFR (Council on Foreign Relations),https://www.cfr.org,,,,,,,,,,,,,,,,169165,169165,exact_public,collected,https://www.instagram.com/cfr_org,,,,,,2026-09-23T06:56:26.763Z
2026-09-23_07-20-16-776,2026-09-23,CFR (Council on Foreign Relations),https://www.cfr.org,,,,count_not_found,https://www.youtube.com/cfr,578637,578637,exact_public,collected,https://x.com/CFR_org,433352,"433,352",exact_public,collected,https://www.linkedin.com/company/council-on-foreign-relations,,,,count_not_found,https://www.instagram.com/cfr_org,,,,failed,https://www.facebook.com/councilonforeignrelations,2026-09-23T07:20:26.567Z
2026-09-23_07-21-36-963,2026-09-23,CFR (Council on Foreign Relations),https://www.cfr.org,,,,count_not_found,https://www.youtube.com/cfr,578637,578637,exact_public,collected,https://x.com/CFR_org,433352,"433,352",exact_public,collected,https://www.linkedin.com/company/council-on-foreign-relations,,,,count_not_found,https://www.instagram.com/cfr_org,,,,failed,https://www.facebook.com/councilonforeignrelations,2026-09-23T07:21:46.817Z
2026-09-23_07-27-56-877,2026-09-23,CFR (Council on Foreign Relations),https://www.cfr.org,343000,343K,rounded_public,collected,https://www.youtube.com/cfr,578637,578637,exact_public,collected,https://x.com/CFR_org,433352,"433,352",exact_public,collected,https://www.linkedin.com/company/council-on-foreign-relations,169169,169169,exact_public,collected,https://www.instagram.com/cfr_org,499953,"499,953",exact_public,collected,https://www.facebook.com/councilonforeignrelations,2026-09-23T07:33:01.483Z
2026-09-23_06-39-09-015,2026-09-23,Chatham House,https://www.chathamhouse.org,,,,count_not_found,https://www.youtube.com/user/ChathamHouse10,313826,313826,exact_public,collected,https://x.com/ChathamHouse,,,,,,,,,count_not_found,https://www.instagram.com/chathamhouse_org,,,,failed,https://www.facebook.com/ChathamHouse,2026-09-23T06:39:19.782Z
2026-09-23_06-40-20-315,2026-09-23,Chatham House,https://www.chathamhouse.org,103000,103K,rounded_public,collected,https://www.youtube.com/user/ChathamHouse10,,,,,,,,,,,,,,,,,,,,,2026-09-23T06:42:00.220Z
2026-09-23_06-48-06-830,2026-09-23,Chatham House,https://www.chathamhouse.org,,,,,,,,,,,,,,,,,,,,,168156,"168,156",exact_public,collected,https://www.facebook.com/ChathamHouse,2026-09-23T06:49:31.520Z
2026-09-23_06-54-19-052,2026-09-23,Chatham House,https://www.chathamhouse.org,,,,,,,,,,,,,,,,138193,138193,exact_public,collected,https://www.instagram.com/chathamhouse_org,,,,,,2026-09-23T06:56:28.897Z
2026-09-23_07-20-16-776,2026-09-23,Chatham House,https://www.chathamhouse.org,,,,count_not_found,https://www.youtube.com/user/ChathamHouse10,313828,313828,exact_public,collected,https://x.com/ChathamHouse,,,,,,,,,count_not_found,https://www.instagram.com/chathamhouse_org,,,,failed,https://www.facebook.com/ChathamHouse,2026-09-23T07:20:26.782Z
2026-09-23_07-21-36-963,2026-09-23,Chatham House,https://www.chathamhouse.org,,,,count_not_found,https://www.youtube.com/user/ChathamHouse10,313828,313828,exact_public,collected,https://x.com/ChathamHouse,,,,,,,,,count_not_found,https://www.instagram.com/chathamhouse_org,,,,failed,https://www.facebook.com/ChathamHouse,2026-09-23T07:21:47.325Z
2026-09-23_07-27-56-877,2026-09-23,Chatham House,https://www.chathamhouse.org,103000,103K,rounded_public,collected,https://www.youtube.com/user/ChathamHouse10,313823,313823,exact_public,collected,https://x.com/ChathamHouse,,,,,,138197,138197,exact_public,collected,https://www.instagram.com/chathamhouse_org,168158,"168,158",exact_public,collected,https://www.facebook.com/ChathamHouse,2026-09-23T07:33:15.838Z
2026-09-23_06-39-09-015,2026-09-23,Chennai Centre for China Studies,https://www.c3sindia.org,,,,count_not_found,https://www.youtube.com/channel/UCGD84-2OKUfrbkOHqssBstw,,,,failed,https://x.com/c3schennai,,,,,,,,,count_not_found,https://www.instagram.com/c3s.10,,,,failed,https://www.facebook.com/c3sindia,2026-09-23T06:39:20.562Z
2026-09-23_06-40-20-315,2026-09-23,Chennai Centre for China Studies,https://www.c3sindia.org,668,668,exact_public,collected,https://www.youtube.com/channel/UCGD84-2OKUfrbkOHqssBstw,,,,,,,,,,,,,,,,,,,,,2026-09-23T06:42:00.253Z
2026-09-23_06-48-06-830,2026-09-23,Chennai Centre for China Studies,https://www.c3sindia.org,,,,,,,,,,,,,,,,,,,,,1384,"1,384",exact_public,collected,https://www.facebook.com/c3sindia,2026-09-23T06:49:40.009Z
2026-09-23_06-54-19-052,2026-09-23,Chennai Centre for China Studies,https://www.c3sindia.org,,,,,,,,,,,,,,,,,,,count_not_found,https://www.instagram.com/c3s.10,,,,,,2026-09-23T06:56:38.784Z
2026-09-23_07-20-16-776,2026-09-23,Chennai Centre for China Studies,https://www.c3sindia.org,,,,count_not_found,https://www.youtube.com/channel/UCGD84-2OKUfrbkOHqssBstw,,,,failed,https://x.com/c3schennai,,,,,,,,,count_not_found,https://www.instagram.com/c3s.10,,,,failed,https://www.facebook.com/c3sindia,2026-09-23T07:20:27.496Z
2026-09-23_07-21-36-963,2026-09-23,Chennai Centre for China Studies,https://www.c3sindia.org,,,,count_not_found,https://www.youtube.com/channel/UCGD84-2OKUfrbkOHqssBstw,,,,failed,https://x.com/c3schennai,,,,,,,,,count_not_found,https://www.instagram.com/c3s.10,,,,failed,https://www.facebook.com/c3sindia,2026-09-23T07:21:47.510Z
2026-09-23_07-27-56-877,2026-09-23,Chennai Centre for China Studies,https://www.c3sindia.org,668,668,exact_public,collected,https://www.youtube.com/channel/UCGD84-2OKUfrbkOHqssBstw,,,,count_not_found,https://x.com/c3schennai,,,,,,,,,count_not_found,https://www.instagram.com/c3s.10,1384,"1,384",exact_public,collected,https://www.facebook.com/c3sindia,2026-09-23T07:33:32.044Z
2026-09-23_06-38-42-591,2026-09-23,CIDOB,https://www.cidob.org,,,,count_not_found,https://www.youtube.com/channel/UCD71Ad1FcumiuTVMBousZ2w,33066,33066,exact_public,collected,https://x.com/CidobBarcelona,,,,count_not_found,https://es.linkedin.com/company/cidobbarcelona,,,,count_not_found,https://www.instagram.com/cidobbarcelona,,,,failed,https://www.facebook.com/CidobBarcelona,2026-09-23T06:38:46.970Z
2026-09-23_06-39-09-015,2026-09-23,CIDOB,https://www.cidob.org,,,,count_not_found,https://www.youtube.com/channel/UCD71Ad1FcumiuTVMBousZ2w,33066,33066,exact_public,collected,https://x.com/CidobBarcelona,,,,failed,https://www.linkedin.com/company/fundacion-cidob,,,,count_not_found,https://www.instagram.com/cidobbarcelona,,,,failed,https://www.facebook.com/CidobBarcelona,2026-09-23T06:39:48.362Z
2026-09-23_06-40-20-315,2026-09-23,CIDOB,https://www.cidob.org,4120,4.12K,rounded_public,collected,https://www.youtube.com/channel/UCD71Ad1FcumiuTVMBousZ2w,,,,,,,,,,,,,,,,,,,,,2026-09-23T06:46:10.799Z
2026-09-23_06-47-02-001,2026-09-23,CIDOB,https://www.cidob.org,,,,,,,,,,,,,,count_not_found,https://es.linkedin.com/company/cidobbarcelona,,,,,,,,,,,2026-09-23T06:47:50.935Z
2026-09-23_06-48-06-830,2026-09-23,CIDOB,https://www.cidob.org,,,,,,,,,,,,,,,,,,,,,11500,"11,500",exact_public,collected,https://www.facebook.com/CidobBarcelona,2026-09-23T06:53:35.509Z
2026-09-23_06-54-19-052,2026-09-23,CIDOB,https://www.cidob.org,,,,,,,,,,,,,,,,8412,8412,exact_public,collected,https://www.instagram.com/cidobbarcelona,,,,,,2026-09-23T07:01:13.754Z
2026-09-23_07-20-16-776,2026-09-23,CIDOB,https://www.cidob.org,,,,count_not_found,https://www.youtube.com/channel/UCD71Ad1FcumiuTVMBousZ2w,33066,33066,exact_public,collected,https://x.com/CidobBarcelona,,,,failed,https://www.linkedin.com/company/fundacion-cidob,,,,count_not_found,https://www.instagram.com/cidobbarcelona,,,,failed,https://www.facebook.com/CidobBarcelona,2026-09-23T07:20:55.275Z
2026-09-23_07-21-36-963,2026-09-23,CIDOB,https://www.cidob.org,,,,count_not_found,https://www.youtube.com/channel/UCD71Ad1FcumiuTVMBousZ2w,33066,33066,exact_public,collected,https://x.com/CidobBarcelona,,,,failed,https://www.linkedin.com/company/fundacion-cidob,,,,count_not_found,https://www.instagram.com/cidobbarcelona,,,,failed,https://www.facebook.com/CidobBarcelona,2026-09-23T07:22:14.865Z
2026-09-23_07-27-56-877,2026-09-23,CIDOB,https://www.cidob.org,4120,4.12K,rounded_public,collected,https://www.youtube.com/channel/UCD71Ad1FcumiuTVMBousZ2w,33066,33066,exact_public,collected,https://x.com/CidobBarcelona,22383,"22,383",exact_public,collected,https://es.linkedin.com/company/cidobbarcelona,8412,8412,exact_public,collected,https://www.instagram.com/cidobbarcelona,11500,"11,500",exact_public,collected,https://www.facebook.com/CidobBarcelona,2026-09-23T07:45:30.505Z
2026-09-23_06-39-09-015,2026-09-23,Climate Policy Initiative,https://www.climatepolicyinitiative.org,,,,count_not_found,https://www.youtube.com/channel/UCE8V0iDgBU8mreZdBegVCcA,13799,13799,exact_public,collected,https://x.com/climatepolicy,,,,count_not_found,https://www.linkedin.com/uas/login?session_redirect=%2Fcompany%2F1647140,,,,count_not_found,https://www.instagram.com/climate.policy/,,,,,,2026-09-23T06:39:21.120Z
2026-09-23_06-40-20-315,2026-09-23,Climate Policy Initiative,https://www.climatepolicyinitiative.org,1870,1.87K,rounded_public,collected,https://www.youtube.com/channel/UCE8V0iDgBU8mreZdBegVCcA,,,,,,,,,,,,,,,,,,,,,2026-09-23T06:42:05.091Z
2026-09-23_06-47-02-001,2026-09-23,Climate Policy Initiative,https://www.climatepolicyinitiative.org,,,,,,,,,,,,,,count_not_found,https://www.linkedin.com/uas/login?session_redirect=%2Fcompany%2F1647140,,,,,,,,,,,2026-09-23T06:47:15.840Z
2026-09-23_06-54-19-052,2026-09-23,Climate Policy Initiative,https://www.climatepolicyinitiative.org,,,,,,,,,,,,,,,,2290,2290,exact_public,collected,https://www.instagram.com/climate.policy/,,,,,,2026-09-23T06:56:41.239Z
2026-09-23_07-20-16-776,2026-09-23,Climate Policy Initiative,https://www.climatepolicyinitiative.org,,,,count_not_found,https://www.youtube.com/channel/UCE8V0iDgBU8mreZdBegVCcA,13799,13799,exact_public,collected,https://x.com/climatepolicy,,,,count_not_found,https://www.linkedin.com/uas/login?session_redirect=%2Fcompany%2F1647140,,,,count_not_found,https://www.instagram.com/climate.policy/,,,,,,2026-09-23T07:20:28.210Z
2026-09-23_07-21-36-963,2026-09-23,Climate Policy Initiative,https://www.climatepolicyinitiative.org,,,,count_not_found,https://www.youtube.com/channel/UCE8V0iDgBU8mreZdBegVCcA,13799,13799,exact_public,collected,https://x.com/climatepolicy,,,,count_not_found,https://www.linkedin.com/uas/login?session_redirect=%2Fcompany%2F1647140,,,,count_not_found,https://www.instagram.com/climate.policy/,,,,,,2026-09-23T07:21:48.381Z
2026-09-23_07-27-56-877,2026-09-23,Climate Policy Initiative,https://www.climatepolicyinitiative.org,1870,1.87K,rounded_public,collected,https://www.youtube.com/channel/UCE8V0iDgBU8mreZdBegVCcA,13799,13799,exact_public,collected,https://x.com/climatepolicy,,,,count_not_found,https://www.linkedin.com/login/?session_redirect=%2Fcompany%2F1647140,2290,2290,exact_public,collected,https://www.instagram.com/climate.policy/,,,,,,2026-09-23T07:33:46.676Z
2026-09-23_06-39-09-015,2026-09-23,"Council on Energy, Environment and Water",https://www.ceew.in,,,,count_not_found,https://www.youtube.com/channel/UCNF-vGnm1jdA_jhrIpk84Tg,18144,18144,exact_public,collected,https://x.com/CEEWIndia,156714,"156,714",exact_public,collected,https://www.linkedin.com/company/council-on-energy-environment-and-water,,,,count_not_found,https://www.instagram.com/ceewindia/,,,,failed,https://www.facebook.com/CEEWIndia/,2026-09-23T06:39:21.192Z
2026-09-23_06-40-20-315,2026-09-23,"Council on Energy, Environment and Water",https://www.ceew.in,3710,3.71K,rounded_public,collected,https://www.youtube.com/channel/UCNF-vGnm1jdA_jhrIpk84Tg,,,,,,,,,,,,,,,,,,,,,2026-09-23T06:42:16.392Z
2026-09-23_06-47-02-001,2026-09-23,"Council on Energy, Environment and Water",https://www.ceew.in,,,,,,,,,,,156714,"156,714",exact_public,collected,https://www.linkedin.com/company/council-on-energy-environment-and-water,,,,,,,,,,,2026-09-23T06:47:16.409Z
2026-09-23_06-48-06-830,2026-09-23,"Council on Energy, Environment and Water",https://www.ceew.in,,,,,,,,,,,,,,,,,,,,,4366,"4,366",exact_public,collected,https://www.facebook.com/CEEWIndia/,2026-09-23T06:49:42.596Z
2026-09-23_06-54-19-052,2026-09-23,"Council on Energy, Environment and Water",https://www.ceew.in,,,,,,,,,,,,,,,,9413,9413,exact_public,collected,https://www.instagram.com/ceewindia/,,,,,,2026-09-23T06:56:51.050Z
2026-09-23_07-20-16-776,2026-09-23,"Council on Energy, Environment and Water",https://www.ceew.in,,,,count_not_found,https://www.youtube.com/channel/UCNF-vGnm1jdA_jhrIpk84Tg,18144,18144,exact_public,collected,https://x.com/CEEWIndia,156715,"156,715",exact_public,collected,https://www.linkedin.com/company/council-on-energy-environment-and-water,,,,count_not_found,https://www.instagram.com/ceewindia/,,,,failed,https://www.facebook.com/CEEWIndia/,2026-09-23T07:20:28.420Z
2026-09-23_07-21-36-963,2026-09-23,"Council on Energy, Environment and Water",https://www.ceew.in,,,,count_not_found,https://www.youtube.com/channel/UCNF-vGnm1jdA_jhrIpk84Tg,18144,18144,exact_public,collected,https://x.com/CEEWIndia,156715,"156,715",exact_public,collected,https://www.linkedin.com/company/council-on-energy-environment-and-water,,,,count_not_found,https://www.instagram.com/ceewindia/,,,,failed,https://www.facebook.com/CEEWIndia/,2026-09-23T07:21:48.486Z
2026-09-23_07-27-56-877,2026-09-23,"Council on Energy, Environment and Water",https://www.ceew.in,3710,3.71K,rounded_public,collected,https://www.youtube.com/channel/UCNF-vGnm1jdA_jhrIpk84Tg,18144,18144,exact_public,collected,https://x.com/CEEWIndia,156716,"156,716",exact_public,collected,https://www.linkedin.com/company/council-on-energy-environment-and-water,9413,9413,exact_public,collected,https://www.instagram.com/ceewindia/,4366,"4,366",exact_public,collected,https://www.facebook.com/CEEWIndia/,2026-09-23T07:34:02.847Z
2026-09-23_06-39-09-015,2026-09-23,CSIS (Center for Strategic and International Studies),https://www.csis.org,,,,count_not_found,https://www.youtube.com/user/csisdc,438321,438321,exact_public,collected,https://x.com/csis,395450,"395,450",exact_public,collected,https://www.linkedin.com/company/csis,,,,count_not_found,https://www.instagram.com/csis,,,,failed,https://www.facebook.com/CSIS.org,2026-09-23T06:39:21.320Z
2026-09-23_06-40-20-315,2026-09-23,CSIS (Center for Strategic and International Studies),https://www.csis.org,405000,405K,rounded_public,collected,https://www.youtube.com/user/csisdc,,,,,,,,,,,,,,,,,,,,,2026-09-23T06:42:19.278Z
2026-09-23_06-47-02-001,2026-09-23,CSIS (Center for Strategic and International Studies),https://www.csis.org,,,,,,,,,,,395451,"395,451",exact_public,collected,https://www.linkedin.com/company/csis,,,,,,,,,,,2026-09-23T06:47:17.117Z
2026-09-23_06-48-06-830,2026-09-23,CSIS (Center for Strategic and International Studies),https://www.csis.org,,,,,,,,,,,,,,,,,,,,,552093,"552,093",exact_public,collected,https://www.facebook.com/CSIS.org,2026-09-23T06:49:45.891Z
2026-09-23_06-54-19-052,2026-09-23,CSIS (Center for Strategic and International Studies),https://www.csis.org,,,,,,,,,,,,,,,,148392,148392,exact_public,collected,https://www.instagram.com/csis,,,,,,2026-09-23T06:56:53.207Z
2026-09-23_07-20-16-776,2026-09-23,CSIS (Center for Strategic and International Studies),https://www.csis.org,,,,count_not_found,https://www.youtube.com/user/csisdc,438326,438326,exact_public,collected,https://x.com/csis,395452,"395,452",exact_public,collected,https://www.linkedin.com/company/csis,,,,count_not_found,https://www.instagram.com/csis,,,,failed,https://www.facebook.com/CSIS.org,2026-09-23T07:20:28.603Z
2026-09-23_07-21-36-963,2026-09-23,CSIS (Center for Strategic and International Studies),https://www.csis.org,,,,count_not_found,https://www.youtube.com/user/csisdc,438326,438326,exact_public,collected,https://x.com/csis,395452,"395,452",exact_public,collected,https://www.linkedin.com/company/csis,,,,count_not_found,https://www.instagram.com/csis,,,,failed,https://www.facebook.com/CSIS.org,2026-09-23T07:21:48.991Z
2026-09-23_07-27-56-877,2026-09-23,CSIS (Center for Strategic and International Studies),https://www.csis.org,405000,405K,rounded_public,collected,https://www.youtube.com/user/csisdc,438327,438327,exact_public,collected,https://x.com/csis,395453,"395,453",exact_public,collected,https://www.linkedin.com/company/csis,148394,148394,exact_public,collected,https://www.instagram.com/csis,552095,"552,095",exact_public,collected,https://www.facebook.com/CSIS.org,2026-09-23T07:34:19.150Z
2026-09-23_06-39-09-015,2026-09-23,CUTS International,https://cuts-international.org,,,,count_not_found,https://www.youtube.com/channel/UCMAhUM4KWSlLdT45TnuXSXg,153,153,exact_public,collected,https://x.com/CUTS_Inter,7458,"7,458",exact_public,collected,https://www.linkedin.com/company/cuts-international,,,,count_not_found,https://www.instagram.com/cutsint,,,,failed,https://www.facebook.com/cutsjaipur,2026-09-23T06:39:22.571Z
2026-09-23_06-40-20-315,2026-09-23,CUTS International,https://cuts-international.org,1110,1.11K,rounded_public,collected,https://www.youtube.com/channel/UCMAhUM4KWSlLdT45TnuXSXg,,,,,,,,,,,,,,,,,,,,,2026-09-23T06:42:22.059Z
2026-09-23_06-47-02-001,2026-09-23,CUTS International,https://cuts-international.org,,,,,,,,,,,7458,"7,458",exact_public,collected,https://www.linkedin.com/company/cuts-international,,,,,,,,,,,2026-09-23T06:47:18.044Z
2026-09-23_06-48-06-830,2026-09-23,CUTS International,https://cuts-international.org,,,,,,,,,,,,,,,,,,,,,1425,"1,425",exact_public,collected,https://www.facebook.com/cutsjaipur,2026-09-23T06:49:53.020Z
2026-09-23_06-54-19-052,2026-09-23,CUTS International,https://cuts-international.org,,,,,,,,,,,,,,,,166,166,exact_public,collected,https://www.instagram.com/cutsint,,,,,,2026-09-23T06:57:02.827Z
2026-09-23_07-20-16-776,2026-09-23,CUTS International,https://cuts-international.org,,,,count_not_found,https://www.youtube.com/channel/UCMAhUM4KWSlLdT45TnuXSXg,153,153,exact_public,collected,https://x.com/CUTS_Inter,7458,"7,458",exact_public,collected,https://www.linkedin.com/company/cuts-international,,,,count_not_found,https://www.instagram.com/cutsint,,,,failed,https://www.facebook.com/cutsjaipur,2026-09-23T07:20:29.673Z
2026-09-23_07-21-36-963,2026-09-23,CUTS International,https://cuts-international.org,,,,count_not_found,https://www.youtube.com/channel/UCMAhUM4KWSlLdT45TnuXSXg,153,153,exact_public,collected,https://x.com/CUTS_Inter,7458,"7,458",exact_public,collected,https://www.linkedin.com/company/cuts-international,,,,count_not_found,https://www.instagram.com/cutsint,,,,failed,https://www.facebook.com/cutsjaipur,2026-09-23T07:21:49.600Z
2026-09-23_07-27-56-877,2026-09-23,CUTS International,https://cuts-international.org,1110,1.11K,rounded_public,collected,https://www.youtube.com/channel/UCMAhUM4KWSlLdT45TnuXSXg,153,153,exact_public,collected,https://x.com/CUTS_Inter,7458,"7,458",exact_public,collected,https://www.linkedin.com/company/cuts-international,166,166,exact_public,collected,https://www.instagram.com/cutsint,1425,"1,425",exact_public,collected,https://www.facebook.com/cutsjaipur,2026-09-23T07:34:29.381Z
2026-09-23_06-39-09-015,2026-09-23,Delhi Policy Group,https://www.delhipolicygroup.org,,,,count_not_found,https://www.youtube.com/@dpg_org,5309,5309,exact_public,collected,https://x.com/DPG_ORG,3401,"3,401",exact_public,collected,https://www.linkedin.com/company/delhi-policy-group,,,,count_not_found,https://www.instagram.com/dpg_org,,,,failed,https://www.facebook.com/DelhiPolicyGroup,2026-09-23T06:39:22.724Z
2026-09-23_06-40-20-315,2026-09-23,Delhi Policy Group,https://www.delhipolicygroup.org,211,211,exact_public,collected,https://www.youtube.com/@dpg_org,,,,,,,,,,,,,,,,,,,,,2026-09-23T06:42:23.804Z
2026-09-23_06-47-02-001,2026-09-23,Delhi Policy Group,https://www.delhipolicygroup.org,,,,,,,,,,,3401,"3,401",exact_public,collected,https://www.linkedin.com/company/delhi-policy-group,,,,,,,,,,,2026-09-23T06:47:18.699Z
2026-09-23_06-48-06-830,2026-09-23,Delhi Policy Group,https://www.delhipolicygroup.org,,,,,,,,,,,,,,,,,,,,,5793,"5,793",exact_public,collected,https://www.facebook.com/DelhiPolicyGroup,2026-09-23T06:49:55.923Z
2026-09-23_06-54-19-052,2026-09-23,Delhi Policy Group,https://www.delhipolicygroup.org,,,,,,,,,,,,,,,,856,856,exact_public,collected,https://www.instagram.com/dpg_org,,,,,,2026-09-23T06:57:05.012Z
2026-09-23_07-20-16-776,2026-09-23,Delhi Policy Group,https://www.delhipolicygroup.org,,,,count_not_found,https://www.youtube.com/@dpg_org,5309,5309,exact_public,collected,https://x.com/DPG_ORG,3401,"3,401",exact_public,collected,https://www.linkedin.com/company/delhi-policy-group,,,,count_not_found,https://www.instagram.com/dpg_org,,,,failed,https://www.facebook.com/DelhiPolicyGroup,2026-09-23T07:20:29.687Z
2026-09-23_07-21-36-963,2026-09-23,Delhi Policy Group,https://www.delhipolicygroup.org,,,,count_not_found,https://www.youtube.com/@dpg_org,5309,5309,exact_public,collected,https://x.com/DPG_ORG,3401,"3,401",exact_public,collected,https://www.linkedin.com/company/delhi-policy-group,,,,count_not_found,https://www.instagram.com/dpg_org,,,,failed,https://www.facebook.com/DelhiPolicyGroup,2026-09-23T07:21:50.165Z
2026-09-23_07-27-56-877,2026-09-23,Delhi Policy Group,https://www.delhipolicygroup.org,211,211,exact_public,collected,https://www.youtube.com/@dpg_org,5309,5309,exact_public,collected,https://x.com/DPG_ORG,3401,"3,401",exact_public,collected,https://www.linkedin.com/company/delhi-policy-group,856,856,exact_public,collected,https://www.instagram.com/dpg_org,5793,"5,793",exact_public,collected,https://www.facebook.com/DelhiPolicyGroup,2026-09-23T07:34:44.367Z
2026-09-23_06-39-09-015,2026-09-23,Development Alternatives,https://www.devalt.org,,,,count_not_found,https://www.youtube.com/user/DevaltDelhi,1476,1476,exact_public,collected,https://x.com/DAperspectives,33099,"33,099",exact_public,collected,https://www.linkedin.com/company/development-alternatives,,,,count_not_found,https://www.instagram.com/developmentalternatives,,,,failed,https://www.facebook.com/DevaltOfficial,2026-09-23T06:39:22.765Z
2026-09-23_06-40-20-315,2026-09-23,Development Alternatives,https://www.devalt.org,10400,10.4K,rounded_public,collected,https://www.youtube.com/user/DevaltDelhi,,,,,,,,,,,,,,,,,,,,,2026-09-23T06:42:26.738Z
2026-09-23_06-47-02-001,2026-09-23,Development Alternatives,https://www.devalt.org,,,,,,,,,,,33099,"33,099",exact_public,collected,https://www.linkedin.com/company/development-alternatives,,,,,,,,,,,2026-09-23T06:47:19.042Z
2026-09-23_06-48-06-830,2026-09-23,Development Alternatives,https://www.devalt.org,,,,,,,,,,,,,,,,,,,,,11356,"11,356",exact_public,collected,https://www.facebook.com/DevaltOfficial,2026-09-23T06:49:59.216Z
2026-09-23_06-54-19-052,2026-09-23,Development Alternatives,https://www.devalt.org,,,,,,,,,,,,,,,,2592,2592,exact_public,collected,https://www.instagram.com/developmentalternatives,,,,,,2026-09-23T06:57:15.435Z
2026-09-23_07-20-16-776,2026-09-23,Development Alternatives,https://www.devalt.org,,,,count_not_found,https://www.youtube.com/user/DevaltDelhi,1476,1476,exact_public,collected,https://x.com/DAperspectives,33099,"33,099",exact_public,collected,https://www.linkedin.com/company/development-alternatives,,,,count_not_found,https://www.instagram.com/developmentalternatives,,,,failed,https://www.facebook.com/DevaltOfficial,2026-09-23T07:20:29.952Z
2026-09-23_07-21-36-963,2026-09-23,Development Alternatives,https://www.devalt.org,,,,count_not_found,https://www.youtube.com/user/DevaltDelhi,1476,1476,exact_public,collected,https://x.com/DAperspectives,33099,"33,099",exact_public,collected,https://www.linkedin.com/company/development-alternatives,,,,count_not_found,https://www.instagram.com/developmentalternatives,,,,failed,https://www.facebook.com/DevaltOfficial,2026-09-23T07:21:50.222Z
2026-09-23_07-27-56-877,2026-09-23,Development Alternatives,https://www.devalt.org,10400,10.4K,rounded_public,collected,https://www.youtube.com/user/DevaltDelhi,1476,1476,exact_public,collected,https://x.com/DAperspectives,33100,"33,100",exact_public,collected,https://www.linkedin.com/company/development-alternatives,2592,2592,exact_public,collected,https://www.instagram.com/developmentalternatives,11355,"11,355",exact_public,collected,https://www.facebook.com/DevaltOfficial,2026-09-23T07:34:56.152Z
2026-09-23_06-38-42-591,2026-09-23,DGAP,https://dgap.org,,,,count_not_found,https://www.youtube.com/user/DGAPeV,,,,failed,https://x.com/dgapev,50402,"50,402",exact_public,collected,https://www.linkedin.com/company/german-council-on-foreign-relations,,,,count_not_found,https://www.instagram.com/dgapev,,,,failed,https://www.facebook.com/dgapev,2026-09-23T06:38:44.606Z
2026-09-23_06-39-09-015,2026-09-23,DGAP,https://dgap.org,,,,count_not_found,https://www.youtube.com/user/DGAPeV,25331,25331,exact_public,collected,https://x.com/dgapev,50402,"50,402",exact_public,collected,https://www.linkedin.com/company/german-council-on-foreign-relations,,,,count_not_found,https://www.instagram.com/dgapev,,,,failed,https://www.facebook.com/dgapev,2026-09-23T06:39:45.797Z
2026-09-23_06-40-20-315,2026-09-23,DGAP,https://dgap.org,8130,8.13K,rounded_public,collected,https://www.youtube.com/user/DGAPeV,,,,,,,,,,,,,,,,,,,,,2026-09-23T06:45:48.216Z
2026-09-23_06-47-02-001,2026-09-23,DGAP,https://dgap.org,,,,,,,,,,,50402,"50,402",exact_public,collected,https://www.linkedin.com/company/german-council-on-foreign-relations,,,,,,,,,,,2026-09-23T06:47:47.600Z
2026-09-23_06-48-06-830,2026-09-23,DGAP,https://dgap.org,,,,,,,,,,,,,,,,,,,,,6181,"6,181",exact_public,collected,https://www.facebook.com/dgapev,2026-09-23T06:53:12.815Z
2026-09-23_06-54-19-052,2026-09-23,DGAP,https://dgap.org,,,,,,,,,,,,,,,,5685,5685,exact_public,collected,https://www.instagram.com/dgapev,,,,,,2026-09-23T07:00:46.571Z
2026-09-23_07-20-16-776,2026-09-23,DGAP,https://dgap.org,,,,count_not_found,https://www.youtube.com/user/DGAPeV,25331,25331,exact_public,collected,https://x.com/dgapev,50403,"50,403",exact_public,collected,https://www.linkedin.com/company/german-council-on-foreign-relations,,,,count_not_found,https://www.instagram.com/dgapev,,,,failed,https://www.facebook.com/dgapev,2026-09-23T07:20:52.758Z
2026-09-23_07-21-36-963,2026-09-23,DGAP,https://dgap.org,,,,count_not_found,https://www.youtube.com/user/DGAPeV,25331,25331,exact_public,collected,https://x.com/dgapev,,,,failed,https://www.linkedin.com/company/german-council-on-foreign-relations,,,,count_not_found,https://www.instagram.com/dgapev,,,,failed,https://www.facebook.com/dgapev,2026-09-23T07:22:12.520Z
2026-09-23_07-27-56-877,2026-09-23,DGAP,https://dgap.org,8130,8.13K,rounded_public,collected,https://www.youtube.com/user/DGAPeV,25331,25331,exact_public,collected,https://x.com/dgapev,50404,"50,404",exact_public,collected,https://www.linkedin.com/company/german-council-on-foreign-relations,5685,5685,exact_public,collected,https://www.instagram.com/dgapev,6181,"6,181",exact_public,collected,https://www.facebook.com/dgapev,2026-09-23T07:44:30.650Z
2026-09-23_06-39-09-015,2026-09-23,DIIS (Danish Institute for International Studies),https://www.diis.dk/en,,,,count_not_found,https://www.youtube.com/@DIISpublish,,,,,,24185,"24,185",exact_public,collected,https://www.linkedin.com/company/danish-institute-for-international-studies,,,,,,,,,,,2026-09-23T06:39:14.793Z
2026-09-23_06-40-20-315,2026-09-23,DIIS (Danish Institute for International Studies),https://www.diis.dk/en,1920,1.92K,rounded_public,collected,https://www.youtube.com/@DIISpublish,,,,,,,,,,,,,,,,,,,,,2026-09-23T06:42:28.976Z
2026-09-23_06-47-02-001,2026-09-23,DIIS (Danish Institute for International Studies),https://www.diis.dk/en,,,,,,,,,,,24185,"24,185",exact_public,collected,https://www.linkedin.com/company/danish-institute-for-international-studies,,,,,,,,,,,2026-09-23T06:47:19.488Z
2026-09-23_07-20-16-776,2026-09-23,DIIS (Danish Institute for International Studies),https://www.diis.dk/en,,,,count_not_found,https://www.youtube.com/@DIISpublish,,,,,,24186,"24,186",exact_public,collected,https://www.linkedin.com/company/danish-institute-for-international-studies,,,,,,,,,,,2026-09-23T07:20:21.957Z
2026-09-23_07-21-36-963,2026-09-23,DIIS (Danish Institute for International Studies),https://www.diis.dk/en,,,,count_not_found,https://www.youtube.com/@DIISpublish,,,,,,24186,"24,186",exact_public,collected,https://www.linkedin.com/company/danish-institute-for-international-studies,,,,,,,,,,,2026-09-23T07:21:42.897Z
2026-09-23_07-27-56-877,2026-09-23,DIIS (Danish Institute for International Studies),https://www.diis.dk/en,1920,1.92K,rounded_public,collected,https://www.youtube.com/@DIISpublish,,,,,,24186,"24,186",exact_public,collected,https://www.linkedin.com/company/danish-institute-for-international-studies,,,,,,,,,,,2026-09-23T07:35:04.106Z
2026-09-23_06-39-09-015,2026-09-23,East Asia Institute,https://www.eai.or.kr/main/english/,,,,,,,,,,,1537,"1,537",exact_public,collected,https://www.linkedin.com/company/east-asia-institute,,,,,,,,,,,2026-09-23T06:39:14.910Z
2026-09-23_06-47-02-001,2026-09-23,East Asia Institute,https://www.eai.or.kr/main/english/,,,,,,,,,,,1537,"1,537",exact_public,collected,https://www.linkedin.com/company/east-asia-institute,,,,,,,,,,,2026-09-23T06:47:19.977Z
2026-09-23_07-20-16-776,2026-09-23,East Asia Institute,https://www.eai.or.kr/main/english/,,,,,,,,,,,1537,"1,537",exact_public,collected,https://www.linkedin.com/company/east-asia-institute,,,,,,,,,,,2026-09-23T07:20:22.172Z
2026-09-23_07-21-36-963,2026-09-23,East Asia Institute,https://www.eai.or.kr/main/english/,,,,,,,,,,,1537,"1,537",exact_public,collected,https://www.linkedin.com/company/east-asia-institute,,,,,,,,,,,2026-09-23T07:21:43.044Z
2026-09-23_07-27-56-877,2026-09-23,East Asia Institute,https://www.eai.or.kr/main/english/,,,,,,,,,,,1537,"1,537",exact_public,collected,https://www.linkedin.com/company/east-asia-institute,,,,,,,,,,,2026-09-23T07:35:05.029Z
2026-09-23_06-39-09-015,2026-09-23,ECFR,https://ecfr.eu,,,,count_not_found,https://www.youtube.com/c/ECFRTV,107207,107207,exact_public,collected,https://x.com/ecfr,169210,"169,210",exact_public,collected,https://www.linkedin.com/company/european-council-on-foreign-relations,,,,count_not_found,https://www.instagram.com/ecfr.eu,,,,,,2026-09-23T06:39:23.786Z
2026-09-23_06-40-20-315,2026-09-23,ECFR,https://ecfr.eu,5220,5.22K,rounded_public,collected,https://www.youtube.com/c/ECFRTV,,,,,,,,,,,,,,,,,,,,,2026-09-23T06:42:33.021Z
2026-09-23_06-47-02-001,2026-09-23,ECFR,https://ecfr.eu,,,,,,,,,,,169210,"169,210",exact_public,collected,https://www.linkedin.com/company/european-council-on-foreign-relations,,,,,,,,,,,2026-09-23T06:47:20.319Z
2026-09-23_06-54-19-052,2026-09-23,ECFR,https://ecfr.eu,,,,,,,,,,,,,,,,4273,4273,exact_public,collected,https://www.instagram.com/ecfr.eu,,,,,,2026-09-23T06:57:17.949Z
2026-09-23_07-20-16-776,2026-09-23,ECFR,https://ecfr.eu,,,,count_not_found,https://www.youtube.com/c/ECFRTV,107209,107209,exact_public,collected,https://x.com/ecfr,169211,"169,211",exact_public,collected,https://www.linkedin.com/company/european-council-on-foreign-relations,,,,count_not_found,https://www.instagram.com/ecfr.eu,,,,,,2026-09-23T07:20:30.904Z
2026-09-23_07-21-36-963,2026-09-23,ECFR,https://ecfr.eu,,,,count_not_found,https://www.youtube.com/c/ECFRTV,107209,107209,exact_public,collected,https://x.com/ecfr,169211,"169,211",exact_public,collected,https://www.linkedin.com/company/european-council-on-foreign-relations,,,,count_not_found,https://www.instagram.com/ecfr.eu,,,,,,2026-09-23T07:21:50.644Z
2026-09-23_07-27-56-877,2026-09-23,ECFR,https://ecfr.eu,5220,5.22K,rounded_public,collected,https://www.youtube.com/c/ECFRTV,107209,107209,exact_public,collected,https://x.com/ecfr,169211,"169,211",exact_public,collected,https://www.linkedin.com/company/european-council-on-foreign-relations,4274,4274,exact_public,collected,https://www.instagram.com/ecfr.eu,,,,,,2026-09-23T07:35:11.409Z
2026-09-23_06-39-09-015,2026-09-23,Foreign Policy Research Institute,https://www.fpri.org,,,,count_not_found,https://www.youtube.com/channel/UCYB1ercr0h50goIy2yEMvIA,33979,33979,exact_public,collected,https://x.com/fpri,61818,"61,818",exact_public,collected,https://www.linkedin.com/company/foreign-policy-research-institute,,,,,,,,,failed,https://www.facebook.com/FPRInews/,2026-09-23T06:39:23.907Z
2026-09-23_06-40-20-315,2026-09-23,Foreign Policy Research Institute,https://www.fpri.org,46600,46.6K,rounded_public,collected,https://www.youtube.com/channel/UCYB1ercr0h50goIy2yEMvIA,,,,,,,,,,,,,,,,,,,,,2026-09-23T06:42:36.003Z
2026-09-23_06-47-02-001,2026-09-23,Foreign Policy Research Institute,https://www.fpri.org,,,,,,,,,,,61818,"61,818",exact_public,collected,https://www.linkedin.com/company/foreign-policy-research-institute,,,,,,,,,,,2026-09-23T06:47:20.858Z
2026-09-23_06-48-06-830,2026-09-23,Foreign Policy Research Institute,https://www.fpri.org,,,,,,,,,,,,,,,,,,,,,225390,"225,390",exact_public,collected,https://www.facebook.com/FPRInews/,2026-09-23T06:50:06.005Z
2026-09-23_07-20-16-776,2026-09-23,Foreign Policy Research Institute,https://www.fpri.org,,,,count_not_found,https://www.youtube.com/channel/UCYB1ercr0h50goIy2yEMvIA,33980,33980,exact_public,collected,https://x.com/fpri,61819,"61,819",exact_public,collected,https://www.linkedin.com/company/foreign-policy-research-institute,,,,,,,,,failed,https://www.facebook.com/FPRInews/,2026-09-23T07:20:31.101Z
2026-09-23_07-21-36-963,2026-09-23,Foreign Policy Research Institute,https://www.fpri.org,,,,count_not_found,https://www.youtube.com/channel/UCYB1ercr0h50goIy2yEMvIA,33980,33980,exact_public,collected,https://x.com/fpri,61819,"61,819",exact_public,collected,https://www.linkedin.com/company/foreign-policy-research-institute,,,,,,,,,failed,https://www.facebook.com/FPRInews/,2026-09-23T07:21:51.221Z
2026-09-23_07-27-56-877,2026-09-23,Foreign Policy Research Institute,https://www.fpri.org,46600,46.6K,rounded_public,collected,https://www.youtube.com/channel/UCYB1ercr0h50goIy2yEMvIA,33979,33979,exact_public,collected,https://x.com/fpri,61819,"61,819",exact_public,collected,https://www.linkedin.com/company/foreign-policy-research-institute,,,,,,225389,"225,389",exact_public,collected,https://www.facebook.com/FPRInews/,2026-09-23T07:35:21.003Z
2026-09-23_06-39-09-015,2026-09-23,Foundation for Defense of Democracies,https://www.fdd.org,,,,count_not_found,https://www.youtube.com/c/FoundationforDefenseofDemocracies-FDD,95247,95247,exact_public,collected,https://x.com/fdd,18561,"18,561",exact_public,collected,https://www.linkedin.com/company/foundation-for-defense-of-democracies,,,,count_not_found,https://www.instagram.com/fdd_org,,,,failed,https://www.facebook.com/followFDD,2026-09-23T06:39:24.022Z
2026-09-23_06-40-20-315,2026-09-23,Foundation for Defense of Democracies,https://www.fdd.org,52100,52.1K,rounded_public,collected,https://www.youtube.com/c/FoundationforDefenseofDemocracies-FDD,,,,,,,,,,,,,,,,,,,,,2026-09-23T06:42:44.719Z
2026-09-23_06-47-02-001,2026-09-23,Foundation for Defense of Democracies,https://www.fdd.org,,,,,,,,,,,18560,"18,560",exact_public,collected,https://www.linkedin.com/company/foundation-for-defense-of-democracies,,,,,,,,,,,2026-09-23T06:47:21.164Z
2026-09-23_06-48-06-830,2026-09-23,Foundation for Defense of Democracies,https://www.fdd.org,,,,,,,,,,,,,,,,,,,,,21722,"21,722",exact_public,collected,https://www.facebook.com/followFDD,2026-09-23T06:50:09.511Z
2026-09-23_06-54-19-052,2026-09-23,Foundation for Defense of Democracies,https://www.fdd.org,,,,,,,,,,,,,,,,11382,11382,exact_public,collected,https://www.instagram.com/fdd_org,,,,,,2026-09-23T06:57:27.043Z
2026-09-23_07-20-16-776,2026-09-23,Foundation for Defense of Democracies,https://www.fdd.org,,,,count_not_found,https://www.youtube.com/c/FoundationforDefenseofDemocracies-FDD,95246,95246,exact_public,collected,https://x.com/fdd,18560,"18,560",exact_public,collected,https://www.linkedin.com/company/foundation-for-defense-of-democracies,,,,count_not_found,https://www.instagram.com/fdd_org,,,,failed,https://www.facebook.com/followFDD,2026-09-23T07:20:31.252Z
2026-09-23_07-21-36-963,2026-09-23,Foundation for Defense of Democracies,https://www.fdd.org,,,,count_not_found,https://www.youtube.com/c/FoundationforDefenseofDemocracies-FDD,95246,95246,exact_public,collected,https://x.com/fdd,18560,"18,560",exact_public,collected,https://www.linkedin.com/company/foundation-for-defense-of-democracies,,,,count_not_found,https://www.instagram.com/fdd_org,,,,failed,https://www.facebook.com/followFDD,2026-09-23T07:21:51.264Z
2026-09-23_07-27-56-877,2026-09-23,Foundation for Defense of Democracies,https://www.fdd.org,52100,52.1K,rounded_public,collected,https://www.youtube.com/c/FoundationforDefenseofDemocracies-FDD,95246,95246,exact_public,collected,https://x.com/fdd,18560,"18,560",exact_public,collected,https://www.linkedin.com/company/foundation-for-defense-of-democracies,11383,11383,exact_public,collected,https://www.instagram.com/fdd_org,21722,"21,722",exact_public,collected,https://www.facebook.com/followFDD,2026-09-23T07:35:39.810Z
2026-09-23_06-39-09-015,2026-09-23,Gateway House: Indian Council on Global Relations,https://www.gatewayhouse.in,,,,count_not_found,https://www.youtube.com/channel/UCRIjNjS_T48odMrxTylxIxg,10223,10223,exact_public,collected,https://x.com/gatewayhouseind,16781,"16,781",exact_public,collected,https://www.linkedin.com/company/gateway-house-indian-council-of-global-relations,,,,count_not_found,https://www.instagram.com/gatewayhouse.in/,,,,,,2026-09-23T06:39:25.176Z
2026-09-23_06-40-20-315,2026-09-23,Gateway House: Indian Council on Global Relations,https://www.gatewayhouse.in,5130,5.13K,rounded_public,collected,https://www.youtube.com/channel/UCRIjNjS_T48odMrxTylxIxg,,,,,,,,,,,,,,,,,,,,,2026-09-23T06:42:54.014Z
2026-09-23_06-47-02-001,2026-09-23,Gateway House: Indian Council on Global Relations,https://www.gatewayhouse.in,,,,,,,,,,,16781,"16,781",exact_public,collected,https://www.linkedin.com/company/gateway-house-indian-council-of-global-relations,,,,,,,,,,,2026-09-23T06:47:21.764Z
2026-09-23_06-54-19-052,2026-09-23,Gateway House: Indian Council on Global Relations,https://www.gatewayhouse.in,,,,,,,,,,,,,,,,1432,1432,exact_public,collected,https://www.instagram.com/gatewayhouse.in/,,,,,,2026-09-23T06:57:29.478Z
2026-09-23_07-20-16-776,2026-09-23,Gateway House: Indian Council on Global Relations,https://www.gatewayhouse.in,,,,count_not_found,https://www.youtube.com/channel/UCRIjNjS_T48odMrxTylxIxg,10222,10222,exact_public,collected,https://x.com/gatewayhouseind,16781,"16,781",exact_public,collected,https://www.linkedin.com/company/gateway-house-indian-council-of-global-relations,,,,count_not_found,https://www.instagram.com/gatewayhouse.in/,,,,,,2026-09-23T07:20:32.191Z
2026-09-23_07-21-36-963,2026-09-23,Gateway House: Indian Council on Global Relations,https://www.gatewayhouse.in,,,,count_not_found,https://www.youtube.com/channel/UCRIjNjS_T48odMrxTylxIxg,10222,10222,exact_public,collected,https://x.com/gatewayhouseind,16781,"16,781",exact_public,collected,https://www.linkedin.com/company/gateway-house-indian-council-of-global-relations,,,,count_not_found,https://www.instagram.com/gatewayhouse.in/,,,,,,2026-09-23T07:21:51.923Z
2026-09-23_07-27-56-877,2026-09-23,Gateway House: Indian Council on Global Relations,https://www.gatewayhouse.in,5130,5.13K,rounded_public,collected,https://www.youtube.com/channel/UCRIjNjS_T48odMrxTylxIxg,10222,10222,exact_public,collected,https://x.com/gatewayhouseind,16781,"16,781",exact_public,collected,https://www.linkedin.com/company/gateway-house-indian-council-of-global-relations,1432,1432,exact_public,collected,https://www.instagram.com/gatewayhouse.in/,,,,,,2026-09-23T07:35:49.232Z
2026-09-23_06-38-42-591,2026-09-23,German Marshall Fund,https://www.gmfus.org,,,,count_not_found,https://www.youtube.com/channel/UCsqohhQRKZewaJmeQIOd7AQ,60171,60171,exact_public,collected,https://x.com/gmfus,56887,"56,887",exact_public,collected,https://www.linkedin.com/company/german-marshall-fund-of-the-united-states,,,,count_not_found,https://www.instagram.com/german_marshall_fund,,,,failed,https://www.facebook.com/gmfus,2026-09-23T06:38:45.987Z
2026-09-23_06-39-09-015,2026-09-23,German Marshall Fund,https://www.gmfus.org,,,,count_not_found,https://www.youtube.com/channel/UCsqohhQRKZewaJmeQIOd7AQ,60171,60171,exact_public,collected,https://x.com/gmfus,56887,"56,887",exact_public,collected,https://www.linkedin.com/company/german-marshall-fund-of-the-united-states,,,,count_not_found,https://www.instagram.com/german_marshall_fund,,,,failed,https://www.facebook.com/gmfus,2026-09-23T06:39:47.129Z
2026-09-23_06-40-20-315,2026-09-23,German Marshall Fund,https://www.gmfus.org,11000,11K,rounded_public,collected,https://www.youtube.com/channel/UCsqohhQRKZewaJmeQIOd7AQ,,,,,,,,,,,,,,,,,,,,,2026-09-23T06:46:05.248Z
2026-09-23_06-47-02-001,2026-09-23,German Marshall Fund,https://www.gmfus.org,,,,,,,,,,,56887,"56,887",exact_public,collected,https://www.linkedin.com/company/german-marshall-fund-of-the-united-states,,,,,,,,,,,2026-09-23T06:47:49.923Z
2026-09-23_06-48-06-830,2026-09-23,German Marshall Fund,https://www.gmfus.org,,,,,,,,,,,,,,,,,,,,,56386,"56,386",exact_public,collected,https://www.facebook.com/gmfus,2026-09-23T06:53:28.004Z
2026-09-23_06-54-19-052,2026-09-23,German Marshall Fund,https://www.gmfus.org,,,,,,,,,,,,,,,,9176,9176,exact_public,collected,https://www.instagram.com/german_marshall_fund,,,,,,2026-09-23T07:01:01.622Z
2026-09-23_07-20-16-776,2026-09-23,German Marshall Fund,https://www.gmfus.org,,,,count_not_found,https://www.youtube.com/channel/UCsqohhQRKZewaJmeQIOd7AQ,60171,60171,exact_public,collected,https://x.com/gmfus,,,,failed,https://www.linkedin.com/company/german-marshall-fund-of-the-united-states,,,,count_not_found,https://www.instagram.com/german_marshall_fund,,,,failed,https://www.facebook.com/gmfus,2026-09-23T07:20:54.121Z
2026-09-23_07-21-36-963,2026-09-23,German Marshall Fund,https://www.gmfus.org,,,,count_not_found,https://www.youtube.com/channel/UCsqohhQRKZewaJmeQIOd7AQ,60171,60171,exact_public,collected,https://x.com/gmfus,,,,failed,https://www.linkedin.com/company/german-marshall-fund-of-the-united-states,,,,count_not_found,https://www.instagram.com/german_marshall_fund,,,,failed,https://www.facebook.com/gmfus,2026-09-23T07:22:13.771Z
2026-09-23_07-27-56-877,2026-09-23,German Marshall Fund,https://www.gmfus.org,11000,11K,rounded_public,collected,https://www.youtube.com/channel/UCsqohhQRKZewaJmeQIOd7AQ,60171,60171,exact_public,collected,https://x.com/gmfus,56889,"56,889",exact_public,collected,https://www.linkedin.com/company/german-marshall-fund-of-the-united-states,9176,9176,exact_public,collected,https://www.instagram.com/german_marshall_fund,56387,"56,387",exact_public,collected,https://www.facebook.com/gmfus,2026-09-23T07:45:11.623Z
2026-09-23_06-39-09-015,2026-09-23,Heritage Foundation,https://www.heritage.org,,,,count_not_found,https://www.youtube.com/user/HeritageFoundation,769432,769432,exact_public,collected,https://x.com/heritage,114791,"114,791",exact_public,collected,https://www.linkedin.com/company/the-heritage-foundation,,,,count_not_found,https://www.instagram.com/heritagefoundation,,,,failed,https://www.facebook.com/heritagefoundation,2026-09-23T06:39:25.325Z
2026-09-23_06-40-20-315,2026-09-23,Heritage Foundation,https://www.heritage.org,463000,463K,rounded_public,collected,https://www.youtube.com/user/HeritageFoundation,,,,,,,,,,,,,,,,,,,,,2026-09-23T06:42:57.010Z
2026-09-23_06-47-02-001,2026-09-23,Heritage Foundation,https://www.heritage.org,,,,,,,,,,,114791,"114,791",exact_public,collected,https://www.linkedin.com/company/the-heritage-foundation,,,,,,,,,,,2026-09-23T06:47:22.239Z
2026-09-23_06-48-06-830,2026-09-23,Heritage Foundation,https://www.heritage.org,,,,,,,,,,,,,,,,,,,,,2064632,"2,064,632",exact_public,collected,https://www.facebook.com/heritagefoundation,2026-09-23T06:50:11.755Z
2026-09-23_06-54-19-052,2026-09-23,Heritage Foundation,https://www.heritage.org,,,,,,,,,,,,,,,,345987,345987,exact_public,collected,https://www.instagram.com/heritagefoundation,,,,,,2026-09-23T06:57:38.754Z
2026-09-23_07-20-16-776,2026-09-23,Heritage Foundation,https://www.heritage.org,,,,count_not_found,https://www.youtube.com/user/HeritageFoundation,769424,769424,exact_public,collected,https://x.com/heritage,114792,"114,792",exact_public,collected,https://www.linkedin.com/company/the-heritage-foundation,,,,count_not_found,https://www.instagram.com/heritagefoundation,,,,failed,https://www.facebook.com/heritagefoundation,2026-09-23T07:20:32.689Z
2026-09-23_07-21-36-963,2026-09-23,Heritage Foundation,https://www.heritage.org,,,,count_not_found,https://www.youtube.com/user/HeritageFoundation,769424,769424,exact_public,collected,https://x.com/heritage,114792,"114,792",exact_public,collected,https://www.linkedin.com/company/the-heritage-foundation,,,,count_not_found,https://www.instagram.com/heritagefoundation,,,,failed,https://www.facebook.com/heritagefoundation,2026-09-23T07:21:52.510Z
2026-09-23_07-27-56-877,2026-09-23,Heritage Foundation,https://www.heritage.org,463000,463K,rounded_public,collected,https://www.youtube.com/user/HeritageFoundation,769424,769424,exact_public,collected,https://x.com/heritage,114793,"114,793",exact_public,collected,https://www.linkedin.com/company/the-heritage-foundation,345987,345987,exact_public,collected,https://www.instagram.com/heritagefoundation,2064620,"2,064,620",exact_public,collected,https://www.facebook.com/heritagefoundation,2026-09-23T07:35:56.820Z
2026-09-23_06-39-09-015,2026-09-23,Hoover Institution,https://www.hoover.org,,,,count_not_found,https://www.youtube.com/user/HooverInstitution,198258,198258,exact_public,collected,https://x.com/HooverInst,51777,"51,777",exact_public,collected,https://www.linkedin.com/company/hoover-institution-at-stanford-university,,,,count_not_found,https://www.instagram.com/hooverinstitution,,,,failed,https://www.facebook.com/HooverInstStanford,2026-09-23T06:39:25.462Z
2026-09-23_06-40-20-315,2026-09-23,Hoover Institution,https://www.hoover.org,1210000,1.21M,rounded_public,collected,https://www.youtube.com/user/HooverInstitution,,,,,,,,,,,,,,,,,,,,,2026-09-23T06:43:00.038Z
2026-09-23_06-47-02-001,2026-09-23,Hoover Institution,https://www.hoover.org,,,,,,,,,,,51777,"51,777",exact_public,collected,https://www.linkedin.com/company/hoover-institution-at-stanford-university,,,,,,,,,,,2026-09-23T06:47:22.976Z
2026-09-23_06-48-06-830,2026-09-23,Hoover Institution,https://www.hoover.org,,,,,,,,,,,,,,,,,,,,,551385,"551,385",exact_public,collected,https://www.facebook.com/HooverInstStanford,2026-09-23T06:50:19.240Z
2026-09-23_06-54-19-052,2026-09-23,Hoover Institution,https://www.hoover.org,,,,,,,,,,,,,,,,104386,104386,exact_public,collected,https://www.instagram.com/hooverinstitution,,,,,,2026-09-23T06:57:41.046Z
2026-09-23_07-20-16-776,2026-09-23,Hoover Institution,https://www.hoover.org,,,,count_not_found,https://www.youtube.com/user/HooverInstitution,198261,198261,exact_public,collected,https://x.com/HooverInst,51777,"51,777",exact_public,collected,https://www.linkedin.com/company/hoover-institution-at-stanford-university,,,,count_not_found,https://www.instagram.com/hooverinstitution,,,,failed,https://www.facebook.com/HooverInstStanford,2026-09-23T07:20:32.708Z
2026-09-23_07-21-36-963,2026-09-23,Hoover Institution,https://www.hoover.org,,,,count_not_found,https://www.youtube.com/user/HooverInstitution,198261,198261,exact_public,collected,https://x.com/HooverInst,51777,"51,777",exact_public,collected,https://www.linkedin.com/company/hoover-institution-at-stanford-university,,,,count_not_found,https://www.instagram.com/hooverinstitution,,,,failed,https://www.facebook.com/HooverInstStanford,2026-09-23T07:21:53.082Z
2026-09-23_07-27-56-877,2026-09-23,Hoover Institution,https://www.hoover.org,1210000,1.21M,rounded_public,collected,https://www.youtube.com/user/HooverInstitution,198261,198261,exact_public,collected,https://x.com/HooverInst,51777,"51,777",exact_public,collected,https://www.linkedin.com/company/hoover-institution-at-stanford-university,104386,104386,exact_public,collected,https://www.instagram.com/hooverinstitution,551386,"551,386",exact_public,collected,https://www.facebook.com/HooverInstStanford,2026-09-23T07:36:18.306Z
2026-09-23_06-39-09-015,2026-09-23,Hudson Institute,https://www.hudson.org,,,,count_not_found,https://www.youtube.com/user/hudsoninstitute,127322,127322,exact_public,collected,https://x.com/hudsoninstitute,31249,"31,249",exact_public,collected,https://www.linkedin.com/company/hudson-institute,,,,count_not_found,https://www.instagram.com/hudsoninstitute,,,,failed,https://www.facebook.com/HudsonInstitute,2026-09-23T06:39:26.500Z
2026-09-23_06-40-20-315,2026-09-23,Hudson Institute,https://www.hudson.org,137000,137K,rounded_public,collected,https://www.youtube.com/user/hudsoninstitute,,,,,,,,,,,,,,,,,,,,,2026-09-23T06:43:05.801Z
2026-09-23_06-47-02-001,2026-09-23,Hudson Institute,https://www.hudson.org,,,,,,,,,,,31249,"31,249",exact_public,collected,https://www.linkedin.com/company/hudson-institute,,,,,,,,,,,2026-09-23T06:47:23.125Z
2026-09-23_06-48-06-830,2026-09-23,Hudson Institute,https://www.hudson.org,,,,,,,,,,,,,,,,,,,,,22504,"22,504",exact_public,collected,https://www.facebook.com/HudsonInstitute,2026-09-23T06:50:22.236Z
2026-09-23_06-54-19-052,2026-09-23,Hudson Institute,https://www.hudson.org,,,,,,,,,,,,,,,,13979,13979,exact_public,collected,https://www.instagram.com/hudsoninstitute,,,,,,2026-09-23T06:57:50.308Z
2026-09-23_07-20-16-776,2026-09-23,Hudson Institute,https://www.hudson.org,,,,count_not_found,https://www.youtube.com/user/hudsoninstitute,127322,127322,exact_public,collected,https://x.com/hudsoninstitute,31250,"31,250",exact_public,collected,https://www.linkedin.com/company/hudson-institute,,,,count_not_found,https://www.instagram.com/hudsoninstitute,,,,failed,https://www.facebook.com/HudsonInstitute,2026-09-23T07:20:33.461Z
2026-09-23_07-21-36-963,2026-09-23,Hudson Institute,https://www.hudson.org,,,,count_not_found,https://www.youtube.com/user/hudsoninstitute,127322,127322,exact_public,collected,https://x.com/hudsoninstitute,31250,"31,250",exact_public,collected,https://www.linkedin.com/company/hudson-institute,,,,count_not_found,https://www.instagram.com/hudsoninstitute,,,,failed,https://www.facebook.com/HudsonInstitute,2026-09-23T07:21:53.298Z
2026-09-23_07-27-56-877,2026-09-23,Hudson Institute,https://www.hudson.org,137000,137K,rounded_public,collected,https://www.youtube.com/user/hudsoninstitute,127322,127322,exact_public,collected,https://x.com/hudsoninstitute,31250,"31,250",exact_public,collected,https://www.linkedin.com/company/hudson-institute,13980,13980,exact_public,collected,https://www.instagram.com/hudsoninstitute,22503,"22,503",exact_public,collected,https://www.facebook.com/HudsonInstitute,2026-09-23T07:36:33.651Z
2026-09-23_06-39-09-015,2026-09-23,IAI (Istituto Affari Internazionali),https://www.iai.it/en,,,,count_not_found,https://www.youtube.com/user/IAIChannel,30129,30129,exact_public,collected,https://x.com/IAIonline,73989,"73,989",exact_public,collected,https://www.linkedin.com/company/istituto-affari-internazionali,,,,count_not_found,https://www.instagram.com/iai.insta,,,,failed,https://www.facebook.com/IAIonline,2026-09-23T06:39:26.632Z
2026-09-23_06-40-20-315,2026-09-23,IAI (Istituto Affari Internazionali),https://www.iai.it/en,2490,2.49K,rounded_public,collected,https://www.youtube.com/user/IAIChannel,,,,,,,,,,,,,,,,,,,,,2026-09-23T06:43:06.078Z
2026-09-23_06-47-02-001,2026-09-23,IAI (Istituto Affari Internazionali),https://www.iai.it/en,,,,,,,,,,,73989,"73,989",exact_public,collected,https://www.linkedin.com/company/istituto-affari-internazionali,,,,,,,,,,,2026-09-23T06:47:23.843Z
2026-09-23_06-48-06-830,2026-09-23,IAI (Istituto Affari Internazionali),https://www.iai.it/en,,,,,,,,,,,,,,,,,,,,,25408,"25,408",exact_public,collected,https://www.facebook.com/IAIonline,2026-09-23T06:50:24.420Z
2026-09-23_06-54-19-052,2026-09-23,IAI (Istituto Affari Internazionali),https://www.iai.it/en,,,,,,,,,,,,,,,,21999,21999,exact_public,collected,https://www.instagram.com/iai.insta,,,,,,2026-09-23T06:57:52.770Z
2026-09-23_07-20-16-776,2026-09-23,IAI (Istituto Affari Internazionali),https://www.iai.it/en,,,,count_not_found,https://www.youtube.com/user/IAIChannel,30129,30129,exact_public,collected,https://x.com/IAIonline,73989,"73,989",exact_public,collected,https://www.linkedin.com/company/istituto-affari-internazionali,,,,count_not_found,https://www.instagram.com/iai.insta,,,,failed,https://www.facebook.com/IAIonline,2026-09-23T07:20:33.994Z
2026-09-23_07-21-36-963,2026-09-23,IAI (Istituto Affari Internazionali),https://www.iai.it/en,,,,count_not_found,https://www.youtube.com/user/IAIChannel,30129,30129,exact_public,collected,https://x.com/IAIonline,73990,"73,990",exact_public,collected,https://www.linkedin.com/company/istituto-affari-internazionali,,,,count_not_found,https://www.instagram.com/iai.insta,,,,failed,https://www.facebook.com/IAIonline,2026-09-23T07:21:53.881Z
2026-09-23_07-27-56-877,2026-09-23,IAI (Istituto Affari Internazionali),https://www.iai.it/en,2490,2.49K,rounded_public,collected,https://www.youtube.com/user/IAIChannel,30129,30129,exact_public,collected,https://x.com/IAIonline,73990,"73,990",exact_public,collected,https://www.linkedin.com/company/istituto-affari-internazionali,21999,21999,exact_public,collected,https://www.instagram.com/iai.insta,25407,"25,407",exact_public,collected,https://www.facebook.com/IAIonline,2026-09-23T07:36:42.348Z
2026-09-23_06-39-09-015,2026-09-23,Ifri (Institut français des relations internationales),https://www.ifri.org/en,,,,count_not_found,https://www.youtube.com/channel/UCpfLNjG97sWjGSKYiveWz3w,48268,48268,exact_public,collected,https://x.com/ifri_,106800,"106,800",exact_public,collected,https://www.linkedin.com/company/ifri,,,,count_not_found,https://www.instagram.com/ifri_paris,,,,failed,https://www.facebook.com/IfriParis,2026-09-23T06:39:26.831Z
2026-09-23_06-40-20-315,2026-09-23,Ifri (Institut français des relations internationales),https://www.ifri.org/en,22100,22.1K,rounded_public,collected,https://www.youtube.com/channel/UCpfLNjG97sWjGSKYiveWz3w,,,,,,,,,,,,,,,,,,,,,2026-09-23T06:43:08.183Z
2026-09-23_06-47-02-001,2026-09-23,Ifri (Institut français des relations internationales),https://www.ifri.org/en,,,,,,,,,,,106800,"106,800",exact_public,collected,https://www.linkedin.com/company/ifri,,,,,,,,,,,2026-09-23T06:47:23.929Z
2026-09-23_06-48-06-830,2026-09-23,Ifri (Institut français des relations internationales),https://www.ifri.org/en,,,,,,,,,,,,,,,,,,,,,108317,"108,317",exact_public,collected,https://www.facebook.com/IfriParis,2026-09-23T06:50:32.247Z
2026-09-23_06-54-19-052,2026-09-23,Ifri (Institut français des relations internationales),https://www.ifri.org/en,,,,,,,,,,,,,,,,8175,8175,exact_public,collected,https://www.instagram.com/ifri_paris,,,,,,2026-09-23T06:58:02.281Z
2026-09-23_07-20-16-776,2026-09-23,Ifri (Institut français des relations internationales),https://www.ifri.org/en,,,,count_not_found,https://www.youtube.com/channel/UCpfLNjG97sWjGSKYiveWz3w,48269,48269,exact_public,collected,https://x.com/ifri_,106801,"106,801",exact_public,collected,https://www.linkedin.com/company/ifri,,,,count_not_found,https://www.instagram.com/ifri_paris,,,,failed,https://www.facebook.com/IfriParis,2026-09-23T07:20:34.092Z
2026-09-23_07-21-36-963,2026-09-23,Ifri (Institut français des relations internationales),https://www.ifri.org/en,,,,count_not_found,https://www.youtube.com/channel/UCpfLNjG97sWjGSKYiveWz3w,48269,48269,exact_public,collected,https://x.com/ifri_,106801,"106,801",exact_public,collected,https://www.linkedin.com/company/ifri,,,,count_not_found,https://www.instagram.com/ifri_paris,,,,failed,https://www.facebook.com/IfriParis,2026-09-23T07:21:54.389Z
2026-09-23_07-27-56-877,2026-09-23,Ifri (Institut français des relations internationales),https://www.ifri.org/en,22100,22.1K,rounded_public,collected,https://www.youtube.com/channel/UCpfLNjG97sWjGSKYiveWz3w,48269,48269,exact_public,collected,https://x.com/ifri_,106802,"106,802",exact_public,collected,https://www.linkedin.com/company/ifri,8175,8175,exact_public,collected,https://www.instagram.com/ifri_paris,108317,"108,317",exact_public,collected,https://www.facebook.com/IfriParis,2026-09-23T07:36:54.609Z
2026-09-23_06-38-42-591,2026-09-23,IfW Kiel,https://www.ifw-kiel.de,,,,count_not_found,https://www.youtube.com/channel/UC6KEgfpzS6ucREQj1vVr0wA,,,,failed,https://x.com/kielinstitute,28629,"28,629",exact_public,collected,https://www.linkedin.com/company/kiel-institute-for-the-world-economy,,,,,,,,,failed,https://www.facebook.com/kielinstitute,2026-09-23T06:38:44.499Z
2026-09-23_06-39-09-015,2026-09-23,IfW Kiel,https://www.ifw-kiel.de,,,,count_not_found,https://www.youtube.com/channel/UC6KEgfpzS6ucREQj1vVr0wA,19622,19622,exact_public,collected,https://x.com/kielinstitute,28629,"28,629",exact_public,collected,https://www.linkedin.com/company/kiel-institute-for-the-world-economy,,,,,,,,,failed,https://www.facebook.com/kielinstitute,2026-09-23T06:39:44.920Z
2026-09-23_06-40-20-315,2026-09-23,IfW Kiel,https://www.ifw-kiel.de,1500,1.5K,rounded_public,collected,https://www.youtube.com/channel/UC6KEgfpzS6ucREQj1vVr0wA,,,,,,,,,,,,,,,,,,,,,2026-09-23T06:45:44.204Z
2026-09-23_06-47-02-001,2026-09-23,IfW Kiel,https://www.ifw-kiel.de,,,,,,,,,,,28629,"28,629",exact_public,collected,https://www.linkedin.com/company/kiel-institute-for-the-world-economy,,,,,,,,,,,2026-09-23T06:47:47.105Z
2026-09-23_06-48-06-830,2026-09-23,IfW Kiel,https://www.ifw-kiel.de,,,,,,,,,,,,,,,,,,,,,3760,"3,760",exact_public,collected,https://www.facebook.com/kielinstitute,2026-09-23T06:53:09.907Z
2026-09-23_07-20-16-776,2026-09-23,IfW Kiel,https://www.ifw-kiel.de,,,,count_not_found,https://www.youtube.com/channel/UC6KEgfpzS6ucREQj1vVr0wA,19622,19622,exact_public,collected,https://x.com/kielinstitute,28629,"28,629",exact_public,collected,https://www.linkedin.com/company/kiel-institute-for-the-world-economy,,,,,,,,,failed,https://www.facebook.com/kielinstitute,2026-09-23T07:20:52.284Z
2026-09-23_07-21-36-963,2026-09-23,IfW Kiel,https://www.ifw-kiel.de,,,,count_not_found,https://www.youtube.com/channel/UC6KEgfpzS6ucREQj1vVr0wA,19622,19622,exact_public,collected,https://x.com/kielinstitute,28629,"28,629",exact_public,collected,https://www.linkedin.com/company/kiel-institute-for-the-world-economy,,,,,,,,,failed,https://www.facebook.com/kielinstitute,2026-09-23T07:22:12.190Z
2026-09-23_07-27-56-877,2026-09-23,IfW Kiel,https://www.ifw-kiel.de,1500,1.5K,rounded_public,collected,https://www.youtube.com/channel/UC6KEgfpzS6ucREQj1vVr0wA,19622,19622,exact_public,collected,https://x.com/kielinstitute,28630,"28,630",exact_public,collected,https://www.linkedin.com/company/kiel-institute-for-the-world-economy,,,,,,3760,"3,760",exact_public,collected,https://www.facebook.com/kielinstitute,2026-09-23T07:44:20.631Z
2026-09-23_06-39-09-015,2026-09-23,IISD (International Institute for Sustainable Development),https://www.iisd.org,,,,count_not_found,https://www.youtube.com/user/iisdvideo,23879,23879,exact_public,collected,https://x.com/iisd_news,272268,"272,268",exact_public,collected,https://www.linkedin.com/company/international-institute-for-sustainable-development,,,,,,,,,,,2026-09-23T06:39:27.673Z
2026-09-23_06-40-20-315,2026-09-23,IISD (International Institute for Sustainable Development),https://www.iisd.org,6510,6.51K,rounded_public,collected,https://www.youtube.com/user/iisdvideo,,,,,,,,,,,,,,,,,,,,,2026-09-23T06:43:10.007Z
2026-09-23_06-47-02-001,2026-09-23,IISD (International Institute for Sustainable Development),https://www.iisd.org,,,,,,,,,,,272269,"272,269",exact_public,collected,https://www.linkedin.com/company/international-institute-for-sustainable-development,,,,,,,,,,,2026-09-23T06:47:24.802Z
2026-09-23_07-20-16-776,2026-09-23,IISD (International Institute for Sustainable Development),https://www.iisd.org,,,,count_not_found,https://www.youtube.com/user/iisdvideo,23879,23879,exact_public,collected,https://x.com/iisd_news,272269,"272,269",exact_public,collected,https://www.linkedin.com/company/international-institute-for-sustainable-development,,,,,,,,,,,2026-09-23T07:20:34.727Z
2026-09-23_07-21-36-963,2026-09-23,IISD (International Institute for Sustainable Development),https://www.iisd.org,,,,count_not_found,https://www.youtube.com/user/iisdvideo,23879,23879,exact_public,collected,https://x.com/iisd_news,272269,"272,269",exact_public,collected,https://www.linkedin.com/company/international-institute-for-sustainable-development,,,,,,,,,,,2026-09-23T07:21:54.394Z
2026-09-23_07-27-56-877,2026-09-23,IISD (International Institute for Sustainable Development),https://www.iisd.org,6510,6.51K,rounded_public,collected,https://www.youtube.com/user/iisdvideo,23879,23879,exact_public,collected,https://x.com/iisd_news,272269,"272,269",exact_public,collected,https://www.linkedin.com/company/international-institute-for-sustainable-development,,,,,,,,,,,2026-09-23T07:37:04.354Z
2026-09-23_06-39-09-015,2026-09-23,IISS (International Institute for Strategic Studies),https://www.iiss.org,,,,count_not_found,https://www.youtube.com/channel/UCYygxNuTTlq2neh6Fu6rP4Q,,,,,,283805,"283,805",exact_public,collected,https://www.linkedin.com/company/international-institute-for-strategic-studies,,,,,,,,,,,2026-09-23T06:39:16.536Z
2026-09-23_06-40-20-315,2026-09-23,IISS (International Institute for Strategic Studies),https://www.iiss.org,46400,46.4K,rounded_public,collected,https://www.youtube.com/channel/UCYygxNuTTlq2neh6Fu6rP4Q,,,,,,,,,,,,,,,,,,,,,2026-09-23T06:43:14.032Z
2026-09-23_06-47-02-001,2026-09-23,IISS (International Institute for Strategic Studies),https://www.iiss.org,,,,,,,,,,,283805,"283,805",exact_public,collected,https://www.linkedin.com/company/international-institute-for-strategic-studies,,,,,,,,,,,2026-09-23T06:47:24.937Z
2026-09-23_07-20-16-776,2026-09-23,IISS (International Institute for Strategic Studies),https://www.iiss.org,,,,count_not_found,https://www.youtube.com/channel/UCYygxNuTTlq2neh6Fu6rP4Q,,,,,,283807,"283,807",exact_public,collected,https://www.linkedin.com/company/international-institute-for-strategic-studies,,,,,,,,,,,2026-09-23T07:20:23.990Z
2026-09-23_07-21-36-963,2026-09-23,IISS (International Institute for Strategic Studies),https://www.iiss.org,,,,count_not_found,https://www.youtube.com/channel/UCYygxNuTTlq2neh6Fu6rP4Q,,,,,,283807,"283,807",exact_public,collected,https://www.linkedin.com/company/international-institute-for-strategic-studies,,,,,,,,,,,2026-09-23T07:21:44.638Z
2026-09-23_07-27-56-877,2026-09-23,IISS (International Institute for Strategic Studies),https://www.iiss.org,46400,46.4K,rounded_public,collected,https://www.youtube.com/channel/UCYygxNuTTlq2neh6Fu6rP4Q,,,,,,283808,"283,808",exact_public,collected,https://www.linkedin.com/company/international-institute-for-strategic-studies,,,,,,,,,,,2026-09-23T07:37:08.409Z
2026-09-23_06-39-09-015,2026-09-23,India Foundation,https://indiafoundation.in,,,,count_not_found,https://www.youtube.com/channel/UCoa562Q8QrgTAAyqNsx36oA,57250,57250,exact_public,collected,https://x.com/indfoundation,29534,"29,534",exact_public,collected,https://www.linkedin.com/company/india-foundation-delhi,,,,count_not_found,https://www.instagram.com/indiafoundation,,,,failed,https://www.facebook.com/IndiaFoundation,2026-09-23T06:39:27.915Z
2026-09-23_06-40-20-315,2026-09-23,India Foundation,https://indiafoundation.in,32500,32.5K,rounded_public,collected,https://www.youtube.com/channel/UCoa562Q8QrgTAAyqNsx36oA,,,,,,,,,,,,,,,,,,,,,2026-09-23T06:43:17.866Z
2026-09-23_06-47-02-001,2026-09-23,India Foundation,https://indiafoundation.in,,,,,,,,,,,29534,"29,534",exact_public,collected,https://www.linkedin.com/company/india-foundation-delhi,,,,,,,,,,,2026-09-23T06:47:25.650Z
2026-09-23_06-48-06-830,2026-09-23,India Foundation,https://indiafoundation.in,,,,,,,,,,,,,,,,,,,,,24022,"24,022",exact_public,collected,https://www.facebook.com/IndiaFoundation,2026-09-23T06:50:35.262Z
2026-09-23_06-54-19-052,2026-09-23,India Foundation,https://indiafoundation.in,,,,,,,,,,,,,,,,59783,59783,exact_public,collected,https://www.instagram.com/indiafoundation,,,,,,2026-09-23T06:58:04.518Z
2026-09-23_07-20-16-776,2026-09-23,India Foundation,https://indiafoundation.in,,,,count_not_found,https://www.youtube.com/channel/UCoa562Q8QrgTAAyqNsx36oA,57250,57250,exact_public,collected,https://x.com/indfoundation,29534,"29,534",exact_public,collected,https://www.linkedin.com/company/india-foundation-delhi,,,,count_not_found,https://www.instagram.com/indiafoundation,,,,failed,https://www.facebook.com/IndiaFoundation,2026-09-23T07:20:35.174Z
2026-09-23_07-21-36-963,2026-09-23,India Foundation,https://indiafoundation.in,,,,count_not_found,https://www.youtube.com/channel/UCoa562Q8QrgTAAyqNsx36oA,57250,57250,exact_public,collected,https://x.com/indfoundation,29534,"29,534",exact_public,collected,https://www.linkedin.com/company/india-foundation-delhi,,,,count_not_found,https://www.instagram.com/indiafoundation,,,,failed,https://www.facebook.com/IndiaFoundation,2026-09-23T07:21:55.107Z
2026-09-23_07-27-56-877,2026-09-23,India Foundation,https://indiafoundation.in,32500,32.5K,rounded_public,collected,https://www.youtube.com/channel/UCoa562Q8QrgTAAyqNsx36oA,57250,57250,exact_public,collected,https://x.com/indfoundation,29535,"29,535",exact_public,collected,https://www.linkedin.com/company/india-foundation-delhi,59783,59783,exact_public,collected,https://www.instagram.com/indiafoundation,24022,"24,022",exact_public,collected,https://www.facebook.com/IndiaFoundation,2026-09-23T07:37:14.466Z
2026-09-23_06-39-09-015,2026-09-23,India Think Council,https://www.indiathink.org,,,,count_not_found,https://www.youtube.com/channel/UCA17X1xjY8MVFHwVyoNqYdg,1337,1337,exact_public,collected,https://x.com/IndiathinkOrg,809,809,exact_public,collected,https://www.linkedin.com/company/india-think-council,,,,,,,,,failed,https://www.facebook.com/IndiaThink,2026-09-23T06:39:28.527Z
2026-09-23_06-40-20-315,2026-09-23,India Think Council,https://www.indiathink.org,1800,1.8K,rounded_public,collected,https://www.youtube.com/channel/UCA17X1xjY8MVFHwVyoNqYdg,,,,,,,,,,,,,,,,,,,,,2026-09-23T06:43:23.672Z
2026-09-23_06-47-02-001,2026-09-23,India Think Council,https://www.indiathink.org,,,,,,,,,,,809,809,exact_public,collected,https://www.linkedin.com/company/india-think-council,,,,,,,,,,,2026-09-23T06:47:25.777Z
2026-09-23_06-48-06-830,2026-09-23,India Think Council,https://www.indiathink.org,,,,,,,,,,,,,,,,,,,,,3181,"3,181",exact_public,collected,https://www.facebook.com/IndiaThink,2026-09-23T06:50:37.488Z
2026-09-23_07-20-16-776,2026-09-23,India Think Council,https://www.indiathink.org,,,,count_not_found,https://www.youtube.com/channel/UCA17X1xjY8MVFHwVyoNqYdg,1337,1337,exact_public,collected,https://x.com/IndiathinkOrg,809,809,exact_public,collected,https://www.linkedin.com/company/india-think-council,,,,,,,,,failed,https://www.facebook.com/IndiaThink,2026-09-23T07:20:35.622Z
2026-09-23_07-21-36-963,2026-09-23,India Think Council,https://www.indiathink.org,,,,count_not_found,https://www.youtube.com/channel/UCA17X1xjY8MVFHwVyoNqYdg,1337,1337,exact_public,collected,https://x.com/IndiathinkOrg,809,809,exact_public,collected,https://www.linkedin.com/company/india-think-council,,,,,,,,,failed,https://www.facebook.com/IndiaThink,2026-09-23T07:21:55.598Z
2026-09-23_07-27-56-877,2026-09-23,India Think Council,https://www.indiathink.org,1800,1.8K,rounded_public,collected,https://www.youtube.com/channel/UCA17X1xjY8MVFHwVyoNqYdg,1337,1337,exact_public,collected,https://x.com/IndiathinkOrg,809,809,exact_public,collected,https://www.linkedin.com/company/india-think-council,,,,,,3181,"3,181",exact_public,collected,https://www.facebook.com/IndiaThink,2026-09-23T07:37:26.564Z
2026-09-23_06-39-09-015,2026-09-23,Indian Council for Research on International Economic Relations,https://icrier.org,,,,count_not_found,https://www.youtube.com/channel/UCgiOH9iQULzxSsyIBnEjWrw,6273,6273,exact_public,collected,https://x.com/icrier,43570,"43,570",exact_public,collected,https://www.linkedin.com/company/icrier,,,,count_not_found,https://www.instagram.com/icrier.res.in/,,,,failed,https://www.facebook.com/ICRIER/,2026-09-23T06:39:28.884Z
2026-09-23_06-40-20-315,2026-09-23,Indian Council for Research on International Economic Relations,https://icrier.org,2950,2.95K,rounded_public,collected,https://www.youtube.com/channel/UCgiOH9iQULzxSsyIBnEjWrw,,,,,,,,,,,,,,,,,,,,,2026-09-23T06:43:27.780Z
2026-09-23_06-47-02-001,2026-09-23,Indian Council for Research on International Economic Relations,https://icrier.org,,,,,,,,,,,43570,"43,570",exact_public,collected,https://www.linkedin.com/company/icrier,,,,,,,,,,,2026-09-23T06:47:26.567Z
2026-09-23_06-48-06-830,2026-09-23,Indian Council for Research on International Economic Relations,https://icrier.org,,,,,,,,,,,,,,,,,,,,,2512,"2,512",exact_public,collected,https://www.facebook.com/ICRIER/,2026-09-23T06:50:44.823Z
2026-09-23_06-54-19-052,2026-09-23,Indian Council for Research on International Economic Relations,https://icrier.org,,,,,,,,,,,,,,,,4477,4477,exact_public,collected,https://www.instagram.com/icrier.res.in/,,,,,,2026-09-23T06:58:14.239Z
2026-09-23_07-20-16-776,2026-09-23,Indian Council for Research on International Economic Relations,https://icrier.org,,,,count_not_found,https://www.youtube.com/channel/UCgiOH9iQULzxSsyIBnEjWrw,6273,6273,exact_public,collected,https://x.com/icrier,43570,"43,570",exact_public,collected,https://www.linkedin.com/company/icrier,,,,count_not_found,https://www.instagram.com/icrier.res.in/,,,,failed,https://www.facebook.com/ICRIER/,2026-09-23T07:20:36.305Z
2026-09-23_07-21-36-963,2026-09-23,Indian Council for Research on International Economic Relations,https://icrier.org,,,,count_not_found,https://www.youtube.com/channel/UCgiOH9iQULzxSsyIBnEjWrw,6273,6273,exact_public,collected,https://x.com/icrier,43570,"43,570",exact_public,collected,https://www.linkedin.com/company/icrier,,,,count_not_found,https://www.instagram.com/icrier.res.in/,,,,failed,https://www.facebook.com/ICRIER/,2026-09-23T07:21:56.161Z
2026-09-23_07-27-56-877,2026-09-23,Indian Council for Research on International Economic Relations,https://icrier.org,2950,2.95K,rounded_public,collected,https://www.youtube.com/channel/UCgiOH9iQULzxSsyIBnEjWrw,6273,6273,exact_public,collected,https://x.com/icrier,43570,"43,570",exact_public,collected,https://www.linkedin.com/company/icrier,4477,4477,exact_public,collected,https://www.instagram.com/icrier.res.in/,2512,"2,512",exact_public,collected,https://www.facebook.com/ICRIER/,2026-09-23T07:37:34.946Z
2026-09-23_06-39-09-015,2026-09-23,Indian Council of World Affairs,https://www.icwa.in,,,,count_not_found,https://www.youtube.com/channel/UC0D1OMKLR5eVNIGJ01qKmXg,20478,20478,exact_public,collected,https://x.com/ICWA_NewDelhi,,,,,,,,,,,,,,failed,https://www.facebook.com/Sapru.House,2026-09-23T06:39:29.123Z
2026-09-23_06-40-20-315,2026-09-23,Indian Council of World Affairs,https://www.icwa.in,4350,4.35K,rounded_public,collected,https://www.youtube.com/channel/UC0D1OMKLR5eVNIGJ01qKmXg,,,,,,,,,,,,,,,,,,,,,2026-09-23T06:43:30.854Z
2026-09-23_06-48-06-830,2026-09-23,Indian Council of World Affairs,https://www.icwa.in,,,,,,,,,,,,,,,,,,,,,7193,"7,193",exact_public,collected,https://www.facebook.com/Sapru.House,2026-09-23T06:50:48.600Z
2026-09-23_07-20-16-776,2026-09-23,Indian Council of World Affairs,https://www.icwa.in,,,,count_not_found,https://www.youtube.com/channel/UC0D1OMKLR5eVNIGJ01qKmXg,20478,20478,exact_public,collected,https://x.com/ICWA_NewDelhi,,,,,,,,,,,,,,failed,https://www.facebook.com/Sapru.House,2026-09-23T07:20:36.425Z
2026-09-23_07-21-36-963,2026-09-23,Indian Council of World Affairs,https://www.icwa.in,,,,count_not_found,https://www.youtube.com/channel/UC0D1OMKLR5eVNIGJ01qKmXg,20478,20478,exact_public,collected,https://x.com/ICWA_NewDelhi,,,,,,,,,,,,,,failed,https://www.facebook.com/Sapru.House,2026-09-23T07:21:56.384Z
2026-09-23_07-27-56-877,2026-09-23,Indian Council of World Affairs,https://www.icwa.in,4350,4.35K,rounded_public,collected,https://www.youtube.com/channel/UC0D1OMKLR5eVNIGJ01qKmXg,20478,20478,exact_public,collected,https://x.com/ICWA_NewDelhi,,,,,,,,,,,7193,"7,193",exact_public,collected,https://www.facebook.com/Sapru.House,2026-09-23T07:37:43.916Z
2026-09-23_06-39-09-015,2026-09-23,Indira Gandhi Institute of Development Research,https://www.igidr.ac.in,,,,count_not_found,https://www.youtube.com/user/igidrhelpdesk,4441,4441,exact_public,collected,https://x.com/Igidr_Mumbai,,,,count_not_found,https://www.linkedin.com/uas/login?session_redirect=%2Fschool%2F15095099,,,,count_not_found,https://www.instagram.com/igidr_official,,,,failed,https://www.facebook.com/pages/Igidr/145834332149375,2026-09-23T06:39:29.888Z
2026-09-23_06-40-20-315,2026-09-23,Indira Gandhi Institute of Development Research,https://www.igidr.ac.in,1560,1.56K,rounded_public,collected,https://www.youtube.com/user/igidrhelpdesk,,,,,,,,,,,,,,,,,,,,,2026-09-23T06:43:33.740Z
2026-09-23_06-47-02-001,2026-09-23,Indira Gandhi Institute of Development Research,https://www.igidr.ac.in,,,,,,,,,,,,,,failed,https://www.linkedin.com/school/15095099,,,,,,,,,,,2026-09-23T06:47:26.610Z
2026-09-23_06-48-06-830,2026-09-23,Indira Gandhi Institute of Development Research,https://www.igidr.ac.in,,,,,,,,,,,,,,,,,,,,,1895,"1,895",exact_public,collected,https://www.facebook.com/IGIDROfficial/,2026-09-23T06:50:51.958Z
2026-09-23_06-54-19-052,2026-09-23,Indira Gandhi Institute of Development Research,https://www.igidr.ac.in,,,,,,,,,,,,,,,,101,101,exact_public,collected,https://www.instagram.com/igidr_official,,,,,,2026-09-23T06:58:16.478Z
2026-09-23_07-20-16-776,2026-09-23,Indira Gandhi Institute of Development Research,https://www.igidr.ac.in,,,,count_not_found,https://www.youtube.com/user/igidrhelpdesk,4441,4441,exact_public,collected,https://x.com/Igidr_Mumbai,,,,count_not_found,https://www.linkedin.com/uas/login?session_redirect=%2Fschool%2F15095099,,,,count_not_found,https://www.instagram.com/igidr_official,,,,failed,https://www.facebook.com/pages/Igidr/145834332149375,2026-09-23T07:20:37.060Z
2026-09-23_07-21-36-963,2026-09-23,Indira Gandhi Institute of Development Research,https://www.igidr.ac.in,,,,count_not_found,https://www.youtube.com/user/igidrhelpdesk,4441,4441,exact_public,collected,https://x.com/Igidr_Mumbai,,,,failed,https://www.linkedin.com/school/15095099,,,,count_not_found,https://www.instagram.com/igidr_official,,,,failed,https://www.facebook.com/pages/Igidr/145834332149375,2026-09-23T07:21:56.902Z
2026-09-23_07-27-56-877,2026-09-23,Indira Gandhi Institute of Development Research,https://www.igidr.ac.in,1560,1.56K,rounded_public,collected,https://www.youtube.com/user/igidrhelpdesk,4441,4441,exact_public,collected,https://x.com/Igidr_Mumbai,,,,count_not_found,https://www.linkedin.com/login/?session_redirect=%2Fschool%2F15095099,101,101,exact_public,collected,https://www.instagram.com/igidr_official,1895,"1,895",exact_public,collected,https://www.facebook.com/IGIDROfficial/,2026-09-23T07:37:58.051Z
2026-09-23_06-39-09-015,2026-09-23,Institute for the Study of War,https://www.understandingwar.org,,,,count_not_found,https://www.youtube.com/channel/UCwRudqD0bS_hrA0DfU4BwOw,1433867,1433867,exact_public,collected,https://x.com/thestudyofwar,167188,"167,188",exact_public,collected,https://www.linkedin.com/company/institute-for-the-study-of-war,,,,count_not_found,https://www.instagram.com/thestudyofwar/?hl=en,,,,failed,https://www.facebook.com/InstitutefortheStudyofWar,2026-09-23T06:39:29.897Z
2026-09-23_06-40-20-315,2026-09-23,Institute for the Study of War,https://www.understandingwar.org,38900,38.9K,rounded_public,collected,https://www.youtube.com/channel/UCwRudqD0bS_hrA0DfU4BwOw,,,,,,,,,,,,,,,,,,,,,2026-09-23T06:43:36.618Z
2026-09-23_06-47-02-001,2026-09-23,Institute for the Study of War,https://www.understandingwar.org,,,,,,,,,,,167189,"167,189",exact_public,collected,https://www.linkedin.com/company/institute-for-the-study-of-war,,,,,,,,,,,2026-09-23T06:47:27.043Z
2026-09-23_06-48-06-830,2026-09-23,Institute for the Study of War,https://www.understandingwar.org,,,,,,,,,,,,,,,,,,,,,125729,"125,729",exact_public,collected,https://www.facebook.com/InstitutefortheStudyofWar,2026-09-23T06:50:59.399Z
2026-09-23_06-54-19-052,2026-09-23,Institute for the Study of War,https://www.understandingwar.org,,,,,,,,,,,,,,,,73072,73072,exact_public,collected,https://www.instagram.com/thestudyofwar/?hl=en,,,,,,2026-09-23T06:58:25.724Z
2026-09-23_07-20-16-776,2026-09-23,Institute for the Study of War,https://www.understandingwar.org,,,,count_not_found,https://www.youtube.com/channel/UCwRudqD0bS_hrA0DfU4BwOw,1433906,1433906,exact_public,collected,https://x.com/thestudyofwar,167189,"167,189",exact_public,collected,https://www.linkedin.com/company/institute-for-the-study-of-war,,,,count_not_found,https://www.instagram.com/thestudyofwar/?hl=en,,,,failed,https://www.facebook.com/InstitutefortheStudyofWar,2026-09-23T07:20:37.576Z
2026-09-23_07-21-36-963,2026-09-23,Institute for the Study of War,https://www.understandingwar.org,,,,count_not_found,https://www.youtube.com/channel/UCwRudqD0bS_hrA0DfU4BwOw,1433906,1433906,exact_public,collected,https://x.com/thestudyofwar,167189,"167,189",exact_public,collected,https://www.linkedin.com/company/institute-for-the-study-of-war,,,,count_not_found,https://www.instagram.com/thestudyofwar/?hl=en,,,,failed,https://www.facebook.com/InstitutefortheStudyofWar,2026-09-23T07:21:57.491Z
2026-09-23_07-27-56-877,2026-09-23,Institute for the Study of War,https://www.understandingwar.org,38900,38.9K,rounded_public,collected,https://www.youtube.com/channel/UCwRudqD0bS_hrA0DfU4BwOw,1433919,1433919,exact_public,collected,https://x.com/thestudyofwar,167190,"167,190",exact_public,collected,https://www.linkedin.com/company/institute-for-the-study-of-war,73073,73073,exact_public,collected,https://www.instagram.com/thestudyofwar/?hl=en,125739,"125,739",exact_public,collected,https://www.facebook.com/InstitutefortheStudyofWar,2026-09-23T07:38:09.801Z
2026-09-23_06-39-09-015,2026-09-23,Institute of Economic Growth,https://www.iegindia.org,,,,count_not_found,https://www.youtube.com/channel/UChNRvZHTuw6mLXOXYBAAbfQ,1695,1695,exact_public,collected,https://x.com/iegresearch,15164,"15,164",exact_public,collected,https://www.linkedin.com/company/institute-of-economics-growth,,,,,,,,,failed,https://www.facebook.com/InstituteofEconomicGrowth,2026-09-23T06:39:30.223Z
2026-09-23_06-40-20-315,2026-09-23,Institute of Economic Growth,https://www.iegindia.org,608,608,exact_public,collected,https://www.youtube.com/channel/UChNRvZHTuw6mLXOXYBAAbfQ,,,,,,,,,,,,,,,,,,,,,2026-09-23T06:43:40.663Z
2026-09-23_06-47-02-001,2026-09-23,Institute of Economic Growth,https://www.iegindia.org,,,,,,,,,,,15164,"15,164",exact_public,collected,https://www.linkedin.com/company/institute-of-economics-growth,,,,,,,,,,,2026-09-23T06:47:27.549Z
2026-09-23_06-48-06-830,2026-09-23,Institute of Economic Growth,https://www.iegindia.org,,,,,,,,,,,,,,,,,,,,,1036,"1,036",exact_public,collected,https://www.facebook.com/InstituteofEconomicGrowth,2026-09-23T06:51:01.637Z
2026-09-23_07-20-16-776,2026-09-23,Institute of Economic Growth,https://www.iegindia.org,,,,count_not_found,https://www.youtube.com/channel/UChNRvZHTuw6mLXOXYBAAbfQ,1695,1695,exact_public,collected,https://x.com/iegresearch,15165,"15,165",exact_public,collected,https://www.linkedin.com/company/institute-of-economics-growth,,,,,,,,,failed,https://www.facebook.com/InstituteofEconomicGrowth,2026-09-23T07:20:37.691Z
2026-09-23_07-21-36-963,2026-09-23,Institute of Economic Growth,https://www.iegindia.org,,,,count_not_found,https://www.youtube.com/channel/UChNRvZHTuw6mLXOXYBAAbfQ,1695,1695,exact_public,collected,https://x.com/iegresearch,15165,"15,165",exact_public,collected,https://www.linkedin.com/company/institute-of-economics-growth,,,,,,,,,failed,https://www.facebook.com/InstituteofEconomicGrowth,2026-09-23T07:21:57.803Z
2026-09-23_07-27-56-877,2026-09-23,Institute of Economic Growth,https://www.iegindia.org,608,608,exact_public,collected,https://www.youtube.com/channel/UChNRvZHTuw6mLXOXYBAAbfQ,1695,1695,exact_public,collected,https://x.com/iegresearch,15165,"15,165",exact_public,collected,https://www.linkedin.com/company/institute-of-economics-growth,,,,,,1036,"1,036",exact_public,collected,https://www.facebook.com/InstituteofEconomicGrowth,2026-09-23T07:38:17.975Z
2026-09-23_06-39-09-015,2026-09-23,Institute of Peace and Conflict Studies,https://www.ipcs.org,,,,,,12659,12659,exact_public,collected,https://x.com/IPCSNewDelhi,,,,,,,,,,,,,,failed,https://www.facebook.com/ipcsnewdelhi,2026-09-23T06:39:31.163Z
2026-09-23_06-48-06-830,2026-09-23,Institute of Peace and Conflict Studies,https://www.ipcs.org,,,,,,,,,,,,,,,,,,,,,15710,"15,710",exact_public,collected,https://www.facebook.com/ipcsnewdelhi,2026-09-23T06:51:06.204Z
2026-09-23_07-20-16-776,2026-09-23,Institute of Peace and Conflict Studies,https://www.ipcs.org,,,,,,12660,12660,exact_public,collected,https://x.com/IPCSNewDelhi,,,,,,,,,,,,,,failed,https://www.facebook.com/ipcsnewdelhi,2026-09-23T07:20:38.607Z
2026-09-23_07-21-36-963,2026-09-23,Institute of Peace and Conflict Studies,https://www.ipcs.org,,,,,,12660,12660,exact_public,collected,https://x.com/IPCSNewDelhi,,,,,,,,,,,,,,failed,https://www.facebook.com/ipcsnewdelhi,2026-09-23T07:21:58.100Z
2026-09-23_07-27-56-877,2026-09-23,Institute of Peace and Conflict Studies,https://www.ipcs.org,,,,,,12660,12660,exact_public,collected,https://x.com/IPCSNewDelhi,,,,,,,,,,,15710,"15,710",exact_public,collected,https://www.facebook.com/ipcsnewdelhi,2026-09-23T07:38:24.667Z
2026-09-23_06-39-09-015,2026-09-23,Integrated Research and Action for Development,https://irade.org,,,,,,360,360,exact_public,collected,https://x.com/IRADe_Delhi,4675,"4,675",exact_public,collected,https://in.linkedin.com/company/integrated-research-for-action-development-irade,,,,,,,,,failed,https://www.facebook.com/IRADeNewDelhi,2026-09-23T06:39:31.173Z
2026-09-23_06-47-02-001,2026-09-23,Integrated Research and Action for Development,https://irade.org,,,,,,,,,,,4675,"4,675",exact_public,collected,https://in.linkedin.com/company/integrated-research-for-action-development-irade,,,,,,,,,,,2026-09-23T06:47:27.938Z
2026-09-23_06-48-06-830,2026-09-23,Integrated Research and Action for Development,https://irade.org,,,,,,,,,,,,,,,,,,,,,735,735,exact_public,collected,https://www.facebook.com/IRADeNewDelhi,2026-09-23T06:51:12.068Z
2026-09-23_07-20-16-776,2026-09-23,Integrated Research and Action for Development,https://irade.org,,,,,,361,361,exact_public,collected,https://x.com/IRADe_Delhi,4675,"4,675",exact_public,collected,https://in.linkedin.com/company/integrated-research-for-action-development-irade,,,,,,,,,failed,https://www.facebook.com/IRADeNewDelhi,2026-09-23T07:20:38.854Z
2026-09-23_07-21-36-963,2026-09-23,Integrated Research and Action for Development,https://irade.org,,,,,,361,361,exact_public,collected,https://x.com/IRADe_Delhi,4675,"4,675",exact_public,collected,https://in.linkedin.com/company/integrated-research-for-action-development-irade,,,,,,,,,failed,https://www.facebook.com/IRADeNewDelhi,2026-09-23T07:21:58.781Z
2026-09-23_07-27-56-877,2026-09-23,Integrated Research and Action for Development,https://irade.org,,,,,,361,361,exact_public,collected,https://x.com/IRADe_Delhi,4675,"4,675",exact_public,collected,https://in.linkedin.com/company/integrated-research-for-action-development-irade,,,,,,735,735,exact_public,collected,https://www.facebook.com/IRADeNewDelhi,2026-09-23T07:38:27.805Z
2026-09-23_06-39-09-015,2026-09-23,International Crisis Group,https://www.crisisgroup.org,,,,count_not_found,https://www.youtube.com/user/crisisgroup,238842,238842,exact_public,collected,https://x.com/CrisisGroup,250078,"250,078",exact_public,collected,https://www.linkedin.com/company/crisis-group,,,,count_not_found,https://www.instagram.com/crisisgroup,,,,failed,https://www.facebook.com/crisisgroup,2026-09-23T06:39:31.520Z
2026-09-23_06-40-20-315,2026-09-23,International Crisis Group,https://www.crisisgroup.org,23000,23K,rounded_public,collected,https://www.youtube.com/user/crisisgroup,,,,,,,,,,,,,,,,,,,,,2026-09-23T06:43:43.978Z
2026-09-23_06-47-02-001,2026-09-23,International Crisis Group,https://www.crisisgroup.org,,,,,,,,,,,250078,"250,078",exact_public,collected,https://www.linkedin.com/company/crisis-group,,,,,,,,,,,2026-09-23T06:47:28.483Z
2026-09-23_06-48-06-830,2026-09-23,International Crisis Group,https://www.crisisgroup.org,,,,,,,,,,,,,,,,,,,,,181955,"181,955",exact_public,collected,https://www.facebook.com/crisisgroup,2026-09-23T06:51:14.825Z
2026-09-23_06-54-19-052,2026-09-23,International Crisis Group,https://www.crisisgroup.org,,,,,,,,,,,,,,,,14905,14905,exact_public,collected,https://www.instagram.com/crisisgroup,,,,,,2026-09-23T06:58:28.253Z
2026-09-23_07-20-16-776,2026-09-23,International Crisis Group,https://www.crisisgroup.org,,,,count_not_found,https://www.youtube.com/user/crisisgroup,238843,238843,exact_public,collected,https://x.com/CrisisGroup,250082,"250,082",exact_public,collected,https://www.linkedin.com/company/crisis-group,,,,count_not_found,https://www.instagram.com/crisisgroup,,,,failed,https://www.facebook.com/crisisgroup,2026-09-23T07:20:38.925Z
2026-09-23_07-21-36-963,2026-09-23,International Crisis Group,https://www.crisisgroup.org,,,,count_not_found,https://www.youtube.com/user/crisisgroup,238843,238843,exact_public,collected,https://x.com/CrisisGroup,250082,"250,082",exact_public,collected,https://www.linkedin.com/company/crisis-group,,,,count_not_found,https://www.instagram.com/crisisgroup,,,,failed,https://www.facebook.com/crisisgroup,2026-09-23T07:21:59.037Z
2026-09-23_07-27-56-877,2026-09-23,International Crisis Group,https://www.crisisgroup.org,23000,23K,rounded_public,collected,https://www.youtube.com/user/crisisgroup,238843,238843,exact_public,collected,https://x.com/CrisisGroup,250082,"250,082",exact_public,collected,https://www.linkedin.com/company/crisis-group,14906,14906,exact_public,collected,https://www.instagram.com/crisisgroup,181960,"181,960",exact_public,collected,https://www.facebook.com/crisisgroup,2026-09-23T07:38:39.577Z
2026-09-23_06-39-09-015,2026-09-23,International Republican Institute,https://www.iri.org,,,,count_not_found,https://www.youtube.com/user/iritv,50156,50156,exact_public,collected,https://x.com/IRIglobal,43371,"43,371",exact_public,collected,https://www.linkedin.com/company/international-republican-institute,,,,count_not_found,https://www.instagram.com/IRIglobal,,,,failed,https://www.facebook.com/InternationalRepublicanInstitute,2026-09-23T06:39:32.311Z
2026-09-23_06-40-20-315,2026-09-23,International Republican Institute,https://www.iri.org,2490,2.49K,rounded_public,collected,https://www.youtube.com/user/iritv,,,,,,,,,,,,,,,,,,,,,2026-09-23T06:43:54.266Z
2026-09-23_06-47-02-001,2026-09-23,International Republican Institute,https://www.iri.org,,,,,,,,,,,43371,"43,371",exact_public,collected,https://www.linkedin.com/company/international-republican-institute,,,,,,,,,,,2026-09-23T06:47:29.727Z
2026-09-23_06-48-06-830,2026-09-23,International Republican Institute,https://www.iri.org,,,,,,,,,,,,,,,,,,,,,49956,"49,956",exact_public,collected,https://www.facebook.com/InternationalRepublicanInstitute,2026-09-23T06:51:19.078Z
2026-09-23_06-54-19-052,2026-09-23,International Republican Institute,https://www.iri.org,,,,,,,,,,,,,,,,9327,9327,exact_public,collected,https://www.instagram.com/IRIglobal,,,,,,2026-09-23T06:58:37.504Z
2026-09-23_07-20-16-776,2026-09-23,International Republican Institute,https://www.iri.org,,,,count_not_found,https://www.youtube.com/user/iritv,50157,50157,exact_public,collected,https://x.com/IRIglobal,43371,"43,371",exact_public,collected,https://www.linkedin.com/company/international-republican-institute,,,,count_not_found,https://www.instagram.com/IRIglobal,,,,failed,https://www.facebook.com/InternationalRepublicanInstitute,2026-09-23T07:20:39.848Z
2026-09-23_07-21-36-963,2026-09-23,International Republican Institute,https://www.iri.org,,,,count_not_found,https://www.youtube.com/user/iritv,50157,50157,exact_public,collected,https://x.com/IRIglobal,43371,"43,371",exact_public,collected,https://www.linkedin.com/company/international-republican-institute,,,,count_not_found,https://www.instagram.com/IRIglobal,,,,failed,https://www.facebook.com/InternationalRepublicanInstitute,2026-09-23T07:21:59.298Z
2026-09-23_07-27-56-877,2026-09-23,International Republican Institute,https://www.iri.org,2490,2.49K,rounded_public,collected,https://www.youtube.com/user/iritv,50157,50157,exact_public,collected,https://x.com/IRIglobal,43371,"43,371",exact_public,collected,https://www.linkedin.com/company/international-republican-institute,9327,9327,exact_public,collected,https://www.instagram.com/IRIglobal,49957,"49,957",exact_public,collected,https://www.facebook.com/InternationalRepublicanInstitute,2026-09-23T07:38:50.044Z
2026-09-23_06-38-42-591,2026-09-23,ISEAS - Yusof Ishak Institute,https://www.iseas.edu.sg,,,,count_not_found,https://www.youtube.com/user/TheISEASsingapore,15778,15778,exact_public,collected,https://x.com/iseas,23257,"23,257",exact_public,collected,https://sg.linkedin.com/company/iseas-yusof-ishak-institute,,,,count_not_found,https://www.instagram.com/iseas.yusof.ishak.institute,,,,,,2026-09-23T06:38:46.087Z
2026-09-23_06-39-09-015,2026-09-23,ISEAS - Yusof Ishak Institute,https://www.iseas.edu.sg,,,,count_not_found,https://www.youtube.com/user/TheISEASsingapore,15778,15778,exact_public,collected,https://x.com/iseas,,,,failed,https://www.linkedin.com/company/institute-of-southeast-asian-studies-iseas-,,,,count_not_found,https://www.instagram.com/iseas.yusof.ishak.institute,,,,,,2026-09-23T06:39:47.633Z
2026-09-23_06-40-20-315,2026-09-23,ISEAS - Yusof Ishak Institute,https://www.iseas.edu.sg,8640,8.64K,rounded_public,collected,https://www.youtube.com/user/TheISEASsingapore,,,,,,,,,,,,,,,,,,,,,2026-09-23T06:46:08.073Z
2026-09-23_06-47-02-001,2026-09-23,ISEAS - Yusof Ishak Institute,https://www.iseas.edu.sg,,,,,,,,,,,23257,"23,257",exact_public,collected,https://sg.linkedin.com/company/iseas-yusof-ishak-institute,,,,,,,,,,,2026-09-23T06:47:50.247Z
2026-09-23_06-54-19-052,2026-09-23,ISEAS - Yusof Ishak Institute,https://www.iseas.edu.sg,,,,,,,,,,,,,,,,8805,8805,exact_public,collected,https://www.instagram.com/iseas.yusof.ishak.institute,,,,,,2026-09-23T07:01:10.514Z
2026-09-23_07-20-16-776,2026-09-23,ISEAS - Yusof Ishak Institute,https://www.iseas.edu.sg,,,,count_not_found,https://www.youtube.com/user/TheISEASsingapore,15779,15779,exact_public,collected,https://x.com/iseas,,,,failed,https://www.linkedin.com/company/institute-of-southeast-asian-studies-iseas-,,,,count_not_found,https://www.instagram.com/iseas.yusof.ishak.institute,,,,,,2026-09-23T07:20:55.078Z
2026-09-23_07-21-36-963,2026-09-23,ISEAS - Yusof Ishak Institute,https://www.iseas.edu.sg,,,,count_not_found,https://www.youtube.com/user/TheISEASsingapore,15779,15779,exact_public,collected,https://x.com/iseas,,,,failed,https://www.linkedin.com/company/institute-of-southeast-asian-studies-iseas-,,,,count_not_found,https://www.instagram.com/iseas.yusof.ishak.institute,,,,,,2026-09-23T07:22:14.845Z
2026-09-23_07-27-56-877,2026-09-23,ISEAS - Yusof Ishak Institute,https://www.iseas.edu.sg,8640,8.64K,rounded_public,collected,https://www.youtube.com/user/TheISEASsingapore,15779,15779,exact_public,collected,https://x.com/iseas,23259,"23,259",exact_public,collected,https://sg.linkedin.com/company/iseas-yusof-ishak-institute,8805,8805,exact_public,collected,https://www.instagram.com/iseas.yusof.ishak.institute,,,,,,2026-09-23T07:45:17.016Z
2026-09-23_06-39-09-015,2026-09-23,ISPI (Italian Institute for International Political Studies),https://www.ispionline.it/en,,,,count_not_found,https://www.youtube.com/channel/UCAFKK8R_81qUvhPdjF-52nA,78771,78771,exact_public,collected,https://x.com/ispionline,132641,"132,641",exact_public,collected,https://www.linkedin.com/company/ispi,,,,count_not_found,https://www.instagram.com/ispigram/,,,,failed,https://www.facebook.com/ISPIonline,2026-09-23T06:39:32.522Z
2026-09-23_06-40-20-315,2026-09-23,ISPI (Italian Institute for International Political Studies),https://www.ispionline.it/en,4200,4.2K,rounded_public,collected,https://www.youtube.com/channel/UCAFKK8R_81qUvhPdjF-52nA,,,,,,,,,,,,,,,,,,,,,2026-09-23T06:43:57.458Z
2026-09-23_06-47-02-001,2026-09-23,ISPI (Italian Institute for International Political Studies),https://www.ispionline.it/en,,,,,,,,,,,132641,"132,641",exact_public,collected,https://www.linkedin.com/company/ispi,,,,,,,,,,,2026-09-23T06:47:29.733Z
2026-09-23_06-48-06-830,2026-09-23,ISPI (Italian Institute for International Political Studies),https://www.ispionline.it/en,,,,,,,,,,,,,,,,,,,,,164743,"164,743",exact_public,collected,https://www.facebook.com/ISPIonline,2026-09-23T06:51:25.929Z
2026-09-23_06-54-19-052,2026-09-23,ISPI (Italian Institute for International Political Studies),https://www.ispionline.it/en,,,,,,,,,,,,,,,,205169,205169,exact_public,collected,https://www.instagram.com/ispigram/,,,,,,2026-09-23T06:58:40.029Z
2026-09-23_07-20-16-776,2026-09-23,ISPI (Italian Institute for International Political Studies),https://www.ispionline.it/en,,,,count_not_found,https://www.youtube.com/channel/UCAFKK8R_81qUvhPdjF-52nA,78772,78772,exact_public,collected,https://x.com/ispionline,132642,"132,642",exact_public,collected,https://www.linkedin.com/company/ispi,,,,count_not_found,https://www.instagram.com/ispigram/,,,,failed,https://www.facebook.com/ISPIonline,2026-09-23T07:20:39.986Z
2026-09-23_07-21-36-963,2026-09-23,ISPI (Italian Institute for International Political Studies),https://www.ispionline.it/en,,,,count_not_found,https://www.youtube.com/channel/UCAFKK8R_81qUvhPdjF-52nA,78772,78772,exact_public,collected,https://x.com/ispionline,132642,"132,642",exact_public,collected,https://www.linkedin.com/company/ispi,,,,count_not_found,https://www.instagram.com/ispigram/,,,,failed,https://www.facebook.com/ISPIonline,2026-09-23T07:22:00.078Z
2026-09-23_07-27-56-877,2026-09-23,ISPI (Italian Institute for International Political Studies),https://www.ispionline.it/en,4200,4.2K,rounded_public,collected,https://www.youtube.com/channel/UCAFKK8R_81qUvhPdjF-52nA,78772,78772,exact_public,collected,https://x.com/ispionline,132642,"132,642",exact_public,collected,https://www.linkedin.com/company/ispi,205179,205179,exact_public,collected,https://www.instagram.com/ispigram/,164743,"164,743",exact_public,collected,https://www.facebook.com/ISPIonline,2026-09-23T07:39:01.114Z
2026-09-23_06-39-09-015,2026-09-23,ISS Africa (Institute for Security Studies),https://issafrica.org,,,,count_not_found,https://www.youtube.com/ISSAfricaTV,50064,50064,exact_public,collected,https://x.com/issafrica,96843,"96,843",exact_public,collected,https://www.linkedin.com/company/institute-for-security-studies,,,,,,,,,failed,https://www.facebook.com/issafrica,2026-09-23T06:39:32.961Z
2026-09-23_06-40-20-315,2026-09-23,ISS Africa (Institute for Security Studies),https://issafrica.org,17300,17.3K,rounded_public,collected,https://www.youtube.com/ISSAfricaTV,,,,,,,,,,,,,,,,,,,,,2026-09-23T06:43:59.519Z
2026-09-23_06-47-02-001,2026-09-23,ISS Africa (Institute for Security Studies),https://issafrica.org,,,,,,,,,,,96843,"96,843",exact_public,collected,https://www.linkedin.com/company/institute-for-security-studies,,,,,,,,,,,2026-09-23T06:47:30.656Z
2026-09-23_06-48-06-830,2026-09-23,ISS Africa (Institute for Security Studies),https://issafrica.org,,,,,,,,,,,,,,,,,,,,,53057,"53,057",exact_public,collected,https://www.facebook.com/issafrica,2026-09-23T06:51:28.621Z
2026-09-23_07-20-16-776,2026-09-23,ISS Africa (Institute for Security Studies),https://issafrica.org,,,,count_not_found,https://www.youtube.com/ISSAfricaTV,50063,50063,exact_public,collected,https://x.com/issafrica,96843,"96,843",exact_public,collected,https://www.linkedin.com/company/institute-for-security-studies,,,,,,,,,failed,https://www.facebook.com/issafrica,2026-09-23T07:20:41.144Z
2026-09-23_07-21-36-963,2026-09-23,ISS Africa (Institute for Security Studies),https://issafrica.org,,,,count_not_found,https://www.youtube.com/ISSAfricaTV,50063,50063,exact_public,collected,https://x.com/issafrica,96843,"96,843",exact_public,collected,https://www.linkedin.com/company/institute-for-security-studies,,,,,,,,,failed,https://www.facebook.com/issafrica,2026-09-23T07:22:00.206Z
2026-09-23_07-27-56-877,2026-09-23,ISS Africa (Institute for Security Studies),https://issafrica.org,17300,17.3K,rounded_public,collected,https://www.youtube.com/ISSAfricaTV,50063,50063,exact_public,collected,https://x.com/issafrica,96843,"96,843",exact_public,collected,https://www.linkedin.com/company/institute-for-security-studies,,,,,,53057,"53,057",exact_public,collected,https://www.facebook.com/issafrica,2026-09-23T07:39:10.030Z
2026-09-23_06-39-09-015,2026-09-23,ITIF (Information Technology and Innovation Foundation),https://itif.org,,,,count_not_found,https://www.youtube.com/@itif,24484,24484,exact_public,collected,https://x.com/ITIFdc,9543,"9,543",exact_public,collected,https://www.linkedin.com/company/information-technology-and-innovation-foundation,,,,count_not_found,https://www.instagram.com/itifdc,,,,failed,https://www.facebook.com/innovationpolicy,2026-09-23T06:39:33.601Z
2026-09-23_06-40-20-315,2026-09-23,ITIF (Information Technology and Innovation Foundation),https://itif.org,3640,3.64K,rounded_public,collected,https://www.youtube.com/@itif,,,,,,,,,,,,,,,,,,,,,2026-09-23T06:44:01.098Z
2026-09-23_06-47-02-001,2026-09-23,ITIF (Information Technology and Innovation Foundation),https://itif.org,,,,,,,,,,,9543,"9,543",exact_public,collected,https://www.linkedin.com/company/information-technology-and-innovation-foundation,,,,,,,,,,,2026-09-23T06:47:30.878Z
2026-09-23_06-48-06-830,2026-09-23,ITIF (Information Technology and Innovation Foundation),https://itif.org,,,,,,,,,,,,,,,,,,,,,4402,"4,402",exact_public,collected,https://www.facebook.com/innovationpolicy,2026-09-23T06:51:32.778Z
2026-09-23_06-54-19-052,2026-09-23,ITIF (Information Technology and Innovation Foundation),https://itif.org,,,,,,,,,,,,,,,,412,412,exact_public,collected,https://www.instagram.com/itifdc,,,,,,2026-09-23T06:58:49.231Z
2026-09-23_07-20-16-776,2026-09-23,ITIF (Information Technology and Innovation Foundation),https://itif.org,,,,count_not_found,https://www.youtube.com/@itif,24484,24484,exact_public,collected,https://x.com/ITIFdc,9543,"9,543",exact_public,collected,https://www.linkedin.com/company/information-technology-and-innovation-foundation,,,,count_not_found,https://www.instagram.com/itifdc,,,,failed,https://www.facebook.com/innovationpolicy,2026-09-23T07:20:41.212Z
2026-09-23_07-21-36-963,2026-09-23,ITIF (Information Technology and Innovation Foundation),https://itif.org,,,,count_not_found,https://www.youtube.com/@itif,24484,24484,exact_public,collected,https://x.com/ITIFdc,9543,"9,543",exact_public,collected,https://www.linkedin.com/company/information-technology-and-innovation-foundation,,,,count_not_found,https://www.instagram.com/itifdc,,,,failed,https://www.facebook.com/innovationpolicy,2026-09-23T07:22:00.562Z
2026-09-23_07-27-56-877,2026-09-23,ITIF (Information Technology and Innovation Foundation),https://itif.org,3640,3.64K,rounded_public,collected,https://www.youtube.com/@itif,24484,24484,exact_public,collected,https://x.com/ITIFdc,9543,"9,543",exact_public,collected,https://www.linkedin.com/company/information-technology-and-innovation-foundation,412,412,exact_public,collected,https://www.instagram.com/itifdc,4402,"4,402",exact_public,collected,https://www.facebook.com/innovationpolicy,2026-09-23T07:39:20.500Z
2026-09-23_06-38-42-591,2026-09-23,Jamestown Foundation,https://jamestown.org,,,,,,24224,24224,exact_public,collected,https://x.com/JamestownTweets,5736,"5,736",exact_public,collected,https://www.linkedin.com/company/jamestown-foundation,,,,count_not_found,https://www.instagram.com/thejamestownfoundation,,,,failed,https://www.facebook.com/The-Jamestown-Foundation-106920576037705,2026-09-23T06:38:44.738Z
2026-09-23_06-39-09-015,2026-09-23,Jamestown Foundation,https://jamestown.org,,,,,,24224,24224,exact_public,collected,https://x.com/JamestownTweets,5736,"5,736",exact_public,collected,https://www.linkedin.com/company/jamestown-foundation,,,,count_not_found,https://www.instagram.com/thejamestownfoundation,,,,failed,https://www.facebook.com/The-Jamestown-Foundation-106920576037705,2026-09-23T06:39:46.287Z
2026-09-23_06-47-02-001,2026-09-23,Jamestown Foundation,https://jamestown.org,,,,,,,,,,,5736,"5,736",exact_public,collected,https://www.linkedin.com/company/jamestown-foundation,,,,,,,,,,,2026-09-23T06:47:48.971Z
2026-09-23_06-48-06-830,2026-09-23,Jamestown Foundation,https://jamestown.org,,,,,,,,,,,,,,,,,,,,,10984,"10,984",exact_public,collected,https://www.facebook.com/JamestownFoundation,2026-09-23T06:53:22.318Z
2026-09-23_06-54-19-052,2026-09-23,Jamestown Foundation,https://jamestown.org,,,,,,,,,,,,,,,,2052,2052,exact_public,collected,https://www.instagram.com/thejamestownfoundation,,,,,,2026-09-23T07:00:49.828Z
2026-09-23_07-20-16-776,2026-09-23,Jamestown Foundation,https://jamestown.org,,,,,,24222,24222,exact_public,collected,https://x.com/JamestownTweets,,,,failed,https://www.linkedin.com/company/jamestown-foundation,,,,count_not_found,https://www.instagram.com/thejamestownfoundation,,,,failed,https://www.facebook.com/The-Jamestown-Foundation-106920576037705,2026-09-23T07:20:53.540Z
2026-09-23_07-21-36-963,2026-09-23,Jamestown Foundation,https://jamestown.org,,,,,,24222,24222,exact_public,collected,https://x.com/JamestownTweets,,,,failed,https://www.linkedin.com/company/jamestown-foundation,,,,count_not_found,https://www.instagram.com/thejamestownfoundation,,,,failed,https://www.facebook.com/The-Jamestown-Foundation-106920576037705,2026-09-23T07:22:13.501Z
2026-09-23_07-27-56-877,2026-09-23,Jamestown Foundation,https://jamestown.org,,,,,,24222,24222,exact_public,collected,https://x.com/JamestownTweets,5736,"5,736",exact_public,collected,https://www.linkedin.com/company/jamestown-foundation,2052,2052,exact_public,collected,https://www.instagram.com/thejamestownfoundation,10984,"10,984",exact_public,collected,https://www.facebook.com/JamestownFoundation,2026-09-23T07:44:45.756Z
2026-09-23_06-39-09-015,2026-09-23,Japan Institute of International Affairs (JIIA),https://www.jiia.or.jp/en/,,,,count_not_found,https://www.youtube.com/channel/UC0_Tol0rF9jExOfGHR7tCPA,10764,10764,exact_public,collected,https://x.com/JIIA_jpn,1147,"1,147",exact_public,collected,https://www.linkedin.com/company/jiia%E3%80%80center-for-global-outreach-cgo,,,,,,,,,failed,https://www.facebook.com/JIIAj,2026-09-23T06:39:33.818Z
2026-09-23_06-40-20-315,2026-09-23,Japan Institute of International Affairs (JIIA),https://www.jiia.or.jp/en/,3660,3.66K,rounded_public,collected,https://www.youtube.com/channel/UC0_Tol0rF9jExOfGHR7tCPA,,,,,,,,,,,,,,,,,,,,,2026-09-23T06:44:04.635Z
2026-09-23_06-47-02-001,2026-09-23,Japan Institute of International Affairs (JIIA),https://www.jiia.or.jp/en/,,,,,,,,,,,1147,"1,147",exact_public,collected,https://www.linkedin.com/company/jiia%E3%80%80center-for-global-outreach-cgo,,,,,,,,,,,2026-09-23T06:47:31.488Z
2026-09-23_06-48-06-830,2026-09-23,Japan Institute of International Affairs (JIIA),https://www.jiia.or.jp/en/,,,,,,,,,,,,,,,,,,,,,1304,"1,304",exact_public,collected,https://www.facebook.com/JIIAj,2026-09-23T06:51:39.408Z
2026-09-23_07-20-16-776,2026-09-23,Japan Institute of International Affairs (JIIA),https://www.jiia.or.jp/en/,,,,count_not_found,https://www.youtube.com/channel/UC0_Tol0rF9jExOfGHR7tCPA,10764,10764,exact_public,collected,https://x.com/JIIA_jpn,1147,"1,147",exact_public,collected,https://www.linkedin.com/company/jiia%E3%80%80center-for-global-outreach-cgo,,,,,,,,,failed,https://www.facebook.com/JIIAj,2026-09-23T07:20:41.343Z
2026-09-23_07-21-36-963,2026-09-23,Japan Institute of International Affairs (JIIA),https://www.jiia.or.jp/en/,,,,count_not_found,https://www.youtube.com/channel/UC0_Tol0rF9jExOfGHR7tCPA,10764,10764,exact_public,collected,https://x.com/JIIA_jpn,1147,"1,147",exact_public,collected,https://www.linkedin.com/company/jiia%E3%80%80center-for-global-outreach-cgo,,,,,,,,,failed,https://www.facebook.com/JIIAj,2026-09-23T07:22:01.223Z
2026-09-23_07-27-56-877,2026-09-23,Japan Institute of International Affairs (JIIA),https://www.jiia.or.jp/en/,3660,3.66K,rounded_public,collected,https://www.youtube.com/channel/UC0_Tol0rF9jExOfGHR7tCPA,10764,10764,exact_public,collected,https://x.com/JIIA_jpn,1147,"1,147",exact_public,collected,https://www.linkedin.com/company/jiia%E3%80%80center-for-global-outreach-cgo,,,,,,1304,"1,304",exact_public,collected,https://www.facebook.com/JIIAj,2026-09-23T07:39:29.484Z
2026-09-23_06-38-42-591,2026-09-23,KIEP,https://www.kiep.go.kr,,,,count_not_found,https://www.youtube.com/user/kiepinfo,,,,failed,https://x.com/KIEPinfo,,,,,,,,,count_not_found,https://www.instagram.com/kiepinfo,,,,failed,https://www.facebook.com/KIEPinfo,2026-09-23T06:38:47.368Z
2026-09-23_06-39-09-015,2026-09-23,KIEP,https://www.kiep.go.kr,,,,count_not_found,https://www.youtube.com/user/kiepinfo,,,,failed,https://x.com/KIEPinfo,,,,,,,,,count_not_found,https://www.instagram.com/kiepinfo,,,,failed,https://www.facebook.com/KIEPinfo,2026-09-23T06:39:49.067Z
2026-09-23_06-40-20-315,2026-09-23,KIEP,https://www.kiep.go.kr,11400,11.4K,rounded_public,collected,https://www.youtube.com/user/kiepinfo,,,,,,,,,,,,,,,,,,,,,2026-09-23T06:46:14.307Z
2026-09-23_06-48-06-830,2026-09-23,KIEP,https://www.kiep.go.kr,,,,,,,,,,,,,,,,,,,,,8391,"8,391",exact_public,collected,https://www.facebook.com/KIEPinfo,2026-09-23T06:53:42.720Z
2026-09-23_06-54-19-052,2026-09-23,KIEP,https://www.kiep.go.kr,,,,,,,,,,,,,,,,7055,7055,exact_public,collected,https://www.instagram.com/kiepinfo,,,,,,2026-09-23T07:01:25.746Z
2026-09-23_07-20-16-776,2026-09-23,KIEP,https://www.kiep.go.kr,,,,count_not_found,https://www.youtube.com/user/kiepinfo,,,,failed,https://x.com/KIEPinfo,,,,,,,,,count_not_found,https://www.instagram.com/kiepinfo,,,,failed,https://www.facebook.com/KIEPinfo,2026-09-23T07:20:56.191Z
2026-09-23_07-21-36-963,2026-09-23,KIEP,https://www.kiep.go.kr,,,,count_not_found,https://www.youtube.com/user/kiepinfo,,,,failed,https://x.com/KIEPinfo,,,,,,,,,count_not_found,https://www.instagram.com/kiepinfo,,,,failed,https://www.facebook.com/KIEPinfo,2026-09-23T07:22:16.066Z
2026-09-23_07-27-56-877,2026-09-23,KIEP,https://www.kiep.go.kr,11400,11.4K,rounded_public,collected,https://www.youtube.com/user/kiepinfo,,,,count_not_found,https://x.com/KIEPinfo,,,,,,7054,7054,exact_public,collected,https://www.instagram.com/kiepinfo,8391,"8,391",exact_public,collected,https://www.facebook.com/KIEPinfo,2026-09-23T07:46:05.322Z
2026-09-23_06-39-09-015,2026-09-23,Konrad Adenauer Foundation,https://www.kas.de/en,,,,count_not_found,https://www.youtube.com/channel/UCxmhfC04y01RmpL1cr1ouxA,27887,27887,exact_public,collected,https://x.com/KASonline,77295,"77,295",exact_public,collected,https://www.linkedin.com/company/konrad-adenauer-stiftung,,,,count_not_found,https://www.instagram.com/onlinekas/,,,,failed,https://www.facebook.com/kasfb,2026-09-23T06:39:34.160Z
2026-09-23_06-40-20-315,2026-09-23,Konrad Adenauer Foundation,https://www.kas.de/en,7350,7.35K,rounded_public,collected,https://www.youtube.com/channel/UCxmhfC04y01RmpL1cr1ouxA,,,,,,,,,,,,,,,,,,,,,2026-09-23T06:44:06.740Z
2026-09-23_06-47-02-001,2026-09-23,Konrad Adenauer Foundation,https://www.kas.de/en,,,,,,,,,,,77297,"77,297",exact_public,collected,https://www.linkedin.com/company/konrad-adenauer-stiftung,,,,,,,,,,,2026-09-23T06:47:31.686Z
2026-09-23_06-48-06-830,2026-09-23,Konrad Adenauer Foundation,https://www.kas.de/en,,,,,,,,,,,,,,,,,,,,,83763,"83,763",exact_public,collected,https://www.facebook.com/kasfb,2026-09-23T06:51:42.384Z
2026-09-23_06-54-19-052,2026-09-23,Konrad Adenauer Foundation,https://www.kas.de/en,,,,,,,,,,,,,,,,39798,39798,exact_public,collected,https://www.instagram.com/onlinekas/,,,,,,2026-09-23T06:58:51.709Z
2026-09-23_07-20-16-776,2026-09-23,Konrad Adenauer Foundation,https://www.kas.de/en,,,,count_not_found,https://www.youtube.com/channel/UCxmhfC04y01RmpL1cr1ouxA,27887,27887,exact_public,collected,https://x.com/KASonline,77298,"77,298",exact_public,collected,https://www.linkedin.com/company/konrad-adenauer-stiftung,,,,count_not_found,https://www.instagram.com/onlinekas/,,,,failed,https://www.facebook.com/kasfb,2026-09-23T07:20:42.491Z
2026-09-23_07-21-36-963,2026-09-23,Konrad Adenauer Foundation,https://www.kas.de/en,,,,count_not_found,https://www.youtube.com/channel/UCxmhfC04y01RmpL1cr1ouxA,27887,27887,exact_public,collected,https://x.com/KASonline,77298,"77,298",exact_public,collected,https://www.linkedin.com/company/konrad-adenauer-stiftung,,,,count_not_found,https://www.instagram.com/onlinekas/,,,,failed,https://www.facebook.com/kasfb,2026-09-23T07:22:01.480Z
2026-09-23_07-27-56-877,2026-09-23,Konrad Adenauer Foundation,https://www.kas.de/en,7350,7.35K,rounded_public,collected,https://www.youtube.com/channel/UCxmhfC04y01RmpL1cr1ouxA,27886,27886,exact_public,collected,https://x.com/KASonline,77298,"77,298",exact_public,collected,https://www.linkedin.com/company/konrad-adenauer-stiftung,39799,39799,exact_public,collected,https://www.instagram.com/onlinekas/,83762,"83,762",exact_public,collected,https://www.facebook.com/kasfb,2026-09-23T07:39:37.618Z
2026-09-23_06-39-09-015,2026-09-23,Lowy Institute,https://www.lowyinstitute.org,,,,count_not_found,https://www.youtube.com/user/LowyInstitute,75735,75735,exact_public,collected,https://x.com/LowyInstitute,39543,"39,543",exact_public,collected,https://www.linkedin.com/company/the-lowy-institute-for-international-policy,,,,count_not_found,https://www.instagram.com/lowyinstitute,,,,,,2026-09-23T06:39:34.961Z
2026-09-23_06-40-20-315,2026-09-23,Lowy Institute,https://www.lowyinstitute.org,18900,18.9K,rounded_public,collected,https://www.youtube.com/user/LowyInstitute,,,,,,,,,,,,,,,,,,,,,2026-09-23T06:44:08.945Z
2026-09-23_06-47-02-001,2026-09-23,Lowy Institute,https://www.lowyinstitute.org,,,,,,,,,,,39544,"39,544",exact_public,collected,https://www.linkedin.com/company/the-lowy-institute-for-international-policy,,,,,,,,,,,2026-09-23T06:47:32.562Z
2026-09-23_06-54-19-052,2026-09-23,Lowy Institute,https://www.lowyinstitute.org,,,,,,,,,,,,,,,,3332,3332,exact_public,collected,https://www.instagram.com/lowyinstitute,,,,,,2026-09-23T06:59:00.591Z
2026-09-23_07-20-16-776,2026-09-23,Lowy Institute,https://www.lowyinstitute.org,,,,count_not_found,https://www.youtube.com/user/LowyInstitute,75735,75735,exact_public,collected,https://x.com/LowyInstitute,39546,"39,546",exact_public,collected,https://www.linkedin.com/company/the-lowy-institute-for-international-policy,,,,count_not_found,https://www.instagram.com/lowyinstitute,,,,,,2026-09-23T07:20:42.519Z
2026-09-23_07-21-36-963,2026-09-23,Lowy Institute,https://www.lowyinstitute.org,,,,count_not_found,https://www.youtube.com/user/LowyInstitute,75735,75735,exact_public,collected,https://x.com/LowyInstitute,39546,"39,546",exact_public,collected,https://www.linkedin.com/company/the-lowy-institute-for-international-policy,,,,count_not_found,https://www.instagram.com/lowyinstitute,,,,,,2026-09-23T07:22:01.998Z
2026-09-23_07-27-56-877,2026-09-23,Lowy Institute,https://www.lowyinstitute.org,18900,18.9K,rounded_public,collected,https://www.youtube.com/user/LowyInstitute,75735,75735,exact_public,collected,https://x.com/LowyInstitute,39547,"39,547",exact_public,collected,https://www.linkedin.com/company/the-lowy-institute-for-international-policy,3332,3332,exact_public,collected,https://www.instagram.com/lowyinstitute,,,,,,2026-09-23T07:39:49.520Z
2026-09-23_06-39-09-015,2026-09-23,Manohar Parrikar Institute for Defence Studies and Analyses,https://www.idsa.in,,,,count_not_found,https://www.youtube.com/idsaindia,48876,48876,exact_public,collected,https://x.com/IDSAIndia,14857,"14,857",exact_public,collected,https://www.linkedin.com/company/manohar-parrikar-institute-for-defence-studies-and-analyses,,,,count_not_found,https://www.instagram.com/mpidsa_india,,,,failed,https://www.facebook.com/InstituteforDefenceStudiesAnalyses,2026-09-23T06:39:35.314Z
2026-09-23_06-40-20-315,2026-09-23,Manohar Parrikar Institute for Defence Studies and Analyses,https://www.idsa.in,34000,34K,rounded_public,collected,https://www.youtube.com/idsaindia,,,,,,,,,,,,,,,,,,,,,2026-09-23T06:44:12.298Z
2026-09-23_06-47-02-001,2026-09-23,Manohar Parrikar Institute for Defence Studies and Analyses,https://www.idsa.in,,,,,,,,,,,14857,"14,857",exact_public,collected,https://www.linkedin.com/company/manohar-parrikar-institute-for-defence-studies-and-analyses,,,,,,,,,,,2026-09-23T06:47:32.584Z
2026-09-23_06-48-06-830,2026-09-23,Manohar Parrikar Institute for Defence Studies and Analyses,https://www.idsa.in,,,,,,,,,,,,,,,,,,,,,21486,"21,486",exact_public,collected,https://www.facebook.com/InstituteforDefenceStudiesAnalyses,2026-09-23T06:51:46.547Z
2026-09-23_06-54-19-052,2026-09-23,Manohar Parrikar Institute for Defence Studies and Analyses,https://www.idsa.in,,,,,,,,,,,,,,,,228,228,exact_public,collected,https://www.instagram.com/mpidsa_india,,,,,,2026-09-23T06:59:03.506Z
2026-09-23_07-20-16-776,2026-09-23,Manohar Parrikar Institute for Defence Studies and Analyses,https://www.idsa.in,,,,count_not_found,https://www.youtube.com/idsaindia,48877,48877,exact_public,collected,https://x.com/IDSAIndia,14857,"14,857",exact_public,collected,https://www.linkedin.com/company/manohar-parrikar-institute-for-defence-studies-and-analyses,,,,count_not_found,https://www.instagram.com/mpidsa_india,,,,failed,https://www.facebook.com/InstituteforDefenceStudiesAnalyses,2026-09-23T07:20:42.723Z
2026-09-23_07-21-36-963,2026-09-23,Manohar Parrikar Institute for Defence Studies and Analyses,https://www.idsa.in,,,,count_not_found,https://www.youtube.com/idsaindia,48877,48877,exact_public,collected,https://x.com/IDSAIndia,14857,"14,857",exact_public,collected,https://www.linkedin.com/company/manohar-parrikar-institute-for-defence-studies-and-analyses,,,,count_not_found,https://www.instagram.com/mpidsa_india,,,,failed,https://www.facebook.com/InstituteforDefenceStudiesAnalyses,2026-09-23T07:22:02.478Z
2026-09-23_07-27-56-877,2026-09-23,Manohar Parrikar Institute for Defence Studies and Analyses,https://www.idsa.in,34000,34K,rounded_public,collected,https://www.youtube.com/idsaindia,48877,48877,exact_public,collected,https://x.com/IDSAIndia,14857,"14,857",exact_public,collected,https://www.linkedin.com/company/manohar-parrikar-institute-for-defence-studies-and-analyses,228,228,exact_public,collected,https://www.instagram.com/mpidsa_india,21486,"21,486",exact_public,collected,https://www.facebook.com/InstituteforDefenceStudiesAnalyses,2026-09-23T07:40:06.808Z
2026-09-23_06-39-09-015,2026-09-23,Middle East Institute,https://www.mei.edu,,,,count_not_found,https://www.youtube.com/channel/UCclgK8IW7xKzd6z9DLk8slg,,,,,,44791,"44,791",exact_public,collected,https://www.linkedin.com/company/middle-east-institute,,,,,,,,,,,2026-09-23T06:39:19.729Z
2026-09-23_06-40-20-315,2026-09-23,Middle East Institute,https://www.mei.edu,20900,20.9K,rounded_public,collected,https://www.youtube.com/channel/UCclgK8IW7xKzd6z9DLk8slg,,,,,,,,,,,,,,,,,,,,,2026-09-23T06:44:22.215Z
2026-09-23_06-47-02-001,2026-09-23,Middle East Institute,https://www.mei.edu,,,,,,,,,,,44791,"44,791",exact_public,collected,https://www.linkedin.com/company/middle-east-institute,,,,,,,,,,,2026-09-23T06:47:33.401Z
2026-09-23_07-20-16-776,2026-09-23,Middle East Institute,https://www.mei.edu,,,,count_not_found,https://www.youtube.com/channel/UCclgK8IW7xKzd6z9DLk8slg,,,,,,,,,failed,https://www.linkedin.com/company/middle-east-institute,,,,,,,,,,,2026-09-23T07:20:26.359Z
2026-09-23_07-21-36-963,2026-09-23,Middle East Institute,https://www.mei.edu,,,,count_not_found,https://www.youtube.com/channel/UCclgK8IW7xKzd6z9DLk8slg,,,,,,44792,"44,792",exact_public,collected,https://www.linkedin.com/company/middle-east-institute,,,,,,,,,,,2026-09-23T07:21:47.371Z
2026-09-23_07-27-56-877,2026-09-23,Middle East Institute,https://www.mei.edu,20900,20.9K,rounded_public,collected,https://www.youtube.com/channel/UCclgK8IW7xKzd6z9DLk8slg,,,,,,44792,"44,792",exact_public,collected,https://www.linkedin.com/company/middle-east-institute,,,,,,,,,,,2026-09-23T07:40:13.986Z
2026-09-23_06-39-09-015,2026-09-23,Migration Policy Institute,https://www.migrationpolicy.org,,,,count_not_found,https://www.youtube.com/channel/UCdtJ56R55sCQFGfZ7Q7mQJg,46605,46605,exact_public,collected,https://x.com/MigrationPolicy?lang=en,60303,"60,303",exact_public,collected,https://www.linkedin.com/company/migration-policy-institute,,,,count_not_found,https://www.instagram.com/migrationpolicyinstitute/,,,,failed,https://www.facebook.com/MigrationPolicyInstitute/,2026-09-23T06:39:35.479Z
2026-09-23_06-40-20-315,2026-09-23,Migration Policy Institute,https://www.migrationpolicy.org,1560,1.56K,rounded_public,collected,https://www.youtube.com/channel/UCdtJ56R55sCQFGfZ7Q7mQJg,,,,,,,,,,,,,,,,,,,,,2026-09-23T06:44:24.715Z
2026-09-23_06-47-02-001,2026-09-23,Migration Policy Institute,https://www.migrationpolicy.org,,,,,,,,,,,60303,"60,303",exact_public,collected,https://www.linkedin.com/company/migration-policy-institute,,,,,,,,,,,2026-09-23T06:47:33.438Z
2026-09-23_06-48-06-830,2026-09-23,Migration Policy Institute,https://www.migrationpolicy.org,,,,,,,,,,,,,,,,,,,,,22825,"22,825",exact_public,collected,https://www.facebook.com/MigrationPolicyInstitute/,2026-09-23T06:51:53.434Z
2026-09-23_06-54-19-052,2026-09-23,Migration Policy Institute,https://www.migrationpolicy.org,,,,,,,,,,,,,,,,3777,3777,exact_public,collected,https://www.instagram.com/migrationpolicyinstitute/,,,,,,2026-09-23T06:59:12.704Z
2026-09-23_07-20-16-776,2026-09-23,Migration Policy Institute,https://www.migrationpolicy.org,,,,count_not_found,https://www.youtube.com/channel/UCdtJ56R55sCQFGfZ7Q7mQJg,46605,46605,exact_public,collected,https://x.com/MigrationPolicy?lang=en,60304,"60,304",exact_public,collected,https://www.linkedin.com/company/migration-policy-institute,,,,count_not_found,https://www.instagram.com/migrationpolicyinstitute/,,,,failed,https://www.facebook.com/MigrationPolicyInstitute/,2026-09-23T07:20:43.586Z
2026-09-23_07-21-36-963,2026-09-23,Migration Policy Institute,https://www.migrationpolicy.org,,,,count_not_found,https://www.youtube.com/channel/UCdtJ56R55sCQFGfZ7Q7mQJg,46605,46605,exact_public,collected,https://x.com/MigrationPolicy?lang=en,60304,"60,304",exact_public,collected,https://www.linkedin.com/company/migration-policy-institute,,,,count_not_found,https://www.instagram.com/migrationpolicyinstitute/,,,,failed,https://www.facebook.com/MigrationPolicyInstitute/,2026-09-23T07:22:02.750Z
2026-09-23_07-27-56-877,2026-09-23,Migration Policy Institute,https://www.migrationpolicy.org,1560,1.56K,rounded_public,collected,https://www.youtube.com/channel/UCdtJ56R55sCQFGfZ7Q7mQJg,46606,46606,exact_public,collected,https://x.com/MigrationPolicy?lang=en,60305,"60,305",exact_public,collected,https://www.linkedin.com/company/migration-policy-institute,3777,3777,exact_public,collected,https://www.instagram.com/migrationpolicyinstitute/,22826,"22,826",exact_public,collected,https://www.facebook.com/MigrationPolicyInstitute/,2026-09-23T07:40:20.392Z
2026-09-23_06-39-09-015,2026-09-23,National Bureau of Asian Research,https://www.nbr.org,,,,count_not_found,https://www.youtube.com/user/NBRonline,14319,14319,exact_public,collected,https://x.com/nbrnews,16822,"16,822",exact_public,collected,https://www.linkedin.com/company/nbrnews,,,,,,,,,failed,https://www.facebook.com/NBRnews,2026-09-23T06:39:36.492Z
2026-09-23_06-40-20-315,2026-09-23,National Bureau of Asian Research,https://www.nbr.org,1380,1.38K,rounded_public,collected,https://www.youtube.com/user/NBRonline,,,,,,,,,,,,,,,,,,,,,2026-09-23T06:44:27.432Z
2026-09-23_06-47-02-001,2026-09-23,National Bureau of Asian Research,https://www.nbr.org,,,,,,,,,,,16822,"16,822",exact_public,collected,https://www.linkedin.com/company/nbrnews,,,,,,,,,,,2026-09-23T06:47:34.308Z
2026-09-23_06-48-06-830,2026-09-23,National Bureau of Asian Research,https://www.nbr.org,,,,,,,,,,,,,,,,,,,,,7818,"7,818",exact_public,collected,https://www.facebook.com/NBRnews,2026-09-23T06:51:55.770Z
2026-09-23_07-20-16-776,2026-09-23,National Bureau of Asian Research,https://www.nbr.org,,,,count_not_found,https://www.youtube.com/user/NBRonline,14319,14319,exact_public,collected,https://x.com/nbrnews,,,,failed,https://www.linkedin.com/company/the-national-bureau-of-asian-research,,,,,,,,,failed,https://www.facebook.com/NBRnews,2026-09-23T07:20:43.778Z
2026-09-23_07-21-36-963,2026-09-23,National Bureau of Asian Research,https://www.nbr.org,,,,count_not_found,https://www.youtube.com/user/NBRonline,14319,14319,exact_public,collected,https://x.com/nbrnews,,,,failed,https://www.linkedin.com/company/the-national-bureau-of-asian-research,,,,,,,,,failed,https://www.facebook.com/NBRnews,2026-09-23T07:22:03.271Z
2026-09-23_07-27-56-877,2026-09-23,National Bureau of Asian Research,https://www.nbr.org,1380,1.38K,rounded_public,collected,https://www.youtube.com/user/NBRonline,14319,14319,exact_public,collected,https://x.com/nbrnews,16822,"16,822",exact_public,collected,https://www.linkedin.com/company/nbrnews,,,,,,7818,"7,818",exact_public,collected,https://www.facebook.com/NBRnews,2026-09-23T07:40:30.834Z
2026-09-23_06-39-09-015,2026-09-23,National Council of Applied Economic Research,https://www.ncaer.org,,,,count_not_found,https://www.youtube.com/user/NCAER,9045,9045,exact_public,collected,https://x.com/NCAER,26232,"26,232",exact_public,collected,https://www.linkedin.com/company/ncaer,,,,,,,,,,,2026-09-23T06:39:36.662Z
2026-09-23_06-40-20-315,2026-09-23,National Council of Applied Economic Research,https://www.ncaer.org,2360,2.36K,rounded_public,collected,https://www.youtube.com/user/NCAER,,,,,,,,,,,,,,,,,,,,,2026-09-23T06:44:27.617Z
2026-09-23_06-47-02-001,2026-09-23,National Council of Applied Economic Research,https://www.ncaer.org,,,,,,,,,,,26232,"26,232",exact_public,collected,https://www.linkedin.com/company/ncaer,,,,,,,,,,,2026-09-23T06:47:34.378Z
2026-09-23_07-20-16-776,2026-09-23,National Council of Applied Economic Research,https://www.ncaer.org,,,,count_not_found,https://www.youtube.com/user/NCAER,9046,9046,exact_public,collected,https://x.com/NCAER,,,,failed,https://www.linkedin.com/company/ncaer,,,,,,,,,,,2026-09-23T07:20:44.165Z
2026-09-23_07-21-36-963,2026-09-23,National Council of Applied Economic Research,https://www.ncaer.org,,,,count_not_found,https://www.youtube.com/user/NCAER,9046,9046,exact_public,collected,https://x.com/NCAER,26234,"26,234",exact_public,collected,https://www.linkedin.com/company/ncaer,,,,,,,,,,,2026-09-23T07:22:03.777Z
2026-09-23_07-27-56-877,2026-09-23,National Council of Applied Economic Research,https://www.ncaer.org,2360,2.36K,rounded_public,collected,https://www.youtube.com/user/NCAER,9047,9047,exact_public,collected,https://x.com/NCAER,26234,"26,234",exact_public,collected,https://www.linkedin.com/company/ncaer,,,,,,,,,,,2026-09-23T07:40:36.054Z
2026-09-23_06-39-09-015,2026-09-23,National Institute of Advanced Studies,https://www.nias.res.in,,,,count_not_found,https://www.youtube.com/@nationalinstituteofadvance778,,,,,,,,,,,,,,,,,,,,,2026-09-23T06:39:14.356Z
2026-09-23_06-40-20-315,2026-09-23,National Institute of Advanced Studies,https://www.nias.res.in,7140,7.14K,rounded_public,collected,https://www.youtube.com/@nationalinstituteofadvance778,,,,,,,,,,,,,,,,,,,,,2026-09-23T06:44:33.897Z
2026-09-23_07-20-16-776,2026-09-23,National Institute of Advanced Studies,https://www.nias.res.in,,,,count_not_found,https://www.youtube.com/@nationalinstituteofadvance778,,,,,,,,,,,,,,,,,,,,,2026-09-23T07:20:26.702Z
2026-09-23_07-21-36-963,2026-09-23,National Institute of Advanced Studies,https://www.nias.res.in,,,,count_not_found,https://www.youtube.com/@nationalinstituteofadvance778,,,,,,,,,,,,,,,,,,,,,2026-09-23T07:21:48.060Z
2026-09-23_07-27-56-877,2026-09-23,National Institute of Advanced Studies,https://www.nias.res.in,7140,7.14K,rounded_public,collected,https://www.youtube.com/@nationalinstituteofadvance778,,,,,,,,,,,,,,,,,,,,,2026-09-23T07:40:36.215Z
2026-09-23_06-39-09-015,2026-09-23,New America,https://www.newamerica.org,,,,count_not_found,https://www.youtube.com/@NewamericaOrgideas,51508,51508,exact_public,collected,https://x.com/NewAmerica,31540,"31,540",exact_public,collected,https://www.linkedin.com/company/new-america,,,,count_not_found,https://www.instagram.com/newamericaorg,,,,failed,https://www.facebook.com/NewAmerica,2026-09-23T06:39:36.792Z
2026-09-23_06-40-20-315,2026-09-23,New America,https://www.newamerica.org,29300,29.3K,rounded_public,collected,https://www.youtube.com/@NewamericaOrgideas,,,,,,,,,,,,,,,,,,,,,2026-09-23T06:44:36.275Z
2026-09-23_06-47-02-001,2026-09-23,New America,https://www.newamerica.org,,,,,,,,,,,31540,"31,540",exact_public,collected,https://www.linkedin.com/company/new-america,,,,,,,,,,,2026-09-23T06:47:35.155Z
2026-09-23_06-48-06-830,2026-09-23,New America,https://www.newamerica.org,,,,,,,,,,,,,,,,,,,,,25815,"25,815",exact_public,collected,https://www.facebook.com/NewAmerica,2026-09-23T06:52:00.929Z
2026-09-23_06-54-19-052,2026-09-23,New America,https://www.newamerica.org,,,,,,,,,,,,,,,,2590,2590,exact_public,collected,https://www.instagram.com/newamericaorg,,,,,,2026-09-23T06:59:14.930Z
2026-09-23_07-20-16-776,2026-09-23,New America,https://www.newamerica.org,,,,count_not_found,https://www.youtube.com/@NewamericaOrgideas,51508,51508,exact_public,collected,https://x.com/NewAmerica,31540,"31,540",exact_public,collected,https://www.linkedin.com/company/new-america,,,,count_not_found,https://www.instagram.com/newamericaorg,,,,failed,https://www.facebook.com/NewAmerica,2026-09-23T07:20:44.737Z
2026-09-23_07-21-36-963,2026-09-23,New America,https://www.newamerica.org,,,,count_not_found,https://www.youtube.com/@NewamericaOrgideas,51508,51508,exact_public,collected,https://x.com/NewAmerica,31540,"31,540",exact_public,collected,https://www.linkedin.com/company/new-america,,,,count_not_found,https://www.instagram.com/newamericaorg,,,,failed,https://www.facebook.com/NewAmerica,2026-09-23T07:22:03.990Z
2026-09-23_07-27-56-877,2026-09-23,New America,https://www.newamerica.org,29300,29.3K,rounded_public,collected,https://www.youtube.com/@NewamericaOrgideas,51508,51508,exact_public,collected,https://x.com/NewAmerica,31540,"31,540",exact_public,collected,https://www.linkedin.com/company/new-america,2590,2590,exact_public,collected,https://www.instagram.com/newamericaorg,25817,"25,817",exact_public,collected,https://www.facebook.com/NewAmerica,2026-09-23T07:40:48.513Z
2026-09-23_06-39-09-015,2026-09-23,NUPI (Norwegian Institute of International Affairs),https://www.nupi.no/en,,,,count_not_found,https://www.youtube.com/user/nupinytt,16135,16135,exact_public,collected,https://x.com/nupinytt,27889,"27,889",exact_public,collected,https://www.linkedin.com/company/norwegian-institute-of-international-affairs,,,,count_not_found,https://www.instagram.com/nupinytt,,,,,,2026-09-23T06:39:37.769Z
2026-09-23_06-40-20-315,2026-09-23,NUPI (Norwegian Institute of International Affairs),https://www.nupi.no/en,6130,6.13K,rounded_public,collected,https://www.youtube.com/user/nupinytt,,,,,,,,,,,,,,,,,,,,,2026-09-23T06:44:36.817Z
2026-09-23_06-47-02-001,2026-09-23,NUPI (Norwegian Institute of International Affairs),https://www.nupi.no/en,,,,,,,,,,,27889,"27,889",exact_public,collected,https://www.linkedin.com/company/norwegian-institute-of-international-affairs,,,,,,,,,,,2026-09-23T06:47:35.653Z
2026-09-23_06-54-19-052,2026-09-23,NUPI (Norwegian Institute of International Affairs),https://www.nupi.no/en,,,,,,,,,,,,,,,,2775,2775,exact_public,collected,https://www.instagram.com/nupinytt,,,,,,2026-09-23T06:59:24.619Z
2026-09-23_07-20-16-776,2026-09-23,NUPI (Norwegian Institute of International Affairs),https://www.nupi.no/en,,,,count_not_found,https://www.youtube.com/user/nupinytt,16135,16135,exact_public,collected,https://x.com/nupinytt,,,,failed,https://www.linkedin.com/company/norwegian-institute-of-international-affairs,,,,count_not_found,https://www.instagram.com/nupinytt,,,,,,2026-09-23T07:20:44.899Z
2026-09-23_07-21-36-963,2026-09-23,NUPI (Norwegian Institute of International Affairs),https://www.nupi.no/en,,,,count_not_found,https://www.youtube.com/user/nupinytt,16135,16135,exact_public,collected,https://x.com/nupinytt,,,,failed,https://www.linkedin.com/company/norwegian-institute-of-international-affairs,,,,count_not_found,https://www.instagram.com/nupinytt,,,,,,2026-09-23T07:22:04.530Z
2026-09-23_07-27-56-877,2026-09-23,NUPI (Norwegian Institute of International Affairs),https://www.nupi.no/en,6130,6.13K,rounded_public,collected,https://www.youtube.com/user/nupinytt,16135,16135,exact_public,collected,https://x.com/nupinytt,27889,"27,889",exact_public,collected,https://www.linkedin.com/company/norwegian-institute-of-international-affairs,2776,2776,exact_public,collected,https://www.instagram.com/nupinytt,,,,,,2026-09-23T07:40:56.477Z
2026-09-23_06-39-09-015,2026-09-23,Observer Research Foundation,https://www.orfonline.org,,,,count_not_found,https://www.youtube.com/channel/UCkcjGxTW_mLZmmEfWP2UMtQ,159419,159419,exact_public,collected,https://x.com/orfonline,129297,"129,297",exact_public,collected,https://www.linkedin.com/company/observer-research-foundation,,,,count_not_found,https://www.instagram.com/orfonline,,,,failed,https://www.facebook.com/ORFOnline,2026-09-23T06:39:38.028Z
2026-09-23_06-40-20-315,2026-09-23,Observer Research Foundation,https://www.orfonline.org,256000,256K,rounded_public,collected,https://www.youtube.com/channel/UCkcjGxTW_mLZmmEfWP2UMtQ,,,,,,,,,,,,,,,,,,,,,2026-09-23T06:44:41.451Z
2026-09-23_06-47-02-001,2026-09-23,Observer Research Foundation,https://www.orfonline.org,,,,,,,,,,,129297,"129,297",exact_public,collected,https://www.linkedin.com/company/observer-research-foundation,,,,,,,,,,,2026-09-23T06:47:35.998Z
2026-09-23_06-48-06-830,2026-09-23,Observer Research Foundation,https://www.orfonline.org,,,,,,,,,,,,,,,,,,,,,291085,"291,085",exact_public,collected,https://www.facebook.com/ORFOnline,2026-09-23T06:52:06.154Z
2026-09-23_06-54-19-052,2026-09-23,Observer Research Foundation,https://www.orfonline.org,,,,,,,,,,,,,,,,70717,70717,exact_public,collected,https://www.instagram.com/orfonline,,,,,,2026-09-23T06:59:26.762Z
2026-09-23_07-20-16-776,2026-09-23,Observer Research Foundation,https://www.orfonline.org,,,,count_not_found,https://www.youtube.com/channel/UCkcjGxTW_mLZmmEfWP2UMtQ,159420,159420,exact_public,collected,https://x.com/orfonline,129301,"129,301",exact_public,collected,https://www.linkedin.com/company/observer-research-foundation,,,,count_not_found,https://www.instagram.com/orfonline,,,,failed,https://www.facebook.com/ORFOnline,2026-09-23T07:20:45.748Z
2026-09-23_07-21-36-963,2026-09-23,Observer Research Foundation,https://www.orfonline.org,,,,count_not_found,https://www.youtube.com/channel/UCkcjGxTW_mLZmmEfWP2UMtQ,159420,159420,exact_public,collected,https://x.com/orfonline,,,,failed,https://www.linkedin.com/company/observer-research-foundation,,,,count_not_found,https://www.instagram.com/orfonline,,,,failed,https://www.facebook.com/ORFOnline,2026-09-23T07:22:04.964Z
2026-09-23_07-27-56-877,2026-09-23,Observer Research Foundation,https://www.orfonline.org,256000,256K,rounded_public,collected,https://www.youtube.com/channel/UCkcjGxTW_mLZmmEfWP2UMtQ,159421,159421,exact_public,collected,https://x.com/orfonline,129305,"129,305",exact_public,collected,https://www.linkedin.com/company/observer-research-foundation,70717,70717,exact_public,collected,https://www.instagram.com/orfonline,291079,"291,079",exact_public,collected,https://www.facebook.com/ORFOnline,2026-09-23T07:41:07.183Z
2026-09-23_06-39-09-015,2026-09-23,OIIP (Austrian Institute for International Affairs),https://www.oiip.ac.at/en/,,,,count_not_found,https://www.youtube.com/channel/UCv1DPI5lm0tN_PXi9m578Gw,2323,2323,exact_public,collected,https://x.com/InfoOiip,,,,failed,https://www.linkedin.com/in/%C3%B6sterreichisches-institut-f%C3%BCr-internationale-politik-611010216,,,,,,,,,failed,https://www.facebook.com/wien.oiip,2026-09-23T06:39:38.082Z
2026-09-23_06-40-20-315,2026-09-23,OIIP (Austrian Institute for International Affairs),https://www.oiip.ac.at/en/,248,248,exact_public,collected,https://www.youtube.com/channel/UCv1DPI5lm0tN_PXi9m578Gw,,,,,,,,,,,,,,,,,,,,,2026-09-23T06:44:44.465Z
2026-09-23_06-47-02-001,2026-09-23,OIIP (Austrian Institute for International Affairs),https://www.oiip.ac.at/en/,,,,,,,,,,,,,,failed,https://www.linkedin.com/in/%C3%B6sterreichisches-institut-f%C3%BCr-internationale-politik-611010216,,,,,,,,,,,2026-09-23T06:47:36.802Z
2026-09-23_06-48-06-830,2026-09-23,OIIP (Austrian Institute for International Affairs),https://www.oiip.ac.at/en/,,,,,,,,,,,,,,,,,,,,,3331,"3,331",exact_public,collected,https://www.facebook.com/wien.oiip,2026-09-23T06:52:08.385Z
2026-09-23_07-20-16-776,2026-09-23,OIIP (Austrian Institute for International Affairs),https://www.oiip.ac.at/en/,,,,count_not_found,https://www.youtube.com/channel/UCv1DPI5lm0tN_PXi9m578Gw,2323,2323,exact_public,collected,https://x.com/InfoOiip,,,,failed,https://www.linkedin.com/in/%C3%B6sterreichisches-institut-f%C3%BCr-internationale-politik-611010216,,,,,,,,,failed,https://www.facebook.com/wien.oiip,2026-09-23T07:20:45.915Z
2026-09-23_07-21-36-963,2026-09-23,OIIP (Austrian Institute for International Affairs),https://www.oiip.ac.at/en/,,,,count_not_found,https://www.youtube.com/channel/UCv1DPI5lm0tN_PXi9m578Gw,2323,2323,exact_public,collected,https://x.com/InfoOiip,,,,failed,https://www.linkedin.com/in/%C3%B6sterreichisches-institut-f%C3%BCr-internationale-politik-611010216,,,,,,,,,failed,https://www.facebook.com/wien.oiip,2026-09-23T07:22:05.223Z
2026-09-23_07-27-56-877,2026-09-23,OIIP (Austrian Institute for International Affairs),https://www.oiip.ac.at/en/,248,248,exact_public,collected,https://www.youtube.com/channel/UCv1DPI5lm0tN_PXi9m578Gw,2323,2323,exact_public,collected,https://x.com/InfoOiip,,,,count_not_found,https://www.linkedin.com/authwall?trk=gf&trkInfo=AQFhtAiZR1O7sgAAAaDNNlxY4TOHNkENCE55N5EZY2a7_Km5Cf0VAxewJ1hdm-vtHyqOnW4uBwfFwqECtCrRzaxqlyfKCJRCf2-j-lryJHGZAxk3jAUUNAhgQsqjl5WAC93tWAc=&original_referer=&sessionRedirect=https%3A%2F%2Fwww.linkedin.com%2Fin%2F%25C3%25B6sterreichisches-institut-f%25C3%25BCr-internationale-politik-611010216,,,,,,3331,"3,331",exact_public,collected,https://www.facebook.com/wien.oiip,2026-09-23T07:41:21.719Z
2026-09-23_06-39-09-015,2026-09-23,OSW (Centre for Eastern Studies),https://www.osw.waw.pl/en,,,,count_not_found,https://www.youtube.com/@centreforeasternstudies,19469,19469,exact_public,collected,https://x.com/OSW_eng,,,,,,,,,,,,,,failed,https://www.facebook.com/CentreforEasternStudies,2026-09-23T06:39:39.011Z
2026-09-23_06-40-20-315,2026-09-23,OSW (Centre for Eastern Studies),https://www.osw.waw.pl/en,73500,73.5K,rounded_public,collected,https://www.youtube.com/@centreforeasternstudies,,,,,,,,,,,,,,,,,,,,,2026-09-23T06:44:49.308Z
2026-09-23_06-48-06-830,2026-09-23,OSW (Centre for Eastern Studies),https://www.osw.waw.pl/en,,,,,,,,,,,,,,,,,,,,,4715,"4,715",exact_public,collected,https://www.facebook.com/CentreforEasternStudies,2026-09-23T06:52:15.540Z
2026-09-23_07-20-16-776,2026-09-23,OSW (Centre for Eastern Studies),https://www.osw.waw.pl/en,,,,count_not_found,https://www.youtube.com/@centreforeasternstudies,19469,19469,exact_public,collected,https://x.com/OSW_eng,,,,,,,,,,,,,,failed,https://www.facebook.com/CentreforEasternStudies,2026-09-23T07:20:46.182Z
2026-09-23_07-21-36-963,2026-09-23,OSW (Centre for Eastern Studies),https://www.osw.waw.pl/en,,,,count_not_found,https://www.youtube.com/@centreforeasternstudies,19469,19469,exact_public,collected,https://x.com/OSW_eng,,,,,,,,,,,,,,failed,https://www.facebook.com/CentreforEasternStudies,2026-09-23T07:22:05.758Z
2026-09-23_07-27-56-877,2026-09-23,OSW (Centre for Eastern Studies),https://www.osw.waw.pl/en,73500,73.5K,rounded_public,collected,https://www.youtube.com/@centreforeasternstudies,19469,19469,exact_public,collected,https://x.com/OSW_eng,,,,,,,,,,,4715,"4,715",exact_public,collected,https://www.facebook.com/CentreforEasternStudies,2026-09-23T07:41:27.141Z
2026-09-23_06-39-09-015,2026-09-23,PCNS (Policy Center for the New South),https://www.policycenter.ma,,,,count_not_found,https://www.youtube.com/PolicyCenterfortheNewSouth,17379,17379,exact_public,collected,https://x.com/PolicyCenterNS,38695,"38,695",exact_public,collected,https://www.linkedin.com/company/policycenterns,,,,count_not_found,https://www.instagram.com/policycenter.ns,,,,failed,https://www.facebook.com/PolicyCenterNS,2026-09-23T06:39:39.364Z
2026-09-23_06-40-20-315,2026-09-23,PCNS (Policy Center for the New South),https://www.policycenter.ma,19300,19.3K,rounded_public,collected,https://www.youtube.com/PolicyCenterfortheNewSouth,,,,,,,,,,,,,,,,,,,,,2026-09-23T06:44:52.247Z
2026-09-23_06-47-02-001,2026-09-23,PCNS (Policy Center for the New South),https://www.policycenter.ma,,,,,,,,,,,38695,"38,695",exact_public,collected,https://www.linkedin.com/company/policycenterns,,,,,,,,,,,2026-09-23T06:47:36.916Z
2026-09-23_06-48-06-830,2026-09-23,PCNS (Policy Center for the New South),https://www.policycenter.ma,,,,,,,,,,,,,,,,,,,,,29148,"29,148",exact_public,collected,https://www.facebook.com/PolicyCenterNS,2026-09-23T06:52:19.835Z
2026-09-23_06-54-19-052,2026-09-23,PCNS (Policy Center for the New South),https://www.policycenter.ma,,,,,,,,,,,,,,,,10903,10903,exact_public,collected,https://www.instagram.com/policycenter.ns,,,,,,2026-09-23T06:59:36.699Z
2026-09-23_07-20-16-776,2026-09-23,PCNS (Policy Center for the New South),https://www.policycenter.ma,,,,count_not_found,https://www.youtube.com/PolicyCenterfortheNewSouth,17378,17378,exact_public,collected,https://x.com/PolicyCenterNS,38695,"38,695",exact_public,collected,https://www.linkedin.com/company/policycenterns,,,,count_not_found,https://www.instagram.com/policycenter.ns,,,,failed,https://www.facebook.com/PolicyCenterNS,2026-09-23T07:20:47.111Z
2026-09-23_07-21-36-963,2026-09-23,PCNS (Policy Center for the New South),https://www.policycenter.ma,,,,count_not_found,https://www.youtube.com/PolicyCenterfortheNewSouth,17378,17378,exact_public,collected,https://x.com/PolicyCenterNS,38695,"38,695",exact_public,collected,https://www.linkedin.com/company/policycenterns,,,,count_not_found,https://www.instagram.com/policycenter.ns,,,,failed,https://www.facebook.com/PolicyCenterNS,2026-09-23T07:22:06.189Z
2026-09-23_07-27-56-877,2026-09-23,PCNS (Policy Center for the New South),https://www.policycenter.ma,19300,19.3K,rounded_public,collected,https://www.youtube.com/PolicyCenterfortheNewSouth,17378,17378,exact_public,collected,https://x.com/PolicyCenterNS,38695,"38,695",exact_public,collected,https://www.linkedin.com/company/policycenterns,10903,10903,exact_public,collected,https://www.instagram.com/policycenter.ns,29148,"29,148",exact_public,collected,https://www.facebook.com/PolicyCenterNS,2026-09-23T07:41:42.385Z
2026-09-23_06-39-09-015,2026-09-23,PIIE,https://www.piie.com,,,,count_not_found,https://www.youtube.com/channel/UCRnLlxwOaxeplsJ8On583Vw,,,,,,32733,"32,733",exact_public,collected,https://www.linkedin.com/company/piie,,,,,,,,,,,2026-09-23T06:39:21.684Z
2026-09-23_06-40-20-315,2026-09-23,PIIE,https://www.piie.com,36300,36.3K,rounded_public,collected,https://www.youtube.com/channel/UCRnLlxwOaxeplsJ8On583Vw,,,,,,,,,,,,,,,,,,,,,2026-09-23T06:44:55.395Z
2026-09-23_06-47-02-001,2026-09-23,PIIE,https://www.piie.com,,,,,,,,,,,32734,"32,734",exact_public,collected,https://www.linkedin.com/company/piie,,,,,,,,,,,2026-09-23T06:47:37.757Z
2026-09-23_07-20-16-776,2026-09-23,PIIE,https://www.piie.com,,,,count_not_found,https://www.youtube.com/channel/UCRnLlxwOaxeplsJ8On583Vw,,,,,,,,,failed,https://www.linkedin.com/company/piie,,,,,,,,,,,2026-09-23T07:20:27.594Z
2026-09-23_07-21-36-963,2026-09-23,PIIE,https://www.piie.com,,,,count_not_found,https://www.youtube.com/channel/UCRnLlxwOaxeplsJ8On583Vw,,,,,,32734,"32,734",exact_public,collected,https://www.linkedin.com/company/piie,,,,,,,,,,,2026-09-23T07:21:49.006Z
2026-09-23_07-27-56-877,2026-09-23,PIIE,https://www.piie.com,36300,36.3K,rounded_public,collected,https://www.youtube.com/channel/UCRnLlxwOaxeplsJ8On583Vw,,,,,,32734,"32,734",exact_public,collected,https://www.linkedin.com/company/piie,,,,,,,,,,,2026-09-23T07:41:48.116Z
2026-09-23_06-39-09-015,2026-09-23,Public Affairs Centre (PAC),https://pacindia.org,,,,count_not_found,https://www.youtube.com/pacindiavideos,1101,1101,exact_public,collected,https://x.com/pacindia,6359,"6,359",exact_public,collected,https://www.linkedin.com/company/pacindia,,,,count_not_found,https://www.instagram.com/pacindia,,,,,,2026-09-23T06:39:39.368Z
2026-09-23_06-40-20-315,2026-09-23,Public Affairs Centre (PAC),https://pacindia.org,1070,1.07K,rounded_public,collected,https://www.youtube.com/pacindiavideos,,,,,,,,,,,,,,,,,,,,,2026-09-23T06:44:57.991Z
2026-09-23_06-47-02-001,2026-09-23,Public Affairs Centre (PAC),https://pacindia.org,,,,,,,,,,,6359,"6,359",exact_public,collected,https://www.linkedin.com/company/pacindia,,,,,,,,,,,2026-09-23T06:47:37.812Z
2026-09-23_06-54-19-052,2026-09-23,Public Affairs Centre (PAC),https://pacindia.org,,,,,,,,,,,,,,,,411,411,exact_public,collected,https://www.instagram.com/pacindia,,,,,,2026-09-23T06:59:38.849Z
2026-09-23_07-20-16-776,2026-09-23,Public Affairs Centre (PAC),https://pacindia.org,,,,count_not_found,https://www.youtube.com/pacindiavideos,1101,1101,exact_public,collected,https://x.com/pacindia,,,,failed,https://www.linkedin.com/company/pacindia,,,,count_not_found,https://www.instagram.com/pacindia,,,,,,2026-09-23T07:20:47.270Z
2026-09-23_07-21-36-963,2026-09-23,Public Affairs Centre (PAC),https://pacindia.org,,,,count_not_found,https://www.youtube.com/pacindiavideos,1101,1101,exact_public,collected,https://x.com/pacindia,6359,"6,359",exact_public,collected,https://www.linkedin.com/company/pacindia,,,,count_not_found,https://www.instagram.com/pacindia,,,,,,2026-09-23T07:22:06.540Z
2026-09-23_07-27-56-877,2026-09-23,Public Affairs Centre (PAC),https://pacindia.org,1070,1.07K,rounded_public,collected,https://www.youtube.com/pacindiavideos,1101,1101,exact_public,collected,https://x.com/pacindia,6359,"6,359",exact_public,collected,https://www.linkedin.com/company/pacindia,411,411,exact_public,collected,https://www.instagram.com/pacindia,,,,,,2026-09-23T07:41:55.605Z
2026-09-23_06-39-09-015,2026-09-23,RAND Corporation,https://www.rand.org,,,,count_not_found,https://www.youtube.com/channel/UCTnsIW_melVWGQC_dxQh45g,261751,261751,exact_public,collected,https://x.com/RANDCorporation,211721,"211,721",exact_public,collected,https://www.linkedin.com/company/rand-corporation,,,,count_not_found,https://www.instagram.com/randcorporation/,,,,failed,https://www.facebook.com/RANDCorporation,2026-09-23T06:39:40.104Z
2026-09-23_06-40-20-315,2026-09-23,RAND Corporation,https://www.rand.org,38300,38.3K,rounded_public,collected,https://www.youtube.com/channel/UCTnsIW_melVWGQC_dxQh45g,,,,,,,,,,,,,,,,,,,,,2026-09-23T06:44:58.431Z
2026-09-23_06-47-02-001,2026-09-23,RAND Corporation,https://www.rand.org,,,,,,,,,,,211721,"211,721",exact_public,collected,https://www.linkedin.com/company/rand-corporation,,,,,,,,,,,2026-09-23T06:47:38.666Z
2026-09-23_06-48-06-830,2026-09-23,RAND Corporation,https://www.rand.org,,,,,,,,,,,,,,,,,,,,,69236,"69,236",exact_public,collected,https://www.facebook.com/RANDCorporation,2026-09-23T06:52:23.125Z
2026-09-23_06-54-19-052,2026-09-23,RAND Corporation,https://www.rand.org,,,,,,,,,,,,,,,,27623,27623,exact_public,collected,https://www.instagram.com/randcorporation/,,,,,,2026-09-23T06:59:48.429Z
2026-09-23_07-20-16-776,2026-09-23,RAND Corporation,https://www.rand.org,,,,count_not_found,https://www.youtube.com/channel/UCTnsIW_melVWGQC_dxQh45g,261747,261747,exact_public,collected,https://x.com/RANDCorporation,211721,"211,721",exact_public,collected,https://www.linkedin.com/company/rand-corporation,,,,count_not_found,https://www.instagram.com/randcorporation/,,,,failed,https://www.facebook.com/RANDCorporation,2026-09-23T07:20:47.432Z
2026-09-23_07-21-36-963,2026-09-23,RAND Corporation,https://www.rand.org,,,,count_not_found,https://www.youtube.com/channel/UCTnsIW_melVWGQC_dxQh45g,261747,261747,exact_public,collected,https://x.com/RANDCorporation,211721,"211,721",exact_public,collected,https://www.linkedin.com/company/rand-corporation,,,,count_not_found,https://www.instagram.com/randcorporation/,,,,failed,https://www.facebook.com/RANDCorporation,2026-09-23T07:22:06.946Z
2026-09-23_07-27-56-877,2026-09-23,RAND Corporation,https://www.rand.org,38300,38.3K,rounded_public,collected,https://www.youtube.com/channel/UCTnsIW_melVWGQC_dxQh45g,261749,261749,exact_public,collected,https://x.com/RANDCorporation,211722,"211,722",exact_public,collected,https://www.linkedin.com/company/rand-corporation,27623,27623,exact_public,collected,https://www.instagram.com/randcorporation/,69236,"69,236",exact_public,collected,https://www.facebook.com/RANDCorporation,2026-09-23T07:42:02.568Z
2026-09-23_06-39-09-015,2026-09-23,RIS,https://www.ris.org.in,,,,count_not_found,https://www.youtube.com/user/RISNewDelhi,14725,14725,exact_public,collected,https://x.com/RIS_NewDelhi,19060,"19,060",exact_public,collected,https://www.linkedin.com/company/research-and-information-system-for-developing-countries,,,,count_not_found,https://www.instagram.com/risdelhi,,,,failed,https://www.facebook.com/RISIndia,2026-09-23T06:39:40.649Z
2026-09-23_06-40-20-315,2026-09-23,RIS,https://www.ris.org.in,1890,1.89K,rounded_public,collected,https://www.youtube.com/user/RISNewDelhi,,,,,,,,,,,,,,,,,,,,,2026-09-23T06:45:02.287Z
2026-09-23_06-47-02-001,2026-09-23,RIS,https://www.ris.org.in,,,,,,,,,,,19060,"19,060",exact_public,collected,https://www.linkedin.com/company/research-and-information-system-for-developing-countries,,,,,,,,,,,2026-09-23T06:47:41.104Z
2026-09-23_06-48-06-830,2026-09-23,RIS,https://www.ris.org.in,,,,,,,,,,,,,,,,,,,,,6180,"6,180",exact_public,collected,https://www.facebook.com/RISIndia,2026-09-23T06:52:30.562Z
2026-09-23_06-54-19-052,2026-09-23,RIS,https://www.ris.org.in,,,,,,,,,,,,,,,,745,745,exact_public,collected,https://www.instagram.com/risdelhi,,,,,,2026-09-23T06:59:50.939Z
2026-09-23_07-20-16-776,2026-09-23,RIS,https://www.ris.org.in,,,,count_not_found,https://www.youtube.com/user/RISNewDelhi,14725,14725,exact_public,collected,https://x.com/RIS_NewDelhi,,,,failed,https://www.linkedin.com/company/research-and-information-system-for-developing-countries,,,,count_not_found,https://www.instagram.com/risdelhi,,,,failed,https://www.facebook.com/RISIndia,2026-09-23T07:20:48.436Z
2026-09-23_07-21-36-963,2026-09-23,RIS,https://www.ris.org.in,,,,count_not_found,https://www.youtube.com/user/RISNewDelhi,14725,14725,exact_public,collected,https://x.com/RIS_NewDelhi,,,,failed,https://www.linkedin.com/company/research-and-information-system-for-developing-countries,,,,count_not_found,https://www.instagram.com/risdelhi,,,,failed,https://www.facebook.com/RISIndia,2026-09-23T07:22:07.573Z
2026-09-23_07-27-56-877,2026-09-23,RIS,https://www.ris.org.in,1890,1.89K,rounded_public,collected,https://www.youtube.com/user/RISNewDelhi,14725,14725,exact_public,collected,https://x.com/RIS_NewDelhi,19063,"19,063",exact_public,collected,https://www.linkedin.com/company/research-and-information-system-for-developing-countries,745,745,exact_public,collected,https://www.instagram.com/risdelhi,6180,"6,180",exact_public,collected,https://www.facebook.com/RISIndia,2026-09-23T07:42:15.722Z
2026-09-23_06-38-42-591,2026-09-23,RSIS,https://www.rsis.edu.sg,,,,count_not_found,https://www.youtube.com/user/rsisntu,14,14,exact_public,collected,https://x.com/rsis,,,,failed,https://www.linkedin.com/school/rsis-ntu,,,,count_not_found,https://www.instagram.com/rsis.ntu,,,,failed,https://www.facebook.com/rsissg,2026-09-23T06:38:47.181Z
2026-09-23_06-39-09-015,2026-09-23,RSIS,https://www.rsis.edu.sg,,,,count_not_found,https://www.youtube.com/user/rsisntu,14,14,exact_public,collected,https://x.com/rsis,,,,failed,https://www.linkedin.com/school/rsis-ntu,,,,count_not_found,https://www.instagram.com/rsis.ntu,,,,failed,https://www.facebook.com/rsissg,2026-09-23T06:39:48.414Z
2026-09-23_06-40-20-315,2026-09-23,RSIS,https://www.rsis.edu.sg,6580,6.58K,rounded_public,collected,https://www.youtube.com/user/rsisntu,,,,,,,,,,,,,,,,,,,,,2026-09-23T06:46:10.976Z
2026-09-23_06-47-02-001,2026-09-23,RSIS,https://www.rsis.edu.sg,,,,,,,,,,,,,,failed,https://www.linkedin.com/school/rsis-ntu,,,,,,,,,,,2026-09-23T06:47:51.840Z
2026-09-23_06-48-06-830,2026-09-23,RSIS,https://www.rsis.edu.sg,,,,,,,,,,,,,,,,,,,,,,,,count_not_found,https://www.facebook.com/rsissg,2026-09-23T06:53:38.121Z
2026-09-23_06-54-19-052,2026-09-23,RSIS,https://www.rsis.edu.sg,,,,,,,,,,,,,,,,,,,count_not_found,https://www.instagram.com/rsis.ntu,,,,,,2026-09-23T07:01:22.492Z
2026-09-23_07-20-16-776,2026-09-23,RSIS,https://www.rsis.edu.sg,,,,count_not_found,https://www.youtube.com/user/rsisntu,14,14,exact_public,collected,https://x.com/rsis,,,,failed,https://www.linkedin.com/school/rsis-ntu,,,,count_not_found,https://www.instagram.com/rsis.ntu,,,,failed,https://www.facebook.com/rsissg,2026-09-23T07:20:55.381Z
2026-09-23_07-21-36-963,2026-09-23,RSIS,https://www.rsis.edu.sg,,,,count_not_found,https://www.youtube.com/user/rsisntu,14,14,exact_public,collected,https://x.com/rsis,,,,failed,https://www.linkedin.com/school/rsis-ntu,,,,count_not_found,https://www.instagram.com/rsis.ntu,,,,failed,https://www.facebook.com/rsissg,2026-09-23T07:22:14.948Z
2026-09-23_07-27-56-877,2026-09-23,RSIS,https://www.rsis.edu.sg,6580,6.58K,rounded_public,collected,https://www.youtube.com/user/rsisntu,14,14,exact_public,collected,https://x.com/rsis,,,,count_not_found,https://www.linkedin.com/authwall?trk=gf&trkInfo=AQEi1pVt-XhjOgAAAaDNOlvI-AF6NdP4v9js1spC2eXbb5-hQVNQEoQGQ_V77ZBn3wMPpUOnkv5AdafURF7kqnIh2gKtmA_kqZkKAzCLiIzjzP2UTbh-KR6F_vaiVrOZeS1mcAk=&original_referer=&sessionRedirect=https%3A%2F%2Fwww.linkedin.com%2Fschool%2Frsis-ntu,,,,count_not_found,https://www.instagram.com/rsis.ntu,,,,count_not_found,https://www.facebook.com/rsissg,2026-09-23T07:45:46.760Z
2026-09-23_06-38-42-591,2026-09-23,RUSI,https://www.rusi.org,,,,count_not_found,https://www.youtube.com/user/RUSIONLINE,147006,147006,exact_public,collected,https://x.com/RUSI_org,64572,"64,572",exact_public,collected,https://www.linkedin.com/company/royal-united-services-institute,,,,count_not_found,https://www.instagram.com/rusi_org,,,,failed,https://www.facebook.com/RUSI.org,2026-09-23T06:38:42.697Z
2026-09-23_06-39-09-015,2026-09-23,RUSI,https://www.rusi.org,,,,count_not_found,https://www.youtube.com/user/RUSIONLINE,147007,147007,exact_public,collected,https://x.com/RUSI_org,64572,"64,572",exact_public,collected,https://www.linkedin.com/company/royal-united-services-institute,,,,count_not_found,https://www.instagram.com/rusi_org,,,,failed,https://www.facebook.com/RUSI.org,2026-09-23T06:39:44.615Z
2026-09-23_06-40-20-315,2026-09-23,RUSI,https://www.rusi.org,24600,24.6K,rounded_public,collected,https://www.youtube.com/user/RUSIONLINE,,,,,,,,,,,,,,,,,,,,,2026-09-23T06:45:41.016Z
2026-09-23_06-47-02-001,2026-09-23,RUSI,https://www.rusi.org,,,,,,,,,,,64572,"64,572",exact_public,collected,https://www.linkedin.com/company/royal-united-services-institute,,,,,,,,,,,2026-09-23T06:47:46.080Z
2026-09-23_06-48-06-830,2026-09-23,RUSI,https://www.rusi.org,,,,,,,,,,,,,,,,,,,,,35978,"35,978",exact_public,collected,https://www.facebook.com/RUSI.org,2026-09-23T06:52:59.765Z
2026-09-23_06-54-19-052,2026-09-23,RUSI,https://www.rusi.org,,,,,,,,,,,,,,,,4360,4360,exact_public,collected,https://www.instagram.com/rusi_org,,,,,,2026-09-23T07:00:34.891Z
2026-09-23_07-20-16-776,2026-09-23,RUSI,https://www.rusi.org,,,,count_not_found,https://www.youtube.com/user/RUSIONLINE,147008,147008,exact_public,collected,https://x.com/RUSI_org,,,,failed,https://www.linkedin.com/company/royal-united-services-institute,,,,count_not_found,https://www.instagram.com/rusi_org,,,,failed,https://www.facebook.com/RUSI.org,2026-09-23T07:20:51.540Z
2026-09-23_07-21-36-963,2026-09-23,RUSI,https://www.rusi.org,,,,count_not_found,https://www.youtube.com/user/RUSIONLINE,147008,147008,exact_public,collected,https://x.com/RUSI_org,64573,"64,573",exact_public,collected,https://www.linkedin.com/company/royal-united-services-institute,,,,count_not_found,https://www.instagram.com/rusi_org,,,,failed,https://www.facebook.com/RUSI.org,2026-09-23T07:22:11.240Z
2026-09-23_07-27-56-877,2026-09-23,RUSI,https://www.rusi.org,24600,24.6K,rounded_public,collected,https://www.youtube.com/user/RUSIONLINE,147010,147010,exact_public,collected,https://x.com/RUSI_org,64574,"64,574",exact_public,collected,https://www.linkedin.com/company/royal-united-services-institute,4361,4361,exact_public,collected,https://www.instagram.com/rusi_org,35978,"35,978",exact_public,collected,https://www.facebook.com/RUSI.org,2026-09-23T07:44:00.744Z
2026-09-23_06-39-09-015,2026-09-23,SAIIA (South African Institute of International Affairs),https://saiia.org.za,,,,count_not_found,https://www.youtube.com/saiiaclips,16204,16204,exact_public,collected,https://x.com/SAIIA_info,,,,count_not_found,https://www.linkedin.com/uas/login?session_redirect=%2Fcompany%2F1121142,,,,count_not_found,https://www.instagram.com/saiia_org,,,,failed,https://www.facebook.com/pages/South-African-Institute-of-International-Affairs/295535758902,2026-09-23T06:39:40.736Z
2026-09-23_06-40-20-315,2026-09-23,SAIIA (South African Institute of International Affairs),https://saiia.org.za,2300,2.3K,rounded_public,collected,https://www.youtube.com/saiiaclips,,,,,,,,,,,,,,,,,,,,,2026-09-23T06:45:05.366Z
2026-09-23_06-47-02-001,2026-09-23,SAIIA (South African Institute of International Affairs),https://saiia.org.za,,,,,,,,,,,,,,count_not_found,https://www.linkedin.com/uas/login?session_redirect=%2Fcompany%2F1121142,,,,,,,,,,,2026-09-23T06:47:41.275Z
2026-09-23_06-48-06-830,2026-09-23,SAIIA (South African Institute of International Affairs),https://saiia.org.za,,,,,,,,,,,,,,,,,,,,,12039,"12,039",exact_public,collected,https://www.facebook.com/saiia.info/,2026-09-23T06:52:32.506Z
2026-09-23_06-54-19-052,2026-09-23,SAIIA (South African Institute of International Affairs),https://saiia.org.za,,,,,,,,,,,,,,,,4499,4499,exact_public,collected,https://www.instagram.com/saiia_org,,,,,,2026-09-23T06:59:59.739Z
2026-09-23_07-20-16-776,2026-09-23,SAIIA (South African Institute of International Affairs),https://saiia.org.za,,,,count_not_found,https://www.youtube.com/saiiaclips,16204,16204,exact_public,collected,https://x.com/SAIIA_info,,,,count_not_found,https://www.linkedin.com/uas/login?session_redirect=%2Fcompany%2F1121142,,,,count_not_found,https://www.instagram.com/saiia_org,,,,failed,https://www.facebook.com/pages/South-African-Institute-of-International-Affairs/295535758902,2026-09-23T07:20:48.438Z
2026-09-23_07-21-36-963,2026-09-23,SAIIA (South African Institute of International Affairs),https://saiia.org.za,,,,count_not_found,https://www.youtube.com/saiiaclips,16204,16204,exact_public,collected,https://x.com/SAIIA_info,,,,failed,https://www.linkedin.com/company/1121142,,,,count_not_found,https://www.instagram.com/saiia_org,,,,failed,https://www.facebook.com/pages/South-African-Institute-of-International-Affairs/295535758902,2026-09-23T07:22:07.832Z
2026-09-23_07-27-56-877,2026-09-23,SAIIA (South African Institute of International Affairs),https://saiia.org.za,2300,2.3K,rounded_public,collected,https://www.youtube.com/saiiaclips,16204,16204,exact_public,collected,https://x.com/SAIIA_info,,,,count_not_found,https://www.linkedin.com/authwall?trk=bf&trkInfo=AQHGjrsiGX5ncwAAAaDNN2ngxUUJZJs-3QqVOrTKXXNIpXuCAry4KDhvFU9DSH4k6BXxBcUIkEjqGmscWD9q9ctow-lwSBSX8T9aaintViiFsTNjosEJ6KeuYq6p2PCJrOzgcQk=&original_referer=&sessionRedirect=https%3A%2F%2Fwww.linkedin.com%2Fcompany%2F1121142,4499,4499,exact_public,collected,https://www.instagram.com/saiia_org,12039,"12,039",exact_public,collected,https://www.facebook.com/saiia.info/,2026-09-23T07:42:32.597Z
2026-09-23_06-38-42-591,2026-09-23,SIIA,https://www.siiaonline.org,,,,,,1474,1474,exact_public,collected,https://x.com/siia_tweet,14933,"14,933",exact_public,collected,https://www.linkedin.com/company/singapore-institute-of-international-affairs,,,,count_not_found,https://www.instagram.com/siia_sg,,,,failed,https://www.facebook.com/think.siia,2026-09-23T06:38:48.168Z
2026-09-23_06-39-09-015,2026-09-23,SIIA,https://www.siiaonline.org,,,,,,1474,1474,exact_public,collected,https://x.com/siia_tweet,,,,failed,https://www.linkedin.com/company/singapore-institute-of-international-affairs,,,,count_not_found,https://www.instagram.com/siia_sg,,,,failed,https://www.facebook.com/think.siia,2026-09-23T06:39:49.584Z
2026-09-23_06-47-02-001,2026-09-23,SIIA,https://www.siiaonline.org,,,,,,,,,,,14933,"14,933",exact_public,collected,https://www.linkedin.com/company/singapore-institute-of-international-affairs,,,,,,,,,,,2026-09-23T06:47:52.793Z
2026-09-23_06-48-06-830,2026-09-23,SIIA,https://www.siiaonline.org,,,,,,,,,,,,,,,,,,,,,4651,"4,651",exact_public,collected,https://www.facebook.com/think.siia,2026-09-23T06:53:52.507Z
2026-09-23_06-54-19-052,2026-09-23,SIIA,https://www.siiaonline.org,,,,,,,,,,,,,,,,734,734,exact_public,collected,https://www.instagram.com/siia_sg,,,,,,2026-09-23T07:01:37.460Z
2026-09-23_07-20-16-776,2026-09-23,SIIA,https://www.siiaonline.org,,,,,,1474,1474,exact_public,collected,https://x.com/siia_tweet,,,,failed,https://www.linkedin.com/company/singapore-institute-of-international-affairs,,,,count_not_found,https://www.instagram.com/siia_sg,,,,failed,https://www.facebook.com/think.siia,2026-09-23T07:20:56.562Z
2026-09-23_07-21-36-963,2026-09-23,SIIA,https://www.siiaonline.org,,,,,,1474,1474,exact_public,collected,https://x.com/siia_tweet,14933,"14,933",exact_public,collected,https://www.linkedin.com/company/singapore-institute-of-international-affairs,,,,count_not_found,https://www.instagram.com/siia_sg,,,,failed,https://www.facebook.com/think.siia,2026-09-23T07:22:16.078Z
2026-09-23_07-27-56-877,2026-09-23,SIIA,https://www.siiaonline.org,,,,,,1474,1474,exact_public,collected,https://x.com/siia_tweet,14933,"14,933",exact_public,collected,https://www.linkedin.com/company/singapore-institute-of-international-affairs,734,734,exact_public,collected,https://www.instagram.com/siia_sg,4651,"4,651",exact_public,collected,https://www.facebook.com/think.siia,2026-09-23T07:46:19.017Z
2026-09-23_06-39-09-015,2026-09-23,SIPRI (Stockholm International Peace Research Institute),https://www.sipri.org,,,,count_not_found,https://www.youtube.com/user/SIPRIorg,104408,104408,exact_public,collected,https://x.com/SIPRIorg,52147,"52,147",exact_public,collected,https://www.linkedin.com/company/sipri,,,,count_not_found,https://www.instagram.com/sipriorg,,,,failed,https://www.facebook.com/sipri.org,2026-09-23T06:39:41.789Z
2026-09-23_06-40-20-315,2026-09-23,SIPRI (Stockholm International Peace Research Institute),https://www.sipri.org,9780,9.78K,rounded_public,collected,https://www.youtube.com/user/SIPRIorg,,,,,,,,,,,,,,,,,,,,,2026-09-23T06:45:11.286Z
2026-09-23_06-47-02-001,2026-09-23,SIPRI (Stockholm International Peace Research Institute),https://www.sipri.org,,,,,,,,,,,52147,"52,147",exact_public,collected,https://www.linkedin.com/company/sipri,,,,,,,,,,,2026-09-23T06:47:42.081Z
2026-09-23_06-48-06-830,2026-09-23,SIPRI (Stockholm International Peace Research Institute),https://www.sipri.org,,,,,,,,,,,,,,,,,,,,,30755,"30,755",exact_public,collected,https://www.facebook.com/sipri.org,2026-09-23T06:52:35.883Z
2026-09-23_06-54-19-052,2026-09-23,SIPRI (Stockholm International Peace Research Institute),https://www.sipri.org,,,,,,,,,,,,,,,,3888,3888,exact_public,collected,https://www.instagram.com/sipriorg,,,,,,2026-09-23T07:00:02.980Z
2026-09-23_07-20-16-776,2026-09-23,SIPRI (Stockholm International Peace Research Institute),https://www.sipri.org,,,,count_not_found,https://www.youtube.com/user/SIPRIorg,104412,104412,exact_public,collected,https://x.com/SIPRIorg,,,,failed,https://www.linkedin.com/company/sipri,,,,count_not_found,https://www.instagram.com/sipriorg,,,,failed,https://www.facebook.com/sipri.org,2026-09-23T07:20:48.882Z
2026-09-23_07-21-36-963,2026-09-23,SIPRI (Stockholm International Peace Research Institute),https://www.sipri.org,,,,count_not_found,https://www.youtube.com/user/SIPRIorg,104412,104412,exact_public,collected,https://x.com/SIPRIorg,52148,"52,148",exact_public,collected,https://www.linkedin.com/company/sipri,,,,count_not_found,https://www.instagram.com/sipriorg,,,,failed,https://www.facebook.com/sipri.org,2026-09-23T07:22:08.805Z
2026-09-23_07-27-56-877,2026-09-23,SIPRI (Stockholm International Peace Research Institute),https://www.sipri.org,9780,9.78K,rounded_public,collected,https://www.youtube.com/user/SIPRIorg,104412,104412,exact_public,collected,https://x.com/SIPRIorg,52148,"52,148",exact_public,collected,https://www.linkedin.com/company/sipri,3888,3888,exact_public,collected,https://www.instagram.com/sipriorg,30755,"30,755",exact_public,collected,https://www.facebook.com/sipri.org,2026-09-23T07:42:46.993Z
2026-09-23_06-39-09-015,2026-09-23,Stimson Centre,https://www.stimson.org,,,,count_not_found,https://www.youtube.com/channel/UCMzl-NrhN_SuBYJho4UEx9Q,,,,,,35869,"35,869",exact_public,collected,https://www.linkedin.com/company/the-henry-l.-stimson-center,,,,,,,,,,,2026-09-23T06:39:23.288Z
2026-09-23_06-40-20-315,2026-09-23,Stimson Centre,https://www.stimson.org,9630,9.63K,rounded_public,collected,https://www.youtube.com/channel/UCMzl-NrhN_SuBYJho4UEx9Q,,,,,,,,,,,,,,,,,,,,,2026-09-23T06:45:15.517Z
2026-09-23_06-47-02-001,2026-09-23,Stimson Centre,https://www.stimson.org,,,,,,,,,,,35870,"35,870",exact_public,collected,https://www.linkedin.com/company/the-henry-l.-stimson-center,,,,,,,,,,,2026-09-23T06:47:42.884Z
2026-09-23_07-20-16-776,2026-09-23,Stimson Centre,https://www.stimson.org,,,,count_not_found,https://www.youtube.com/channel/UCMzl-NrhN_SuBYJho4UEx9Q,,,,,,35871,"35,871",exact_public,collected,https://www.linkedin.com/company/the-henry-l.-stimson-center,,,,,,,,,,,2026-09-23T07:20:28.343Z
2026-09-23_07-21-36-963,2026-09-23,Stimson Centre,https://www.stimson.org,,,,count_not_found,https://www.youtube.com/channel/UCMzl-NrhN_SuBYJho4UEx9Q,,,,,,35871,"35,871",exact_public,collected,https://www.linkedin.com/company/the-henry-l.-stimson-center,,,,,,,,,,,2026-09-23T07:21:49.767Z
2026-09-23_07-27-56-877,2026-09-23,Stimson Centre,https://www.stimson.org,9630,9.63K,rounded_public,collected,https://www.youtube.com/channel/UCMzl-NrhN_SuBYJho4UEx9Q,,,,,,35872,"35,872",exact_public,collected,https://www.linkedin.com/company/the-henry-l.-stimson-center,,,,,,,,,,,2026-09-23T07:42:54.276Z
2026-09-23_06-39-09-015,2026-09-23,SWP (German Institute for International and Security Affairs),https://www.swp-berlin.org/en,,,,count_not_found,https://www.youtube.com/@SWP-Berlin,,,,,,32616,"32,616",exact_public,collected,https://www.linkedin.com/company/swp-berlin,,,,,,,,,,,2026-09-23T06:39:23.772Z
2026-09-23_06-40-20-315,2026-09-23,SWP (German Institute for International and Security Affairs),https://www.swp-berlin.org/en,546,546,exact_public,collected,https://www.youtube.com/@SWP-Berlin,,,,,,,,,,,,,,,,,,,,,2026-09-23T06:45:18.320Z
2026-09-23_06-47-02-001,2026-09-23,SWP (German Institute for International and Security Affairs),https://www.swp-berlin.org/en,,,,,,,,,,,32616,"32,616",exact_public,collected,https://www.linkedin.com/company/swp-berlin,,,,,,,,,,,2026-09-23T06:47:42.889Z
2026-09-23_07-20-16-776,2026-09-23,SWP (German Institute for International and Security Affairs),https://www.swp-berlin.org/en,,,,count_not_found,https://www.youtube.com/@SWP-Berlin,,,,,,,,,failed,https://www.linkedin.com/company/swp-berlin,,,,,,,,,,,2026-09-23T07:20:28.424Z
2026-09-23_07-21-36-963,2026-09-23,SWP (German Institute for International and Security Affairs),https://www.swp-berlin.org/en,,,,count_not_found,https://www.youtube.com/@SWP-Berlin,,,,,,,,,failed,https://www.linkedin.com/company/swp-berlin,,,,,,,,,,,2026-09-23T07:21:49.906Z
2026-09-23_07-27-56-877,2026-09-23,SWP (German Institute for International and Security Affairs),https://www.swp-berlin.org/en,546,546,exact_public,collected,https://www.youtube.com/@SWP-Berlin,,,,,,32619,"32,619",exact_public,collected,https://www.linkedin.com/company/swp-berlin,,,,,,,,,,,2026-09-23T07:43:00.167Z
2026-09-23_06-39-09-015,2026-09-23,Tax Foundation,https://taxfoundation.org,,,,count_not_found,https://www.youtube.com/user/TaxFoundation,69598,69598,exact_public,collected,https://x.com/taxfoundation,45238,"45,238",exact_public,collected,https://www.linkedin.com/company/tax-foundation,,,,count_not_found,https://www.instagram.com/tax.foundation,,,,failed,https://www.facebook.com/taxfoundation,2026-09-23T06:39:42.016Z
2026-09-23_06-40-20-315,2026-09-23,Tax Foundation,https://taxfoundation.org,10500,10.5K,rounded_public,collected,https://www.youtube.com/user/TaxFoundation,,,,,,,,,,,,,,,,,,,,,2026-09-23T06:45:18.335Z
2026-09-23_06-47-02-001,2026-09-23,Tax Foundation,https://taxfoundation.org,,,,,,,,,,,45239,"45,239",exact_public,collected,https://www.linkedin.com/company/tax-foundation,,,,,,,,,,,2026-09-23T06:47:43.679Z
2026-09-23_06-48-06-830,2026-09-23,Tax Foundation,https://taxfoundation.org,,,,,,,,,,,,,,,,,,,,,25820,"25,820",exact_public,collected,https://www.facebook.com/taxfoundation,2026-09-23T06:52:44.035Z
2026-09-23_06-54-19-052,2026-09-23,Tax Foundation,https://taxfoundation.org,,,,,,,,,,,,,,,,5257,5257,exact_public,collected,https://www.instagram.com/tax.foundation,,,,,,2026-09-23T07:00:11.508Z
2026-09-23_07-20-16-776,2026-09-23,Tax Foundation,https://taxfoundation.org,,,,count_not_found,https://www.youtube.com/user/TaxFoundation,69598,69598,exact_public,collected,https://x.com/taxfoundation,,,,failed,https://www.linkedin.com/company/tax-foundation,,,,count_not_found,https://www.instagram.com/tax.foundation,,,,failed,https://www.facebook.com/taxfoundation,2026-09-23T07:20:49.612Z
2026-09-23_07-21-36-963,2026-09-23,Tax Foundation,https://taxfoundation.org,,,,count_not_found,https://www.youtube.com/user/TaxFoundation,69598,69598,exact_public,collected,https://x.com/taxfoundation,45239,"45,239",exact_public,collected,https://www.linkedin.com/company/tax-foundation,,,,count_not_found,https://www.instagram.com/tax.foundation,,,,failed,https://www.facebook.com/taxfoundation,2026-09-23T07:22:08.977Z
2026-09-23_07-27-56-877,2026-09-23,Tax Foundation,https://taxfoundation.org,10500,10.5K,rounded_public,collected,https://www.youtube.com/user/TaxFoundation,69597,69597,exact_public,collected,https://x.com/taxfoundation,45239,"45,239",exact_public,collected,https://www.linkedin.com/company/tax-foundation,5257,5257,exact_public,collected,https://www.instagram.com/tax.foundation,25820,"25,820",exact_public,collected,https://www.facebook.com/taxfoundation,2026-09-23T07:43:04.123Z
2026-09-23_06-39-09-015,2026-09-23,The Energy and Resources Institute,https://www.teriin.org,,,,count_not_found,https://www.youtube.com/user/teri,25467,25467,exact_public,collected,https://x.com/teriin,143547,"143,547",exact_public,collected,https://www.linkedin.com/company/teriin,,,,count_not_found,https://www.instagram.com/teriindia,,,,failed,https://www.facebook.com/TERIIN,2026-09-23T06:39:42.049Z
2026-09-23_06-40-20-315,2026-09-23,The Energy and Resources Institute,https://www.teriin.org,85400,85.4K,rounded_public,collected,https://www.youtube.com/user/teri,,,,,,,,,,,,,,,,,,,,,2026-09-23T06:45:23.364Z
2026-09-23_06-47-02-001,2026-09-23,The Energy and Resources Institute,https://www.teriin.org,,,,,,,,,,,143547,"143,547",exact_public,collected,https://www.linkedin.com/company/teriin,,,,,,,,,,,2026-09-23T06:47:43.765Z
2026-09-23_06-48-06-830,2026-09-23,The Energy and Resources Institute,https://www.teriin.org,,,,,,,,,,,,,,,,,,,,,39621,"39,621",exact_public,collected,https://www.facebook.com/TERIIN,2026-09-23T06:52:46.580Z
2026-09-23_06-54-19-052,2026-09-23,The Energy and Resources Institute,https://www.teriin.org,,,,,,,,,,,,,,,,7918,7918,exact_public,collected,https://www.instagram.com/teriindia,,,,,,2026-09-23T07:00:14.761Z
2026-09-23_07-20-16-776,2026-09-23,The Energy and Resources Institute,https://www.teriin.org,,,,count_not_found,https://www.youtube.com/user/teri,25467,25467,exact_public,collected,https://x.com/teriin,143549,"143,549",exact_public,collected,https://www.linkedin.com/company/teriin,,,,count_not_found,https://www.instagram.com/teriindia,,,,failed,https://www.facebook.com/TERIIN,2026-09-23T07:20:49.727Z
2026-09-23_07-21-36-963,2026-09-23,The Energy and Resources Institute,https://www.teriin.org,,,,count_not_found,https://www.youtube.com/user/teri,25467,25467,exact_public,collected,https://x.com/teriin,143549,"143,549",exact_public,collected,https://www.linkedin.com/company/teriin,,,,count_not_found,https://www.instagram.com/teriindia,,,,failed,https://www.facebook.com/TERIIN,2026-09-23T07:22:09.436Z
2026-09-23_07-27-56-877,2026-09-23,The Energy and Resources Institute,https://www.teriin.org,85400,85.4K,rounded_public,collected,https://www.youtube.com/user/teri,25468,25468,exact_public,collected,https://x.com/teriin,143550,"143,550",exact_public,collected,https://www.linkedin.com/company/teriin,7919,7919,exact_public,collected,https://www.instagram.com/teriindia,39621,"39,621",exact_public,collected,https://www.facebook.com/TERIIN,2026-09-23T07:43:20.003Z
2026-09-23_06-39-09-015,2026-09-23,The Takshashila Institution,https://takshashila.org.in,,,,count_not_found,https://www.youtube.com/c/TakshashilaInst,15908,15908,exact_public,collected,https://x.com/TakshashilaInst,,,,,,,,,count_not_found,https://www.instagram.com/takshashilainst,,,,,,2026-09-23T06:39:43.296Z
2026-09-23_06-40-20-315,2026-09-23,The Takshashila Institution,https://takshashila.org.in,5460,5.46K,rounded_public,collected,https://www.youtube.com/c/TakshashilaInst,,,,,,,,,,,,,,,,,,,,,2026-09-23T06:45:25.616Z
2026-09-23_06-54-19-052,2026-09-23,The Takshashila Institution,https://takshashila.org.in,,,,,,,,,,,,,,,,5420,5420,exact_public,collected,https://www.instagram.com/takshashilainst,,,,,,2026-09-23T07:00:23.532Z
2026-09-23_07-20-16-776,2026-09-23,The Takshashila Institution,https://takshashila.org.in,,,,count_not_found,https://www.youtube.com/c/TakshashilaInst,15908,15908,exact_public,collected,https://x.com/TakshashilaInst,,,,,,,,,count_not_found,https://www.instagram.com/takshashilainst,,,,,,2026-09-23T07:20:50.238Z
2026-09-23_07-21-36-963,2026-09-23,The Takshashila Institution,https://takshashila.org.in,,,,count_not_found,https://www.youtube.com/c/TakshashilaInst,15908,15908,exact_public,collected,https://x.com/TakshashilaInst,,,,,,,,,count_not_found,https://www.instagram.com/takshashilainst,,,,,,2026-09-23T07:22:10.096Z
2026-09-23_07-27-56-877,2026-09-23,The Takshashila Institution,https://takshashila.org.in,5460,5.46K,rounded_public,collected,https://www.youtube.com/c/TakshashilaInst,15908,15908,exact_public,collected,https://x.com/TakshashilaInst,,,,,,5420,5420,exact_public,collected,https://www.instagram.com/takshashilainst,,,,,,2026-09-23T07:43:25.843Z
2026-09-23_06-39-09-015,2026-09-23,Urban Institute,https://www.urban.org,,,,count_not_found,https://www.youtube.com/channel/UCiODGs5uF-ZdoLTrRXlkv7g,,,,,,124365,"124,365",exact_public,collected,https://www.linkedin.com/company/urban-institute,,,,,,,,,,,2026-09-23T06:39:24.120Z
2026-09-23_06-40-20-315,2026-09-23,Urban Institute,https://www.urban.org,5470,5.47K,rounded_public,collected,https://www.youtube.com/channel/UCiODGs5uF-ZdoLTrRXlkv7g,,,,,,,,,,,,,,,,,,,,,2026-09-23T06:45:29.739Z
2026-09-23_06-47-02-001,2026-09-23,Urban Institute,https://www.urban.org,,,,,,,,,,,124365,"124,365",exact_public,collected,https://www.linkedin.com/company/urban-institute,,,,,,,,,,,2026-09-23T06:47:44.500Z
2026-09-23_07-20-16-776,2026-09-23,Urban Institute,https://www.urban.org,,,,count_not_found,https://www.youtube.com/channel/UCiODGs5uF-ZdoLTrRXlkv7g,,,,,,,,,failed,https://www.linkedin.com/company/the-urban-institute,,,,,,,,,,,2026-09-23T07:20:28.825Z
2026-09-23_07-21-36-963,2026-09-23,Urban Institute,https://www.urban.org,,,,count_not_found,https://www.youtube.com/channel/UCiODGs5uF-ZdoLTrRXlkv7g,,,,,,,,,failed,https://www.linkedin.com/company/the-urban-institute,,,,,,,,,,,2026-09-23T07:21:50.213Z
2026-09-23_07-27-56-877,2026-09-23,Urban Institute,https://www.urban.org,5470,5.47K,rounded_public,collected,https://www.youtube.com/channel/UCiODGs5uF-ZdoLTrRXlkv7g,,,,,,124365,"124,365",exact_public,collected,https://www.linkedin.com/company/urban-institute,,,,,,,,,,,2026-09-23T07:43:33.816Z
2026-09-23_06-39-09-015,2026-09-23,Washington Institute for Near East Policy,https://www.washingtoninstitute.org,,,,count_not_found,https://www.youtube.com/user/WashingtonInstitute,74040,74040,exact_public,collected,https://x.com/WashInstitute,27169,"27,169",exact_public,collected,https://www.linkedin.com/company/the-washington-institute-for-near-east-policy,,,,,,,,,failed,https://www.facebook.com/WashingtonInstitute,2026-09-23T06:39:43.348Z
2026-09-23_06-40-20-315,2026-09-23,Washington Institute for Near East Policy,https://www.washingtoninstitute.org,15900,15.9K,rounded_public,collected,https://www.youtube.com/user/WashingtonInstitute,,,,,,,,,,,,,,,,,,,,,2026-09-23T06:45:35.264Z
2026-09-23_06-47-02-001,2026-09-23,Washington Institute for Near East Policy,https://www.washingtoninstitute.org,,,,,,,,,,,27169,"27,169",exact_public,collected,https://www.linkedin.com/company/the-washington-institute-for-near-east-policy,,,,,,,,,,,2026-09-23T06:47:44.924Z
2026-09-23_06-48-06-830,2026-09-23,Washington Institute for Near East Policy,https://www.washingtoninstitute.org,,,,,,,,,,,,,,,,,,,,,38748,"38,748",exact_public,collected,https://www.facebook.com/WashingtonInstitute,2026-09-23T06:52:49.159Z
2026-09-23_07-20-16-776,2026-09-23,Washington Institute for Near East Policy,https://www.washingtoninstitute.org,,,,count_not_found,https://www.youtube.com/user/WashingtonInstitute,74040,74040,exact_public,collected,https://x.com/WashInstitute,,,,failed,https://www.linkedin.com/company/the-washington-institute-for-near-east-policy,,,,,,,,,failed,https://www.facebook.com/WashingtonInstitute,2026-09-23T07:20:50.588Z
2026-09-23_07-21-36-963,2026-09-23,Washington Institute for Near East Policy,https://www.washingtoninstitute.org,,,,count_not_found,https://www.youtube.com/user/WashingtonInstitute,74040,74040,exact_public,collected,https://x.com/WashInstitute,27169,"27,169",exact_public,collected,https://www.linkedin.com/company/the-washington-institute-for-near-east-policy,,,,,,,,,failed,https://www.facebook.com/WashingtonInstitute,2026-09-23T07:22:10.463Z
2026-09-23_07-27-56-877,2026-09-23,Washington Institute for Near East Policy,https://www.washingtoninstitute.org,15900,15.9K,rounded_public,collected,https://www.youtube.com/user/WashingtonInstitute,74040,74040,exact_public,collected,https://x.com/WashInstitute,27169,"27,169",exact_public,collected,https://www.linkedin.com/company/the-washington-institute-for-near-east-policy,,,,,,38748,"38,748",exact_public,collected,https://www.facebook.com/WashingtonInstitute,2026-09-23T07:43:39.905Z
2026-09-23_06-38-42-591,2026-09-23,Woodrow Wilson Center,https://www.wilsoncenter.org,,,,count_not_found,https://www.youtube.com/user/woodrowwilsoncenter,92730,92730,exact_public,collected,https://x.com/thewilsoncenter,63388,"63,388",exact_public,collected,https://www.linkedin.com/company/woodrow-wilson-international-center-for-scholars,,,,count_not_found,https://www.instagram.com/thewilsoncenter,,,,failed,https://www.facebook.com/woodrowwilsoncenter,2026-09-23T06:38:42.687Z
2026-09-23_06-39-09-015,2026-09-23,Woodrow Wilson Center,https://www.wilsoncenter.org,,,,count_not_found,https://www.youtube.com/user/woodrowwilsoncenter,92730,92730,exact_public,collected,https://x.com/thewilsoncenter,63388,"63,388",exact_public,collected,https://www.linkedin.com/company/woodrow-wilson-international-center-for-scholars,,,,count_not_found,https://www.instagram.com/thewilsoncenter,,,,failed,https://www.facebook.com/woodrowwilsoncenter,2026-09-23T06:39:43.420Z
2026-09-23_06-40-20-315,2026-09-23,Woodrow Wilson Center,https://www.wilsoncenter.org,103000,103K,rounded_public,collected,https://www.youtube.com/user/woodrowwilsoncenter,,,,,,,,,,,,,,,,,,,,,2026-09-23T06:45:37.657Z
2026-09-23_06-47-02-001,2026-09-23,Woodrow Wilson Center,https://www.wilsoncenter.org,,,,,,,,,,,63388,"63,388",exact_public,collected,https://www.linkedin.com/company/woodrow-wilson-international-center-for-scholars,,,,,,,,,,,2026-09-23T06:47:45.794Z
2026-09-23_06-48-06-830,2026-09-23,Woodrow Wilson Center,https://www.wilsoncenter.org,,,,,,,,,,,,,,,,,,,,,106956,"106,956",exact_public,collected,https://www.facebook.com/woodrowwilsoncenter,2026-09-23T06:52:56.788Z
2026-09-23_06-54-19-052,2026-09-23,Woodrow Wilson Center,https://www.wilsoncenter.org,,,,,,,,,,,,,,,,13840,13840,exact_public,collected,https://www.instagram.com/thewilsoncenter,,,,,,2026-09-23T07:00:26.766Z
2026-09-23_07-20-16-776,2026-09-23,Woodrow Wilson Center,https://www.wilsoncenter.org,,,,count_not_found,https://www.youtube.com/user/woodrowwilsoncenter,92729,92729,exact_public,collected,https://x.com/thewilsoncenter,,,,failed,https://www.linkedin.com/company/woodrow-wilson-international-center-for-scholars,,,,count_not_found,https://www.instagram.com/thewilsoncenter,,,,failed,https://www.facebook.com/woodrowwilsoncenter,2026-09-23T07:20:51.051Z
2026-09-23_07-21-36-963,2026-09-23,Woodrow Wilson Center,https://www.wilsoncenter.org,,,,count_not_found,https://www.youtube.com/user/woodrowwilsoncenter,92729,92729,exact_public,collected,https://x.com/thewilsoncenter,63388,"63,388",exact_public,collected,https://www.linkedin.com/company/woodrow-wilson-international-center-for-scholars,,,,count_not_found,https://www.instagram.com/thewilsoncenter,,,,failed,https://www.facebook.com/woodrowwilsoncenter,2026-09-23T07:22:10.802Z
2026-09-23_07-27-56-877,2026-09-23,Woodrow Wilson Center,https://www.wilsoncenter.org,103000,103K,rounded_public,collected,https://www.youtube.com/user/woodrowwilsoncenter,92730,92730,exact_public,collected,https://x.com/thewilsoncenter,63389,"63,389",exact_public,collected,https://www.linkedin.com/company/woodrow-wilson-international-center-for-scholars,13840,13840,exact_public,collected,https://www.instagram.com/thewilsoncenter,106955,"106,955",exact_public,collected,https://www.facebook.com/woodrowwilsoncenter,2026-09-23T07:43:49.442Z
